id_registro,id_mayorista
2,43
6,23
6,44
6,97
7,23
7,44
7,97
8,100
9,100
10,109
11,109
12,18
13,18
14,18
15,32
16,32
16,59
17,32
18,105
18,109
19,105
19,109
21,32
23,32
24,32
25,32
26,32
27,32
27,59
28,109
29,32
29,59
30,32
30,59
31,32
31,109
32,18
32,44
32,59
33,44
34,44
34,78
35,44
36,44
37,109
38,109
39,10
40,10
41,10
42,1
42,23
42,34
42,109
43,1
43,23
43,34
43,109
44,34
44,109
45,1
45,23
45,34
45,109
46,1
46,23
46,34
46,109
47,1
47,23
47,109
48,1
48,23
48,34
48,109
49,34
49,109
62,18
63,23
63,109
64,23
64,109
65,23
65,109
66,23
66,109
67,32
67,33
67,34
67,105
68,32
68,33
68,34
68,105
69,32
69,33
69,34
69,105
70,32
70,33
70,34
70,105
71,32
71,33
71,34
71,105
72,32
72,33
72,34
72,105
73,32
73,33
73,34
73,105
74,32
74,33
74,34
74,105
75,32
75,33
75,34
75,105
76,32
76,33
76,34
76,105
77,32
77,33
77,34
77,105
78,32
78,33
78,34
78,105
79,32
80,79
81,49
82,49
83,49
84,49
85,49
86,49
87,49
88,49
89,49
99,56
100,77
101,1
101,37
101,92
102,77
103,1
103,37
103,40
103,92
104,1
104,37
104,40
104,92
105,1
105,37
105,40
105,92
106,37
106,92
107,30
108,33
108,34
109,27
109,43
109,92
110,27
110,43
110,92
111,27
111,43
111,92
112,1
112,43
112,77
112,92
113,18
113,34
114,18
114,34
115,18
115,34
116,18
116,34
118,18
118,34
119,18
119,34
120,18
120,34
121,18
121,34
122,18
122,34
123,18
124,18
125,18
126,18
127,18
128,18
130,18
130,34
131,18
131,34
132,33
132,34
133,33
133,34
134,33
134,34
135,33
136,33
137,33
143,18
143,23
144,18
145,18
146,32
147,32
147,33
147,34
148,33
148,34
149,33
149,34
150,32
151,33
151,34
152,32
153,18
153,23
154,105
154,109
155,105
155,109
156,23
156,33
156,34
157,32
157,33
157,34
158,32
158,33
158,34
159,18
160,23
161,23
162,23
163,23
164,23
165,23
166,21
166,44
167,44
167,109
168,109
169,44
169,109
170,21
170,44
171,21
171,44
172,44
172,109
173,44
173,109
174,44
174,109
175,44
175,109
176,18
177,13
177,105
178,110
179,23
180,23
181,23
182,23
183,69
184,18
185,18
185,110
186,18
188,23
189,23
189,34
190,18
190,33
190,34
191,18
191,23
192,18
192,23
194,18
194,23
195,18
195,23
196,18
196,23
197,18
197,23
199,18
199,33
199,34
200,33
200,34
201,33
201,34
201,77
202,33
202,34
203,18
204,33
204,34
204,77
205,18
205,44
206,18
206,44
207,33
207,34
208,44
209,44
210,44
211,34
212,34
213,34
214,34
215,34
216,34
217,34
218,34
219,110
220,110
221,110
224,110
225,33
225,34
225,44
226,33
226,34
226,59
227,33
227,34
227,59
228,33
228,34
229,18
229,23
230,18
231,49
232,49
233,44
234,44
235,44
236,44
237,23
237,109
238,18
238,23
239,18
239,23
240,18
240,23
241,18
242,18
243,18
243,23
244,23
250,23
251,23
252,23
253,23
254,110
255,33
255,34
256,18
256,44
257,18
258,18
258,44
259,23
260,23
260,44
261,23
261,44
262,23
262,44
263,23
264,34
265,34
266,33
266,34
267,34
268,33
268,34
269,34
270,34
271,77
272,77
273,77
274,77
275,77
276,44
277,44
278,97
279,23
280,23
281,23
282,23
283,23
284,23
285,23
286,23
287,32
287,109
288,32
288,109
289,32
290,32
291,18
291,23
291,44
292,18
292,23
292,44
293,18
293,23
293,44
294,18
294,23
294,44
295,18
295,23
295,44
296,18
296,23
297,18
297,23
297,33
298,18
298,23
298,33
299,18
299,23
299,33
299,34
300,18
300,105
301,18
301,105
302,18
302,23
303,18
303,105
304,18
304,23
305,32
306,32
307,32
308,18
308,23
309,23
311,23
312,44
313,77
314,77
315,18
316,18
316,23
316,33
316,34
316,110
317,110
318,110
319,110
320,18
320,23
320,33
320,34
320,110
321,18
321,23
321,33
321,34
321,110
322,18
323,18
323,34
324,18
325,18
326,34
327,34
328,18
329,18
330,18
331,18
332,33
332,34
333,34
334,34
335,34
336,34
337,34
338,110
339,110
340,110
341,18
342,18
343,18
344,18
345,18
346,18
347,18
348,18
349,18
350,18
351,18
352,18
353,18
354,18
355,44
356,18
357,18
358,18
359,18
360,34
362,23
365,23
366,23
367,23
368,23
369,23
371,23
372,23
373,23
375,23
376,23
377,23
378,23
379,23
380,23
383,23
384,23
385,23
386,23
387,23
389,23
390,23
392,23
393,23
394,23
395,23
396,23
397,23
398,23
399,18
400,71
401,18
402,18
403,110
404,110
408,18
409,18
410,23
411,23
411,44
412,23
412,44
413,23
414,18
415,18
415,93
416,18
416,93
417,18
417,93
418,18
418,93
419,110
420,105
421,18
422,33
422,34
423,18
423,44
425,32
426,33
426,34
426,77
427,18
427,77
428,18
428,77
429,18
429,23
429,33
429,34
429,77
430,34
431,18
432,18
433,18
434,18
435,33
436,18
437,33
437,34
438,18
438,23
439,18
439,32
439,33
439,34
439,71
440,27
440,37
440,60
441,27
441,37
441,49
441,60
442,49
443,49
444,49
445,49
446,49
447,49
448,49
449,49
450,18
450,33
450,34
450,44
451,18
451,33
451,34
451,44
452,18
452,33
452,34
452,44
453,33
453,34
453,44
454,34
454,44
454,77
455,18
455,33
456,18
456,33
457,18
457,33
458,18
458,33
459,18
459,33
460,18
460,33
461,18
461,33
462,18
462,33
463,18
463,33
464,18
464,33
465,18
465,33
466,18
466,33
467,18
467,33
468,33
469,18
469,33
470,18
470,33
471,18
471,33
472,32
473,18
473,34
474,44
474,77
475,44
475,48
476,44
476,48
477,44
477,48
478,44
478,48
479,44
479,48
480,44
480,48
481,44
481,48
482,44
483,44
484,44
484,48
485,44
485,48
486,32
487,44
487,48
488,48
489,48
490,32
490,34
491,32
492,32
494,23
495,23
496,23
497,109
498,109
499,109
500,18
501,18
502,18
503,18
503,23
504,23
504,33
504,34
505,18
505,23
506,18
507,37
507,71
507,92
508,37
508,71
508,92
509,37
509,71
510,18
511,1
511,37
511,56
511,77
511,92
512,1
512,37
512,92
513,37
513,92
514,77
515,18
516,18
518,23
518,44
519,77
520,44
521,44
522,44
523,109
524,77
525,43
525,77
526,43
528,18
528,44
529,18
530,37
530,77
531,37
531,77
532,37
532,77
533,37
533,77
534,37
534,77
535,37
535,77
536,1
536,37
536,43
537,1
537,37
538,37
539,37
539,77
540,37
540,77
541,37
541,77
542,37
542,77
543,109
544,1
544,43
544,92
545,97
547,44
547,109
548,43
548,77
549,43
549,77
550,43
550,77
551,43
551,77
552,43
552,77
554,23
554,44
555,23
555,44
556,37
556,40
556,43
556,92
557,1
557,37
557,39
557,40
557,43
557,92
558,1
558,37
558,40
558,43
558,92
562,23
563,32
564,32
565,32
567,18
567,23
567,44
568,18
571,18
571,23
571,33
571,34
572,23
572,77
573,23
574,18
574,33
574,34
574,77
575,33
575,34
575,44
576,32
577,32
578,18
580,23
581,33
581,34
582,18
582,44
583,49
584,33
584,34
585,33
585,34
585,105
586,23
587,23
587,105
588,23
588,105
589,23
590,23
591,23
591,105
592,33
592,34
593,33
593,34
595,18
595,49
596,23
597,23
598,23
600,23
601,33
601,34
602,33
602,34
603,33
603,34
604,33
604,34
605,33
605,34
606,33
606,34
608,23
609,23
610,23
611,32
612,18
612,33
612,34
613,1
613,37
613,39
613,40
613,43
613,92
614,18
618,18
619,77
620,23
621,23
622,23
623,77
624,77
625,1
625,77
625,92
626,44
628,18
629,18
629,34
631,18
632,18
633,18
633,34
634,18
634,34
635,18
641,18
642,1
642,37
642,43
642,92
643,18
645,44
647,18
647,34
648,33
648,34
653,18
653,23
653,44
654,33
654,34
655,18
660,18
663,18
664,18
665,18
666,18
667,18
672,44
673,44
674,23
674,44
675,44
676,44
681,18
681,44
681,77
682,18
682,23
682,33
683,18
683,23
683,33
684,18
684,23
684,33
687,23
687,44
693,23
697,18
698,18
707,33
707,34
707,44
708,23
711,18
711,34
712,18
712,23
717,77
718,23
719,23
720,33
721,44
722,18
722,44
723,18
723,44
723,59
724,18
724,44
724,59
725,18
726,18
726,23
727,18
728,18
730,18
731,32
732,44
734,32
734,59
735,18
735,23
736,18
736,33
736,34
738,49
739,49
740,49
741,18
741,44
742,18
742,34
743,18
743,34
744,18
744,34
745,18
745,34
746,18
747,18
747,34
748,18
751,1
751,37
751,92
752,18
753,18
754,77
757,44
758,49
759,18
760,18
761,18
761,44
761,77
762,23
764,67
765,67
766,67
767,67
768,23
768,32
769,23
770,23
771,33
771,34
771,44
772,18
772,44
774,1
774,37
774,40
774,56
774,77
774,92
775,1
775,40
775,92
776,23
777,67
778,67
780,32
782,44
782,77
783,8
783,18
784,18
785,23
787,23
788,44
791,33
791,34
793,23
793,44
794,33
794,34
797,18
798,18
799,18
800,8
800,18
802,18
803,18
803,110
804,18
806,77
811,18
813,77
814,18
814,23
814,33
814,34
814,44
816,44
816,59
818,44
818,59
819,18
819,23
820,44
821,23
821,44
822,18
822,34
822,44
823,18
823,34
823,44
824,18
826,44
827,18
830,44
831,32
831,59
832,1
832,37
832,92
833,18
833,23
835,18
836,23
838,109
842,18
842,23
842,33
843,32
845,18
846,44
849,18
850,44
850,59
851,32
851,59
852,77
853,77
854,77
855,1
855,43
855,92
859,18
859,23
860,18
861,33
861,34
861,44
862,33
862,34
862,44
863,33
863,34
863,44
864,23
866,32
866,59
867,27
867,43
867,56
868,18
870,23
873,18
873,23
873,44
874,69
875,18
875,44
875,59
876,18
878,32
878,59
879,18
879,33
879,34
881,18
883,18
883,77
884,18
884,44
885,18
886,32
887,44
888,44
889,44
890,18
890,23
891,18
892,77
893,18
897,18
897,23
897,33
897,34
897,110
898,18
898,34
899,69
900,33
900,34
901,18
903,18
903,44
904,18
904,93
904,105
907,1
907,37
907,40
907,92
908,23
909,44
911,1
911,37
911,40
911,92
913,44
913,105
914,21
914,44
915,18
918,37
918,77
919,23
924,1
924,43
924,92
931,18
931,34
933,18
934,18
935,18
936,44
937,18
937,77
939,44
941,1
941,37
941,92
943,32
943,33
943,34
945,69
946,77
947,33
947,34
948,18
949,18
955,69
956,18
956,44
958,18
960,18
960,23
960,33
961,18
961,23
963,18
963,23
965,44
965,59
966,44
966,59
969,33
969,34
970,1
970,37
970,40
970,56
970,77
970,92
971,1
971,37
971,40
971,56
971,77
971,92
972,44
974,48
980,18
981,18
984,44
987,34
989,18
990,18
991,18
992,18
992,44
993,18
993,23
994,33
994,34
994,44
995,33
995,34
995,44
996,18
996,34
997,18
998,44
1001,18
1001,34
1002,18
1002,23
1003,23
1004,18
1004,23
1004,33
1004,34
1004,110
1005,18
1005,34
1008,18
1008,23
1011,18
1012,18
1016,18
1017,18
1020,18
1021,44
1021,59
1023,1
1023,5
1023,37
1023,40
1023,92
1026,18
1026,34
1027,18
1027,34
1029,44
1030,18
1030,23
1031,23
1032,44
1034,18
1035,32
1037,18
1037,23
1039,32
1043,18
1044,18
1045,18
1046,18
1046,33
1046,34
1046,44
1050,32
1051,49
1052,49
1053,49
1056,32
1056,44
1056,59
1057,32
1057,44
1057,59
1061,18
1061,23
1061,33
1061,34
1061,110
1062,18
1062,23
1062,33
1062,34
1062,110
1063,18
1063,23
1063,33
1063,34
1063,110
1064,18
1065,18
1067,43
1067,77
1070,32
1070,44
1070,59
1071,49
1073,23
1075,18
1075,44
1077,32
1081,32
1081,59
1084,23
1085,44
1086,77
1091,110
1100,33
1100,34
1101,32
1101,59
1102,34
1104,27
1104,43
1104,56
1104,92
1105,27
1105,43
1105,56
1105,92
1107,33
1107,34
1107,77
1111,33
1112,44
1113,33
1113,34
1116,44
1117,44
1118,33
1118,34
1118,44
1119,44
1120,32
1120,109
1121,34
1124,18
1124,23
1126,18
1126,44
1128,18
1129,77
1129,92
1130,18
1131,18
1132,18
1133,18
1134,18
1135,18
1136,18
1137,18
1137,44
1138,18
1138,44
1139,18
1140,18
1141,18
1142,18
1142,44
1143,18
1143,23
1144,18
1145,23
1146,18
1146,23
1147,18
1147,23
1148,18
1148,33
1148,34
1149,18
1149,93
1149,105
1152,49
1153,18
1153,23
1155,44
1156,27
1156,43
1157,27
1157,43
1158,44
1159,18
1160,18
1161,18
1162,18
1164,37
1164,40
1164,77
1164,85
1164,92
1165,37
1167,33
1167,34
1169,18
1169,23
1170,18
1170,23
1171,18
1171,23
1174,18
1174,23
1175,49
1176,32
1178,18
1179,10
1180,8
1180,18
1182,18
1182,33
1182,34
1186,67
1187,67
1188,18
1197,32
1198,49
1199,18
1200,18
1207,49
1211,33
1211,34
1211,44
1212,18
1212,34
1215,27
1215,43
1215,56
1215,92
1216,6
1217,109
1218,18
1219,44
1219,109
1223,77
1225,77
1226,77
1227,77
1228,77
1229,77
1230,77
1231,77
1232,32
1233,32
1234,32
1235,32
1236,32
1237,44
1238,44
1243,8
1243,23
1243,49
1243,77
1244,18
1244,23
1246,18
1246,23
1248,32
1249,32
1250,32
1251,32
1252,32
1253,32
1254,32
1255,32
1256,32
1257,32
1258,32
1260,32
1261,32
1262,32
1263,32
1264,18
1264,32
1265,32
1266,32
1267,32
1268,32
1270,32
1271,32
1272,32
1273,32
1274,32
1278,23
1280,23
1281,23
1282,23
1283,23
1284,23
1285,18
1286,44
1288,33
1289,18
1289,23
1292,44
1292,48
1293,44
1293,48
1294,18
1295,18
1296,18
1296,23
1297,23
1297,109
1300,32
1300,34
1301,18
1302,18
1303,18
1304,18
1306,32
1307,18
1307,23
1310,18
1311,18
1311,32
1312,18
1312,34
1313,32
1313,49
1313,71
1314,32
1314,49
1314,71
1315,44
1316,44
1317,18
1318,23
1318,44
1319,18
1320,18
1321,18
1326,44
1327,71
1328,18
1329,110
1330,23
1331,18
1331,34
1332,18
1332,34
1333,18
1333,34
1334,18
1334,33
1334,34
1335,18
1335,33
1335,34
1336,110
1337,44
1338,44
1339,23
1340,18
1341,18
1342,18
1344,34
1345,44
1345,48
1346,44
1346,48
1347,44
1347,48
1348,33
1348,34
1351,49
1352,34
1353,34
1354,34
1355,34
1355,49
1356,23
1356,77
1357,23
1358,23
1359,77
1360,32
1361,34
1361,49
1362,34
1362,49
1363,44
1364,44
1364,48
1365,69
1366,32
1367,18
1370,18
1370,77
1371,18
1371,33
1371,34
1371,44
1372,44
1373,44
1374,1
1374,92
1375,32
1375,59
1376,18
1376,77
1377,49
1378,23
1378,44
1380,18
1383,18
1385,33
1385,34
1387,33
1387,34
1387,44
1388,33
1388,34
1388,44
1389,44
1392,18
1392,23
1393,18
1393,23
1397,18
1397,34
1398,18
1400,23
1406,18
1406,33
1406,34
1407,18
1407,23
1408,18
1408,23
1409,34
1417,18
1418,18
1418,23
1419,18
1419,23
1420,18
1420,23
1423,18
1423,23
1425,8
1425,18
1425,23
1425,44
1426,8
1426,18
1426,23
1426,44
1427,44
1428,18
1428,34
1429,34
1430,34
1431,23
1432,18
1432,33
1432,34
1433,18
1433,33
1433,34
1434,18
1434,33
1434,34
1435,18
1435,34
1444,18
1444,34
1446,18
1446,34
1447,18
1450,18
1451,44
1452,49
1453,18
1454,18
1454,23
1455,8
1455,18
1455,23
1455,44
1456,32
1456,59
1457,18
1458,18
1458,34
1459,18
1459,34
1460,23
1461,18
1461,23
1462,32
1462,33
1462,34
1463,18
1467,49
1470,32
1470,33
1470,34
1475,18
1477,49
1482,18
1483,18
1483,23
1483,44
1483,93
1484,49
1485,34
1486,44
1487,18
1489,18
1490,32
1490,44
1490,59
1491,23
1495,18
1498,18
1499,32
1499,59
1500,32
1500,59
1501,32
1501,59
1502,32
1502,59
1503,32
1503,59
1504,18
1505,32
1505,59
1506,32
1506,59
1507,32
1507,59
1508,18
1508,34
1509,1
1509,37
1509,40
1509,56
1509,77
1509,92
1510,77
1511,77
1512,77
1513,77
1514,1
1514,37
1514,92
1515,37
1515,92
1516,43
1517,1
1517,77
1517,85
1517,92
1518,18
1521,32
1521,33
1521,34
1522,1
1522,37
1522,40
1522,77
1523,1
1523,37
1523,77
1523,92
1524,1
1524,77
1524,92
1525,18
1525,34
1526,18
1526,23
1527,18
1528,23
1529,23
1530,23
1531,23
1532,18
1533,18
1534,33
1534,34
1535,18
1535,23
1536,33
1536,34
1537,18
1537,33
1537,34
1538,18
1538,23
1538,34
1539,18
1539,23
1539,34
1540,18
1540,23
1540,34
1541,44
1542,44
1543,44
1543,109
1544,18
1544,23
1544,32
1545,18
1545,23
1545,32
1546,23
1548,44
1548,48
1549,44
1549,48
1550,44
1550,48
1551,44
1551,48
1552,18
1553,18
1554,18
1555,44
1556,109
1558,23
1559,44
1560,18
1560,44
1561,18
1561,44
1563,23
1564,23
1565,18
1566,44
1567,18
1567,44
1568,109
1569,32
1570,33
1570,34
1571,18
1572,18
1573,18
1574,18
1575,44
1576,69
1577,44
1578,18
1579,18
1580,18
1581,23
1582,23
1583,23
1584,43
1585,18
1585,23
1585,44
1586,18
1586,23
1586,44
1587,18
1587,23
1587,44
1588,1
1588,37
1588,39
1588,40
1588,43
1588,92
1589,32
1590,40
1590,43
1590,77
1591,23
1592,23
1593,23
1594,23
1595,34
1597,44
1598,18
1598,44
1599,32
1600,18
1601,23
1602,23
1603,18
1603,23
1605,18
1606,18
1607,18
1608,18
1609,18
1609,23
1609,34
1610,18
1610,23
1610,34
1611,18
1611,23
1611,34
1612,18
1612,23
1612,34
1613,18
1613,23
1613,34
1614,18
1614,44
1615,23
1616,23
1617,23
1618,18
1618,23
1619,77
1620,77
1621,77
1622,77
1623,44
1623,109
1624,44
1624,109
1625,44
1626,32
1627,32
1628,32
1629,32
1630,23
1630,49
1631,23
1634,33
1634,34
1635,33
1635,34
1636,18
1637,23
1638,18
1638,23
1639,18
1639,44
1640,32
1640,109
1641,32
1641,109
1642,110
1643,110
1644,23
1645,33
1645,34
1646,33
1646,34
1647,18
1647,44
1648,18
1648,23
1648,33
1648,34
1649,18
1649,23
1649,33
1649,34
1650,18
1650,23
1650,33
1650,34
1651,49
1652,18
1654,27
1654,43
1655,23
1655,33
1655,34
1655,49
1656,23
1656,44
1657,23
1657,44
1658,23
1658,44
1659,23
1659,44
1660,18
1661,33
1661,34
1662,18
1662,23
1662,32
1663,23
1664,32
1664,69
1665,32
1665,69
1666,32
1668,9
1669,18
1669,44
1670,18
1670,23
1671,18
1671,23
1672,18
1672,23
1673,18
1673,33
1673,34
1674,18
1674,33
1674,34
1675,18
1675,33
1675,34
1676,18
1676,33
1676,34
1677,18
1677,33
1677,34
1678,18
1678,33
1678,34
1679,18
1679,33
1679,34
1680,23
1681,33
1681,34
1682,34
1683,18
1683,77
1684,44
1685,33
1685,34
1686,27
1686,43
1687,23
1688,23
1689,18
1689,33
1689,34
1689,44
1690,18
1691,110
1692,110
1693,18
1694,18
1695,18
1696,18
1697,18
1697,34
1698,32
1699,1
1699,37
1699,92
1700,18
1700,49
1701,44
1702,33
1702,34
1702,77
1703,18
1703,44
1704,49
1705,49
1706,49
1707,18
1707,23
1708,23
1710,18
1710,23
1711,23
1712,32
1713,23
1714,23
1715,23
1716,23
1717,23
1718,23
1719,23
1720,23
1722,32
1723,32
1724,32
1725,32
1726,32
1727,32
1728,33
1728,34
1729,18
1730,32
1731,18
1735,33
1735,34
1737,18
1738,21
1739,32
1739,109
1740,32
1740,109
1741,49
1742,18
1743,110
1744,110
1745,110
1746,18
1746,23
1746,44
1747,33
1747,34
1748,109
1749,23
1750,23
1751,23
1752,69
1753,18
1754,18
1754,23
1754,34
1755,18
1756,18
1759,1
1759,43
1759,92
1760,44
1761,44
1762,44
1763,32
1764,18
1764,33
1764,34
1765,23
1766,44
1768,18
1768,34
1769,33
1770,18
1771,18
1772,18
1773,18
1774,33
1774,34
1775,33
1775,34
1777,33
1777,34
1778,18
1778,44
1778,59
1779,33
1779,34
1779,44
1783,44
1784,44
1785,44
1786,23
1787,44
1788,44
1788,109
1789,18
1789,33
1789,34
1790,18
1791,23
1792,23
1793,18
1793,23
1793,32
1794,95
1795,49
1796,23
1796,40
1797,49
1798,18
1799,32
1801,23
1802,110
1807,23
1808,23
1809,33
1809,34
1810,33
1810,34
1811,33
1811,34
1813,59
1814,49
1815,18
1816,23
1817,23
1818,23
1819,33
1819,34
1820,1
1820,43
1820,92
1821,1
1821,43
1821,92
1822,1
1822,43
1822,92
1823,1
1823,43
1823,92
1824,1
1824,43
1824,92
1825,1
1825,43
1825,92
1826,33
1826,34
1828,44
1828,77
1829,44
1829,77
1830,44
1831,23
1832,23
1833,23
1834,23
1835,23
1836,23
1837,23
1838,23
1839,23
1840,23
1841,23
1842,23
1843,23
1844,18
1845,49
1846,110
1847,110
1848,110
1849,110
1850,110
1851,23
1852,23
1853,34
1853,44
1853,77
1854,32
1855,32
1855,77
1856,10
1857,18
1857,33
1857,34
1857,44
1858,18
1858,23
1859,23
1860,18
1861,18
1862,59
1863,77
1864,77
1865,77
1866,77
1867,77
1868,32
1868,59
1869,32
1869,59
1870,32
1870,59
1871,18
1872,18
1872,33
1872,34
1873,18
1873,33
1873,34
1874,18
1874,33
1874,44
1875,18
1875,33
1875,34
1882,59
1883,23
1884,23
1884,33
1884,34
1886,110
1887,110
1888,33
1890,33
1891,33
1892,44
1893,49
1894,18
1895,18
1896,18
1897,18
1898,18
1905,69
1906,18
1906,44
1906,109
1907,18
1907,44
1908,18
1908,44
1909,18
1909,44
1910,95
1911,109
1912,18
1913,18
1913,44
1913,46
1914,32
1914,109
1915,95
1916,18
1918,95
1919,95
1920,95
1921,95
1923,32
1923,69
1924,32
1924,69
1925,95
1926,95
1927,95
1928,33
1928,34
1929,44
1930,18
1936,23
1937,23
1938,23
1939,23
1940,23
1941,32
1942,32
1942,44
1943,18
1943,44
1944,18
1944,44
1945,60
1946,18
1947,109
1948,109
1950,33
1950,34
1951,33
1951,34
1952,18
1953,18
1957,18
1958,95
1959,18
1959,44
1959,59
1960,18
1961,44
1961,109
1962,44
1962,109
1963,37
1963,40
1963,77
1963,92
1965,77
1966,77
1967,77
1968,18
1968,33
1968,34
1968,44
1969,18
1969,23
1969,33
1969,34
1969,44
1969,77
1970,18
1970,23
1970,33
1970,34
1970,44
1970,77
1971,18
1971,23
1971,33
1971,34
1971,44
1971,77
1972,18
1972,23
1972,33
1972,44
1973,18
1973,23
1973,33
1973,44
1974,18
1974,44
1975,18
1975,44
1976,18
1976,44
1977,18
1977,23
1977,33
1977,44
1978,18
1978,23
1978,33
1978,44
1979,18
1979,23
1979,33
1979,44
1980,23
1980,43
1980,92
1981,23
1982,18
1982,23
1983,32
1984,32
1985,32
1986,18
1986,34
1987,23
1988,23
1989,18
1990,18
1991,23
1992,23
1993,23
1994,18
1994,23
1994,33
1994,34
1994,44
1994,77
1995,18
1995,23
1996,18
1996,23
1997,18
1997,23
1998,18
1998,23
1999,23
1999,44
2000,18
2000,33
2000,34
2001,18
2001,23
2001,33
2001,44
2002,18
2002,34
2002,44
2003,18
2003,23
2004,18
2004,23
2005,18
2005,23
2006,18
2006,33
2006,34
2007,23
2007,44
2008,18
2008,23
2009,18
2009,23
2011,18
2012,18
2013,18
2014,18
2014,77
2015,18
2015,23
2016,18
2016,23
2017,18
2017,23
2018,18
2019,16
2020,44
2021,18
2022,23
2023,23
2024,23
2025,23
2026,23
2027,23
2029,18
2029,44
2030,18
2032,23
2033,23
2034,18
2034,23
2035,109
2036,69
2037,69
2038,69
2039,69
2040,13
2041,13
2042,13
2043,23
2044,18
2045,33
2045,34
2046,23
2047,59
2048,18
2049,43
2050,21
2051,33
2051,34
2053,30
2053,44
2053,92
2054,59
2055,59
2056,1
2056,40
2056,43
2056,92
2057,1
2057,40
2057,43
2057,92
2058,1
2058,40
2058,43
2058,92
2059,1
2059,40
2059,43
2059,92
2060,23
2061,59
2062,49
2062,109
2063,49
2063,109
2064,49
2064,109
2065,18
2065,44
2066,18
2067,69
2068,69
2069,69
2070,69
2071,69
2072,69
2073,44
2073,48
2074,44
2074,48
2075,69
2076,69
2077,18
2078,18
2079,110
2080,44
2081,18
2081,32
2081,44
2082,18
2082,32
2082,44
2083,18
2083,32
2083,44
2084,18
2084,32
2084,44
2085,44
2086,18
2086,32
2086,44
2087,18
2087,32
2087,44
2088,18
2088,32
2088,44
2089,18
2089,32
2089,44
2090,18
2090,32
2090,44
2091,18
2091,32
2091,44
2092,18
2092,32
2092,44
2093,18
2093,32
2093,44
2094,12
2095,43
2095,77
2096,43
2096,77
2097,43
2097,77
2098,43
2098,77
2099,44
2100,43
2101,59
2102,44
2103,110
2104,18
2104,23
2104,32
2105,59
2107,23
2107,33
2107,34
2108,44
2109,33
2109,34
2109,44
2110,18
2110,109
2111,18
2112,49
2113,49
2114,23
2115,23
2116,110
2117,33
2117,34
2118,95
2119,18
2120,18
2121,59
2122,1
2122,37
2122,39
2122,40
2122,43
2122,92
2123,59
2124,9
2125,23
2126,1
2126,37
2126,92
2127,1
2127,37
2127,92
2128,1
2128,37
2128,92
2129,33
2129,34
2130,69
2131,23
2132,105
2133,105
2136,105
2137,105
2138,33
2138,34
2139,33
2139,34
2140,23
2141,18
2142,32
2143,109
2144,23
2145,18
2145,23
2146,32
2146,69
2147,32
2147,69
2148,32
2148,33
2148,34
2148,105
2149,32
2149,33
2149,34
2149,105
2150,32
2150,33
2150,34
2150,105
2151,33
2151,34
2151,105
2152,32
2152,33
2152,34
2152,105
2153,32
2153,33
2153,34
2153,105
2154,32
2154,33
2154,34
2154,105
2155,32
2155,33
2155,34
2155,105
2156,44
2157,18
2158,18
2159,18
2160,18
2161,69
2162,37
2162,40
2162,43
2162,92
2163,44
2164,44
2165,44
2166,23
2167,18
2167,23
2168,32
2168,33
2168,34
2168,44
2169,32
2169,33
2169,34
2169,44
2170,32
2170,33
2170,34
2170,44
2171,77
2172,77
2173,77
2174,77
2175,77
2176,77
2177,77
2178,77
2179,109
2180,23
2181,18
2182,18
2183,109
2184,110
2185,18
2186,23
2187,18
2188,8
2189,8
2190,69
2191,69
2192,33
2192,34
2193,49
2194,109
2195,23
2195,44
2195,97
2196,109
2197,109
2198,18
2199,23
2200,23
2201,23
2202,59
2203,44
2204,37
2204,77
2205,8
2205,49
2205,69
2206,8
2206,49
2206,69
2207,8
2207,49
2207,69
2208,18
2208,23
2209,18
2209,23
2210,44
2211,44
2212,32
2212,69
2213,33
2213,34
2213,44
2214,18
2215,23
2216,23
2217,23
2218,44
2218,48
2219,95
2220,95
2221,18
2221,33
2221,34
2221,44
2222,18
2222,23
2223,23
2224,33
2224,34
2225,63
2225,77
2226,18
2227,44
2228,44
2229,18
2229,77
2230,77
2231,77
2232,18
2233,18
2234,77
2235,77
2236,77
2237,77
2238,77
2239,77
2240,77
2241,77
2242,23
2244,110
2245,18
2246,18
2247,18
2248,18
2249,23
2250,18
2250,23
2250,34
2251,18
2251,23
2252,23
2253,23
2260,18
2261,18
2262,18
2262,23
2262,33
2262,34
2262,44
2262,77
2263,18
2265,8
2266,44
2267,44
2267,48
2268,44
2268,48
2269,44
2269,48
2270,44
2270,48
2271,43
2272,43
2273,43
2274,43
2275,44
2276,69
2277,69
2278,69
2279,69
2280,69
2281,69
2282,23
2283,69
2284,49
2284,69
2285,109
2286,18
2286,33
2286,34
2286,44
2287,43
2287,92
2288,109
2289,109
2290,18
2290,23
2291,33
2291,34
2292,18
2292,23
2292,33
2292,34
2293,18
2293,23
2293,33
2293,34
2294,18
2294,23
2294,33
2294,34
2295,23
2296,23
2296,33
2296,34
2298,18
2299,18
2300,18
2301,18
2302,49
2303,49
2304,16
2305,23
2306,23
2307,10
2308,32
2308,69
2309,77
2310,109
2311,105
2312,44
2313,1
2313,56
2313,77
2313,92
2317,18
2318,18
2319,69
2320,69
2321,69
2322,69
2323,69
2324,95
2325,95
2326,92
2327,8
2328,44
2329,44
2330,69
2331,69
2332,69
2333,69
2334,32
2335,32
2339,109
2340,109
2341,18
2341,34
2342,109
2343,69
2344,33
2344,34
2345,95
2346,18
2346,44
2346,59
2347,18
2347,44
2347,59
2348,77
2349,23
2350,18
2351,18
2352,44
2352,109
2353,44
2353,109
2354,18
2355,18
2356,18
2356,109
2357,69
2358,69
2359,69
2360,44
2360,59
2361,44
2361,59
2362,44
2362,59
2363,44
2363,59
2364,44
2364,59
2365,21
2366,18
2367,110
2368,23
2369,18
2370,18
2371,110
2372,33
2372,34
2373,32
2374,44
2375,37
2375,40
2375,77
2377,44
2378,32
2378,109
2379,23
2381,69
2382,69
2383,69
2384,69
2385,69
2386,69
2387,18
2388,18
2388,93
2389,10
2390,18
2391,18
2392,44
2393,110
2395,44
2395,77
2396,44
2396,77
2397,109
2398,109
2399,110
2400,18
2401,18
2401,23
2401,44
2403,32
2404,18
2405,77
2405,92
2406,44
2407,33
2407,34
2407,77
2408,8
2408,77
2409,18
2410,33
2410,34
2410,59
2411,33
2411,34
2411,59
2412,63
2413,63
2414,18
2415,69
2416,69
2417,8
2417,18
2418,18
2418,32
2419,32
2420,18
2420,23
2421,44
2422,44
2423,44
2424,44
2425,44
2426,44
2427,44
2428,44
2429,44
2430,44
2431,21
2432,32
2433,32
2434,32
2435,32
2436,40
2436,77
2437,40
2437,77
2438,32
2439,45
2439,71
2440,45
2440,71
2441,110
2442,18
2443,32
2446,23
2447,45
2447,71
2448,110
2449,69
2450,69
2451,69
2452,33
2452,34
2453,18
2453,23
2455,92
2456,33
2456,34
2456,77
2457,49
2457,109
2458,49
2458,109
2459,49
2459,109
2460,49
2460,109
2461,23
2461,32
2462,18
2463,18
2464,18
2465,18
2466,18
2466,33
2466,34
2467,23
2468,23
2469,23
2470,49
2471,69
2472,69
2473,23
2474,8
2474,18
2475,8
2475,18
2476,18
2477,18
2477,33
2477,34
2477,44
2478,109
2479,32
2480,23
2481,32
2482,77
2483,77
2484,18
2485,18
2485,23
2485,44
2486,109
2487,33
2487,34
2488,1
2488,37
2488,85
2488,92
2490,69
2491,23
2492,69
2493,23
2493,44
2494,23
2494,44
2495,23
2495,44
2496,23
2496,44
2497,23
2497,44
2498,23
2498,44
2499,23
2499,44
2500,23
2500,44
2501,18
2502,18
2503,23
2504,23
2505,18
2506,110
2507,18
2508,18
2509,110
2510,110
2511,109
2512,109
2513,109
2514,109
2515,109
2516,18
2516,44
2517,18
2518,109
2519,109
2520,18
2521,18
2522,10
2523,10
2524,105
2524,109
2525,105
2525,109
2526,23
2526,33
2526,34
2528,10
2528,32
2529,18
2529,33
2529,34
2529,44
2530,18
2530,23
2530,44
2531,40
2531,77
2532,33
2533,33
2533,34
2534,18
2535,32
2536,18
2536,23
2536,33
2537,23
2538,1
2538,43
2538,92
2539,71
2540,23
2540,44
2542,10
2543,44
2544,18
2545,63
2546,63
2547,21
2548,18
2548,23
2549,18
2549,23
2550,18
2550,23
2551,18
2551,23
2552,18
2552,23
2553,23
2554,33
2554,34
2555,33
2555,34
2556,33
2556,34
2557,33
2557,34
2558,33
2558,34
2559,18
2559,33
2559,34
2560,32
2561,23
2562,12
2563,18
2564,63
2566,18
2566,23
2567,18
2570,23
2571,23
2572,49
2573,49
2574,44
2575,18
2575,33
2575,34
2576,18
2576,33
2576,34
2577,33
2577,34
2579,18
2580,23
2581,18
2582,23
2583,1
2583,92
2584,18
2585,1
2585,37
2585,92
2586,21
2587,18
2587,23
2587,32
2588,18
2588,23
2588,32
2589,110
2590,33
2590,34
2591,33
2591,34
2592,18
2592,44
2593,18
2593,44
2594,18
2594,44
2595,18
2595,44
2596,44
2597,18
2597,33
2597,34
2597,44
2597,77
2598,18
2598,44
2599,18
2599,44
2600,18
2600,33
2600,34
2600,44
2600,77
2601,18
2601,44
2602,18
2603,18
2603,33
2603,44
2604,18
2604,44
2605,18
2605,44
2606,18
2606,44
2607,18
2607,44
2608,18
2608,44
2609,18
2609,44
2610,18
2610,44
2611,44
2612,44
2613,44
2614,18
2614,44
2615,18
2615,44
2616,18
2616,44
2617,18
2617,44
2618,18
2619,109
2620,32
2620,109
2621,32
2621,109
2622,109
2623,109
2624,109
2625,109
2626,18
2626,32
2626,44
2626,59
2627,109
2628,109
2629,32
2629,69
2629,109
2630,32
2630,109
2631,32
2631,109
2632,95
2633,109
2634,109
2635,18
2635,32
2635,33
2635,34
2636,110
2637,23
2638,23
2638,110
2639,18
2640,95
2641,109
2642,109
2643,18
2644,18
2644,77
2645,18
2645,23
2646,18
2646,23
2647,18
2647,23
2648,44
2649,32
2650,110
2651,110
2652,95
2653,95
2654,34
2655,40
2655,43
2655,77
2656,95
2660,18
2661,44
2662,49
2662,59
2663,49
2663,59
2664,49
2665,49
2666,18
2666,23
2667,18
2667,44
2668,18
2668,23
2669,110
2670,18
2671,18
2672,18
2673,18
2674,18
2675,18
2676,18
2681,110
2682,110
2683,110
2684,110
2685,77
2686,32
2686,109
2687,44
2688,18
2688,23
2688,44
2689,18
2689,33
2690,18
2691,109
2692,109
2693,109
2698,18
2699,18
2700,18
2700,44
2701,32
2701,69
2702,26
2703,95
2704,18
2704,44
2704,59
2705,18
2705,44
2705,59
2706,18
2706,44
2706,59
2707,18
2707,44
2707,59
2708,18
2708,44
2708,59
2709,18
2709,44
2709,59
2710,18
2710,44
2710,59
2711,18
2711,44
2711,59
2713,23
2714,23
2715,69
2716,69
2717,69
2718,69
2719,69
2720,69
2721,105
2721,109
2722,18
2723,37
2723,77
2723,92
2724,18
2726,110
2727,110
2728,110
2729,110
2730,110
2731,49
2732,29
2732,77
2733,110
2734,110
2735,18
2735,44
2736,18
2736,44
2737,18
2737,44
2738,18
2738,44
2739,110
2740,110
2741,110
2742,32
2743,32
2744,32
2745,32
2746,33
2746,34
2747,33
2747,34
2748,33
2748,34
2749,18
2750,33
2750,34
2751,110
2752,18
2753,18
2755,69
2756,18
2756,44
2756,109
2757,18
2757,44
2758,18
2759,32
2760,18
2760,23
2760,34
2761,33
2761,34
2762,16
2763,18
2764,109
2765,44
2765,109
2766,23
2767,18
2767,23
2767,32
2768,37
2768,92
2769,18
2769,23
2769,34
2769,44
2770,18
2770,23
2770,34
2770,44
2771,18
2771,23
2771,34
2771,44
2772,18
2772,44
2773,18
2773,44
2774,16
2775,23
2776,23
2777,71
2777,92
2778,23
2779,23
2780,23
2781,23
2782,110
2783,32
2784,32
2785,18
2785,23
2785,34
2785,44
2786,109
2787,109
2788,37
2788,39
2788,40
2788,43
2788,77
2788,92
2789,37
2789,39
2789,40
2789,43
2789,77
2789,92
2790,37
2790,40
2790,43
2790,77
2791,27
2791,37
2791,40
2791,43
2792,18
2792,23
2793,37
2793,56
2793,77
2793,92
2794,77
2795,33
2795,34
2796,33
2796,34
2797,33
2797,34
2798,33
2798,34
2801,37
2801,40
2801,43
2801,77
2802,23
2803,23
2803,49
2804,109
2805,18
2806,18
2807,18
2808,32
2809,18
2810,95
2811,43
2812,18
2813,18
2813,23
2814,18
2814,23
2815,109
2816,23
2816,44
2817,69
2818,69
2819,92
2820,23
2821,18
2821,44
2821,59
2822,18
2822,44
2822,59
2823,44
2824,44
2825,32
2825,33
2825,34
2826,44
2826,77
2827,44
2827,77
2828,44
2828,77
2829,23
2830,23
2831,1
2831,37
2831,39
2831,40
2831,43
2831,92
2832,69
2833,69
2834,18
2835,110
2836,33
2837,23
2837,44
2838,23
2838,44
2839,23
2839,44
2840,23
2840,44
2841,23
2841,44
2842,23
2842,44
2843,23
2843,44
2844,23
2844,44
2845,44
2846,77
2847,18
2848,33
2848,34
2849,18
2849,23
2852,110
2853,44
2854,44
2855,44
2856,43
2857,43
2858,43
2859,18
2860,18
2861,18
2862,18
2863,18
2864,18
2865,18
2866,18
2867,18
2868,18
2869,109
2870,18
2871,18
2872,23
2873,23
2874,23
2875,18
2875,44
2875,59
2876,18
2876,44
2876,59
2877,18
2878,18
2879,18
2880,18
2881,8
2882,8
2883,8
2884,8
2885,18
2885,23
2886,18
2886,23
2887,18
2887,23
2887,33
2888,18
2888,23
2889,18
2889,23
2890,18
2890,23
2891,18
2891,23
2892,18
2892,23
2893,18
2893,23
2894,18
2894,23
2895,18
2895,23
2896,18
2897,23
2897,33
2897,34
2898,110
2899,110
2900,110
2901,110
2902,110
2903,110
2904,110
2905,18
2905,33
2905,34
2905,44
2906,69
2907,69
2908,69
2909,6
2910,69
2911,69
2913,18
2914,110
2915,32
2916,23
2917,18
2917,23
2917,44
2918,8
2919,18
2920,110
2921,109
2922,32
2923,18
2924,18
2926,18
2926,34
2927,105
2927,109
2928,105
2928,109
2929,23
2930,109
2931,32
2932,32
2933,18
2934,18
2934,44
2934,59
2935,18
2935,44
2935,59
2936,69
2937,23
2938,95
2939,69
2940,69
2941,23
2941,44
2942,23
2942,44
2943,23
2943,44
2944,23
2944,44
2945,23
2945,44
2946,23
2946,44
2947,23
2947,44
2948,23
2948,44
2949,23
2949,44
2950,49
2951,49
2952,49
2953,49
2955,23
2955,33
2955,34
2956,23
2956,33
2956,34
2957,78
2958,18
2959,18
2959,44
2960,18
2961,33
2961,34
2961,77
2962,18
2963,109
2964,18
2965,18
2966,23
2966,49
2967,109
2968,95
2969,23
2970,33
2970,34
2971,33
2971,34
2972,23
2973,9
2974,23
2975,23
2977,58
2978,58
2979,58
2980,58
2981,58
2982,58
2983,58
2984,58
2985,58
2986,58
2987,58
2988,58
2989,58
2990,58
2991,58
2992,58
2993,58
2994,58
2995,58
2996,58
2997,58
2998,32
2998,58
2999,23
3002,44
3003,44
3004,44
3005,49
3006,49
3007,49
3008,67
3009,58
3010,71
3011,18
3012,13
3013,18
3013,33
3014,69
3015,109
3016,23
3017,33
3017,34
3017,44
3018,33
3018,34
3018,44
3019,18
3019,44
3019,59
3020,18
3020,44
3020,59
3021,18
3021,44
3021,59
3022,18
3022,32
3023,18
3023,32
3024,18
3024,44
3024,59
3025,18
3025,44
3025,59
3026,23
3027,77
3028,77
3029,109
3030,18
3031,18
3032,18
3033,33
3033,34
3034,33
3034,34
3035,58
3036,58
3037,58
3038,58
3039,69
3040,69
3041,69
3042,69
3043,23
3043,44
3045,110
3046,110
3047,23
3048,23
3049,95
3050,95
3053,69
3054,69
3055,23
3056,23
3057,23
3058,33
3058,34
3059,33
3059,34
3060,33
3060,34
3061,33
3061,34
3062,32
3062,58
3063,32
3063,58
3064,58
3065,58
3066,58
3067,58
3068,58
3069,58
3070,34
3071,44
3073,59
3074,59
3075,18
3075,44
3076,18
3076,44
3077,18
3077,44
3078,18
3078,44
3079,109
3080,109
3081,109
3082,69
3082,109
3083,69
3084,69
3085,69
3087,32
3087,59
3088,18
3088,32
3088,44
3089,49
3090,69
3091,69
3092,69
3093,69
3094,23
3094,69
3095,23
3095,32
3096,97
3096,103
3097,33
3097,34
3098,33
3098,34
3099,18
3101,18
3102,18
3105,21
3106,33
3106,34
3107,34
3108,23
3109,69
3110,69
3110,109
3111,18
3112,18
3113,69
3113,109
3114,18
3115,69
3115,109
3116,69
3117,58
3118,18
3118,23
3118,44
3119,8
3120,23
3127,18
3128,18
3128,33
3128,34
3129,18
3129,33
3129,34
3129,44
3130,18
3130,33
3130,34
3130,44
3132,18
3132,33
3132,34
3132,44
3132,77
3133,18
3133,33
3133,34
3133,44
3134,18
3134,33
3134,34
3134,44
3135,18
3135,33
3135,34
3135,44
3137,18
3137,44
3138,18
3138,44
3139,18
3139,44
3140,18
3140,44
3141,32
3141,58
3142,58
3143,58
3144,109
3145,33
3145,34
3146,18
3146,23
3147,44
3147,77
3148,44
3148,77
3149,44
3149,77
3150,44
3150,77
3151,105
3152,105
3153,33
3153,34
3153,44
3154,18
3154,33
3154,34
3154,44
3155,33
3155,34
3155,44
3156,33
3156,34
3157,33
3157,34
3157,44
3160,109
3161,109
3162,109
3163,109
3164,18
3164,93
3165,30
3166,30
3167,30
3174,18
3177,58
3181,95
3183,18
3183,44
3183,59
3184,18
3184,44
3184,59
3185,18
3185,44
3185,59
3187,32
3188,32
3189,32
3193,44
3194,78
3195,78
3196,78
3197,78
3198,78
3199,18
3199,62
3199,78
3200,18
3200,78
3201,78
3202,78
3203,78
3205,95
3206,95
3208,33
3208,34
3209,33
3209,34
3210,109
3211,109
3212,18
3212,23
3215,33
3215,34
3216,33
3216,34
3217,33
3217,34
3223,58
3224,58
3225,23
3225,44
3226,23
3226,44
3227,23
3227,44
3228,23
3228,44
3229,23
3230,23
3230,44
3231,23
3231,44
3232,23
3233,23
3234,23
3235,23
3236,23
3237,23
3238,18
3238,33
3238,44
3242,32
3244,32
3245,18
3245,23
3245,32
3249,21
3249,44
3250,109
3251,58
3252,18
3252,23
3253,77
3254,23
3255,23
3256,58
3257,58
3258,58
3259,58
3260,58
3261,58
3262,58
3263,58
3264,16
3266,78
3267,44
3268,32
3268,44
3268,59
3272,23
3273,18
3274,33
3274,34
3275,33
3275,34
3276,33
3276,34
3277,33
3277,34
3278,33
3278,34
3279,33
3279,34
3280,23
3281,44
3282,44
3283,32
3283,109
3284,18
3285,18
3286,18
3287,18
3288,33
3288,34
3288,44
3289,78
3290,78
3291,69
3292,69
3293,58
3294,18
3294,23
3294,33
3294,34
3295,18
3295,23
3295,33
3295,34
3296,18
3296,23
3296,33
3296,34
3297,18
3297,23
3297,32
3297,33
3297,34
3298,18
3298,23
3298,33
3298,34
3299,18
3299,23
3299,33
3299,34
3300,18
3300,23
3300,33
3300,34
3301,18
3301,23
3301,33
3301,34
3302,18
3302,23
3302,33
3302,34
3303,18
3303,23
3303,33
3303,34
3304,18
3304,23
3304,33
3304,34
3305,44
3306,44
3306,109
3307,18
3308,18
3309,69
3310,69
3311,58
3312,33
3312,34
3313,23
3314,18
3314,33
3314,34
3314,44
3315,1
3315,37
3315,92
3318,18
3319,95
3320,44
3321,23
3322,18
3322,109
3324,1
3324,43
3324,92
3325,1
3325,43
3325,92
3326,1
3326,43
3326,92
3327,32
3327,109
3328,58
3329,58
3330,101
3331,18
3331,23
3332,18
3332,23
3332,49
3333,18
3333,23
3334,44
3335,23
3342,32
3342,59
3343,32
3343,59
3344,58
3345,58
3346,58
3347,58
3348,58
3349,32
3350,109
3351,109
3352,109
3353,110
3354,110
3356,33
3356,34
3357,23
3358,23
3359,1
3359,43
3359,92
3360,18
3361,18
3362,18
3363,69
3364,69
3365,23
3366,33
3366,34
3367,18
3368,18
3369,18
3369,44
3369,59
3369,109
3370,18
3370,44
3370,59
3370,109
3371,18
3371,44
3371,59
3372,18
3372,44
3372,59
3373,18
3373,44
3373,59
3374,18
3374,44
3374,59
3375,44
3375,77
3376,23
3377,23
3378,32
3379,32
3380,32
3381,32
3382,32
3383,32
3384,32
3385,32
3386,32
3387,32
3388,32
3389,32
3390,32
3391,32
3392,32
3393,32
3394,32
3395,32
3396,32
3397,32
3398,32
3399,32
3400,32
3401,32
3402,32
3403,32
3404,32
3405,32
3406,32
3407,32
3408,32
3409,32
3410,32
3411,32
3412,32
3413,10
3414,10
3415,10
3416,1
3416,23
3416,34
3416,109
3417,33
3417,34
3417,77
3418,26
3419,26
3420,37
3420,67
3420,71
3424,23
3425,32
3425,44
3425,59
3426,18
3427,33
3427,34
3427,77
3428,23
3429,59
3430,23
3430,109
3431,18
3432,18
3433,18
3433,44
3434,32
3435,32
3436,32
3437,32
3438,32
3439,18
3439,23
3439,33
3439,34
3439,44
3440,18
3440,23
3440,33
3440,34
3440,44
3441,18
3441,23
3441,33
3441,34
3441,44
3442,18
3442,44
3443,18
3443,44
3444,95
3445,95
3446,77
3447,32
3448,18
3448,23
3449,77
3450,23
3451,34
3452,34
3453,34
3454,58
3455,32
3455,58
3456,58
3457,58
3458,58
3459,32
3459,58
3460,58
3461,59
3462,44
3462,109
3463,18
3464,23
3465,33
3465,34
3466,18
3467,69
3468,44
3469,23
3470,23
3471,23
3473,18
3474,22
3474,31
3474,39
3474,43
3474,56
3475,58
3476,110
3477,32
3478,32
3479,18
3480,18
3480,23
3480,33
3480,34
3481,18
3481,23
3481,33
3481,34
3482,18
3482,23
3482,33
3482,34
3483,18
3483,23
3483,33
3483,34
3484,18
3484,23
3484,33
3484,34
3485,18
3485,23
3485,33
3486,18
3486,23
3486,33
3486,34
3487,18
3487,23
3487,33
3487,34
3488,18
3488,23
3488,33
3488,34
3489,18
3489,23
3489,33
3489,34
3490,18
3490,23
3490,33
3490,34
3491,18
3491,23
3491,33
3491,34
3491,44
3491,77
3492,18
3492,23
3492,33
3492,34
3493,18
3493,23
3493,33
3493,34
3494,23
3495,23
3496,18
3496,23
3496,33
3496,34
3497,18
3497,23
3497,33
3497,34
3498,18
3498,23
3498,33
3498,34
3499,18
3499,23
3499,33
3499,34
3500,18
3500,23
3500,33
3500,34
3501,18
3501,23
3501,33
3501,34
3502,18
3502,23
3502,33
3502,34
3503,18
3503,23
3503,33
3503,34
3504,18
3504,23
3504,33
3504,34
3505,18
3505,23
3505,33
3505,34
3506,18
3506,23
3506,33
3506,34
3507,18
3507,23
3507,33
3507,34
3508,18
3508,33
3508,34
3509,18
3509,23
3509,33
3509,34
3509,44
3509,77
3510,44
3511,18
3511,23
3511,33
3511,34
3511,44
3512,18
3512,23
3512,44
3513,18
3513,23
3513,44
3514,18
3514,23
3514,44
3515,18
3515,23
3515,44
3516,18
3516,32
3517,23
3518,18
3518,23
3518,44
3519,58
3520,58
3521,58
3522,58
3523,58
3524,58
3525,32
3525,34
3526,32
3526,34
3527,32
3527,34
3528,32
3528,34
3529,23
3530,18
3531,18
3532,110
3533,18
3534,18
3535,18
3536,18
3537,18
3538,18
3538,23
3538,33
3538,34
3539,18
3539,23
3539,33
3539,34
3540,18
3541,23
3542,23
3543,23
3544,23
3545,23
3546,23
3547,18
3547,23
3547,44
3548,18
3548,23
3548,44
3549,18
3549,23
3549,44
3550,18
3550,23
3550,33
3550,34
3550,77
3551,18
3552,18
3552,23
3552,33
3552,34
3553,18
3553,23
3553,33
3553,34
3554,18
3554,23
3554,33
3554,34
3556,18
3556,33
3556,34
3557,23
3558,23
3559,23
3560,23
3562,23
3563,23
3564,23
3565,23
3566,18
3566,23
3569,18
3571,10
3572,33
3572,34
3574,32
3576,109
3577,32
3578,18
3578,33
3578,34
3578,44
3579,44
3580,44
3581,18
3581,23
3582,44
3582,109
3583,18
3583,44
3584,18
3585,18
3586,18
3587,18
3588,23
3589,23
3590,23
3591,23
3592,49
3593,18
3594,18
3595,18
3596,44
3597,58
3598,58
3599,77
3600,77
3601,77
3602,77
3603,18
3604,23
3605,23
3606,78
3607,32
3607,44
3607,59
3608,32
3608,44
3608,59
3609,32
3609,44
3609,59
3610,32
3610,44
3610,59
3611,18
3612,23
3613,23
3614,92
3615,92
3616,109
3617,109
3618,77
3620,58
3621,109
3622,18
3623,19
3624,77
3625,23
3626,23
3626,109
3629,63
3630,58
3631,109
3632,109
3633,109
3634,109
3635,32
3635,69
3635,109
3636,33
3636,34
3637,44
3637,59
3638,44
3638,59
3639,109
3640,32
3640,109
3641,32
3641,109
3642,32
3642,109
3643,32
3643,109
3644,32
3645,23
3646,23
3647,23
3648,23
3649,18
3650,18
3651,18
3651,23
3653,32
3654,49
3654,109
3655,18
3656,32
3656,33
3656,34
3657,32
3657,33
3657,34
3658,32
3658,33
3658,34
3659,63
3660,109
3661,58
3662,58
3663,109
3665,109
3666,95
3667,37
3667,71
3668,21
3669,23
3669,44
3670,18
3671,18
3672,18
3673,18
3674,18
3674,23
3674,32
3675,10
3676,10
3677,10
3678,18
3678,23
3679,18
3679,33
3679,34
3679,93
3680,23
3681,63
3682,63
3683,63
3685,23
3685,44
3689,33
3689,34
3691,33
3691,34
3694,32
3697,32
3698,32
3699,32
3700,32
3701,18
3701,23
3701,34
3701,44
3701,77
3702,77
3703,18
3703,44
3706,18
3707,18
3708,18
3709,109
3710,109
3711,109
3712,109
3713,32
3713,59
3714,32
3714,59
3715,44
3716,18
3717,18
3718,18
3719,23
3720,32
3721,92
3722,23
3723,78
3724,78
3725,62
3726,23
3727,49
3728,49
3729,18
3729,44
3730,18
3730,44
3731,98
3732,77
3733,110
3735,110
3736,110
3737,18
3738,18
3739,18
3740,18
3741,18
3742,69
3744,23
3745,23
3746,23
3747,23
3748,23
3749,23
3750,23
3751,23
3752,23
3753,23
3754,69
3755,69
3756,109
3757,110
3758,18
3759,18
3760,18
3761,18
3762,18
3763,32
3769,23
3770,18
3770,110
3773,32
3774,18
3774,44
3775,49
3776,32
3777,23
3778,18
3778,23
3779,58
3780,106
3781,109
3782,32
3786,18
3786,32
3786,44
3787,32
3788,18
3794,15
3795,15
3797,69
3798,69
3799,69
3800,69
3801,69
3802,110
3803,110
3804,110
3805,110
3806,110
3807,69
3808,69
3809,69
3810,110
3811,18
3811,23
3811,32
3811,33
3811,34
3811,44
3812,18
3812,23
3812,32
3812,33
3812,34
3812,44
3813,18
3813,23
3813,32
3813,34
3813,37
3813,44
3814,110
3815,23
3817,18
3817,44
3818,18
3818,23
3819,32
3820,32
3821,32
3822,21
3823,21
3824,21
3826,44
3827,44
3828,109
3829,109
3830,109
3831,109
3832,18
3833,18
3833,93
3834,18
3835,18
3835,44
3835,109
3837,32
3838,32
3839,32
3840,32
3841,32
3842,23
3843,23
3844,32
3845,109
3846,109
3847,109
3848,109
3849,69
3850,69
3851,69
3852,69
3853,69
3854,69
3855,69
3856,23
3856,33
3856,34
3856,44
3857,32
3857,109
3858,23
3859,33
3859,34
3860,33
3860,34
3860,105
3861,105
3862,33
3862,34
3863,18
3863,23
3863,34
3864,32
3865,32
3866,32
3867,77
3868,18
3869,18
3870,18
3870,23
3871,32
3872,32
3873,44
3873,77
3874,33
3874,34
3875,23
3876,18
3876,33
3876,34
3877,18
3877,33
3877,34
3878,18
3878,33
3878,34
3879,18
3880,32
3881,32
3882,32
3883,32
3884,23
3886,58
3887,77
3889,32
3895,58
3896,33
3896,34
3897,69
3898,44
3898,48
3899,32
3901,77
3902,18
3903,18
3905,18
3906,18
3906,33
3906,34
3907,32
3908,32
3909,58
3910,69
3911,69
3912,69
3913,23
3914,23
3915,69
3916,69
3917,33
3917,34
3918,18
3919,23
3920,18
3921,69
3922,69
3923,69
3924,23
3925,32
3926,32
3927,32
3928,44
3928,109
3929,32
3930,32
3931,32
3932,18
3933,109
3934,109
3935,109
3936,109
3937,109
3938,109
3939,109
3940,109
3942,109
3943,109
3944,49
3945,23
3946,23
3947,37
3947,71
3948,23
3948,44
3949,110
3950,32
3950,109
3951,32
3952,23
3953,37
3953,71
3955,8
3955,49
3955,69
3956,44
3956,77
3957,33
3957,34
3958,33
3958,34
3959,32
3960,23
3961,109
3962,109
3963,109
3964,49
3965,32
3965,109
3966,23
3967,23
3968,23
3969,109
3970,27
3970,43
3970,56
3971,18
3971,105
3972,18
3972,105
3973,77
3974,18
3975,8
3976,8
3977,8
3978,8
3979,8
3980,8
3981,33
3981,34
3982,23
3983,18
3984,69
3986,18
3986,34
3987,23
3988,23
3989,23
3991,23
3992,23
3993,32
3994,32
3995,32
3998,110
3999,110
4000,33
4000,34
4005,18
4006,92
4007,92
4008,92
4009,37
4009,71
4010,92
4011,71
4014,18
4014,32
4015,18
4016,18
4016,44
4017,18
4017,44
4018,92
4019,32
4020,33
4020,34
4024,33
4024,34
4025,23
4026,16
4027,49
4028,44
4028,48
4029,44
4029,48
4030,49
4031,49
4032,33
4032,34
4033,18
4034,32
4034,59
4035,32
4035,59
4036,32
4036,59
4037,32
4037,59
4038,32
4038,59
4039,32
4039,59
4040,32
4040,59
4041,32
4041,59
4042,32
4042,59
4043,32
4043,59
4044,32
4045,32
4045,59
4046,32
4046,59
4047,32
4047,59
4048,77
4049,18
4050,18
4051,33
4051,34
4052,32
4053,18
4053,23
4053,33
4053,34
4054,18
4055,44
4056,71
4056,92
4057,18
4058,18
4059,18
4060,110
4061,18
4061,109
4062,32
4062,69
4063,32
4063,69
4064,32
4064,69
4065,18
4066,32
4067,32
4068,32
4070,69
4071,69
4072,69
4073,110
4074,23
4074,44
4076,1
4076,37
4076,92
4077,1
4077,37
4077,92
4078,69
4079,69
4080,18
4081,44
4082,49
4083,49
4084,49
4085,18
4086,32
4086,105
4087,32
4087,105
4088,32
4088,105
4089,32
4089,105
4090,21
4091,23
4092,23
4093,23
4094,23
4095,23
4096,49
4097,8
4098,8
4099,110
4100,33
4100,34
4101,33
4101,34
4102,32
4103,109
4107,110
4108,95
4109,32
4114,23
4115,18
4116,18
4117,18
4117,23
4118,18
4119,18
4120,8
4120,18
4121,18
4122,23
4123,23
4124,33
4124,34
4125,23
4126,23
4127,23
4128,23
4129,23
4130,23
4131,49
4132,18
4132,32
4133,44
4133,48
4134,18
4135,32
4136,110
4137,110
4138,110
4139,110
4140,110
4141,110
4142,110
4143,110
4144,110
4145,110
4146,110
4147,110
4148,18
4149,23
4150,18
4151,18
4152,18
4153,18
4154,18
4155,18
4156,59
4157,59
4158,59
4159,59
4160,44
4161,109
4162,44
4163,18
4164,18
4165,18
4166,18
4167,18
4168,18
4169,21
4170,32
4171,18
4172,110
4173,23
4174,23
4177,32
4178,32
4179,32
4180,32
4181,69
4182,69
4183,69
4184,18
4185,109
4186,32
4186,33
4186,34
4187,32
4187,33
4187,34
4188,77
4189,77
4190,77
4191,18
4191,23
4191,44
4192,18
4193,32
4194,110
4196,18
4196,23
4196,44
4197,109
4198,109
4199,58
4200,18
4201,69
4201,109
4202,69
4202,109
4203,58
4204,58
4205,110
4206,110
4207,32
4208,32
4209,32
4210,32
4211,32
4212,32
4213,32
4214,32
4215,32
4216,32
4217,32
4218,62
4220,18
4221,23
4222,16
4223,16
4224,32
4225,18
4225,34
4226,18
4226,34
4229,67
4230,18
4230,23
4231,18
4232,18
4233,110
4234,23
4235,32
4236,32
4237,18
4238,18
4239,37
4239,77
4239,92
4240,69
4241,69
4242,44
4242,109
4243,18
4243,44
4243,59
4244,18
4244,44
4244,59
4245,18
4245,33
4245,34
4246,27
4246,43
4246,56
4247,27
4247,43
4247,56
4248,27
4248,43
4248,56
4249,27
4249,43
4249,56
4250,27
4250,43
4250,56
4251,27
4251,43
4251,56
4252,18
4252,23
4253,23
4254,23
4255,18
4256,27
4256,43
4256,56
4257,77
4258,23
4259,23
4260,18
4261,58
4262,44
4262,109
4263,19
4263,77
4264,19
4264,77
4265,23
4266,18
4267,23
4268,18
4269,18
4270,44
4271,18
4271,23
4272,97
4273,21
4273,44
4274,33
4274,34
4275,33
4275,34
4275,44
4276,49
4277,49
4278,18
4278,33
4278,34
4278,44
4279,23
4281,110
4282,110
4283,18
4283,44
4284,110
4285,110
4286,18
4286,33
4286,34
4286,77
4287,32
4288,77
4289,77
4290,18
4290,23
4290,44
4291,18
4291,23
4291,33
4291,34
4291,44
4291,77
4292,18
4292,23
4292,33
4292,34
4292,44
4293,69
4296,18
4296,33
4296,34
4296,44
4297,110
4298,18
4299,18
4300,18
4301,18
4302,18
4303,18
4303,23
4304,1
4304,37
4304,39
4304,40
4304,43
4304,92
4305,23
4306,8
4307,8
4308,8
4309,32
4309,105
4310,23
4311,23
4312,40
4312,77
4312,92
4313,18
4313,44
4317,32
4318,32
4319,32
4320,32
4321,23
4322,18
4322,110
4323,32
4324,109
4325,23
4325,44
4329,18
4329,33
4330,18
4330,33
4331,32
4332,18
4333,69
4334,110
4335,18
4336,18
4337,32
4337,33
4337,34
4338,32
4338,33
4338,34
4339,23
4340,18
4340,23
4340,33
4340,34
4341,18
4341,44
4342,32
4342,44
4343,44
4344,23
4345,18
4346,44
4347,44
4348,44
4351,105
4352,105
4353,110
4354,44
4354,48
4355,18
4355,44
4356,44
4356,48
4357,110
4358,110
4359,44
4360,44
4361,18
4362,18
4363,33
4363,34
4363,109
4364,18
4365,69
4366,109
4367,18
4367,109
4368,27
4368,43
4368,56
4369,27
4369,31
4369,43
4369,56
4370,105
4371,27
4371,43
4371,56
4371,92
4372,18
4372,23
4373,18
4373,23
4374,18
4374,23
4374,32
4375,33
4375,34
4375,77
4376,32
4377,110
4378,23
4379,23
4380,23
4381,23
4382,23
4383,23
4384,23
4385,23
4386,23
4387,23
4389,23
4390,32
4391,23
4392,21
4393,33
4393,34
4393,44
4395,44
4395,109
4396,18
4396,44
4396,77
4397,33
4397,34
4397,77
4398,69
4399,77
4400,18
4400,23
4401,18
4401,23
4402,18
4402,23
4403,18
4403,23
4405,23
4406,69
4407,110
4410,18
4411,23
4412,23
4413,10
4413,18
4418,71
4419,23
4420,23
4421,18
4421,23
4422,18
4422,23
4423,18
4423,23
4424,18
4424,23
4425,18
4425,23
4426,18
4426,23
4427,18
4427,23
4428,18
4428,44
4429,18
4429,44
4430,18
4431,77
4432,77
4433,77
4434,18
4434,44
4434,59
4435,18
4435,44
4436,23
4437,44
4437,109
4438,110
4439,110
4440,18
4441,18
4442,109
4443,18
4444,1
4444,43
4444,92
4445,18
4446,18
4446,44
4446,59
4448,33
4448,34
4449,18
4449,44
4450,18
4450,23
4450,44
4451,18
4451,44
4452,18
4452,44
4453,8
4454,18
4454,23
4455,18
4455,23
4456,110
4457,18
4458,18
4459,44
4460,32
4460,44
4461,32
4461,44
4462,18
4465,110
4466,110
4467,18
4468,69
4469,69
4470,18
4471,32
4472,37
4472,71
4473,44
4473,48
4474,32
4475,110
4476,110
4477,33
4477,34
4478,33
4478,34
4479,69
4482,18
4482,33
4482,34
4482,44
4483,58
4483,103
4485,23
4486,110
4487,18
4487,44
4488,18
4488,44
4492,23
4493,32
4494,32
4495,21
4496,33
4496,34
4497,43
4497,92
4498,33
4498,34
4499,95
4500,69
4501,69
4502,69
4503,69
4505,18
4505,44
4506,23
4507,18
4507,23
4507,33
4507,34
4508,18
4509,109
4510,18
4510,44
4511,18
4511,44
4512,18
4512,44
4513,18
4514,18
4515,44
4516,32
4517,32
4518,44
4519,105
4519,109
4523,105
4523,109
4524,105
4524,109
4527,105
4527,109
4528,18
4528,23
4528,44
4529,18
4530,18
4531,33
4531,34
4532,18
4533,18
4534,77
4536,77
4537,77
4538,18
4538,34
4539,18
4540,18
4540,97
4541,109
4542,18
4542,44
4543,109
4544,109
4545,109
4546,33
4546,34
4546,44
4555,18
4556,109
4557,44
4557,109
4558,49
4559,49
4560,49
4561,18
4562,109
4563,77
4564,18
4565,18
4566,18
4567,18
4568,18
4569,18
4569,34
4570,23
4571,33
4571,34
4572,33
4572,34
4573,18
4573,33
4573,34
4573,44
4574,69
4575,8
4581,23
4582,32
4583,32
4584,18
4585,44
4585,48
4586,59
4587,33
4587,34
4588,18
4589,27
4589,43
4589,56
4590,109
4591,69
4592,69
4593,69
4595,69
4596,69
4597,23
4598,32
4598,109
4600,18
4600,105
4601,18
4601,105
4602,32
4604,32
4605,32
4606,32
4607,32
4608,69
4609,18
4610,33
4610,34
4611,32
4612,18
4613,18
4614,18
4615,23
4616,37
4616,77
4616,92
4617,67
4618,67
4620,18
4620,33
4620,34
4620,44
4621,32
4622,32
4623,109
4624,44
4625,44
4626,58
4627,18
4628,18
4629,18
4630,18
4631,18
4632,18
4633,18
4634,18
4634,44
4636,23
4637,18
4638,18
4639,23
4640,23
4640,92
4641,18
4641,33
4641,34
4641,44
4642,18
4643,34
4643,37
4643,67
4643,71
4645,109
4646,10
4647,23
4647,44
4648,23
4648,44
4649,23
4649,44
4650,23
4650,44
4651,23
4652,58
4653,58
4654,33
4654,34
4655,23
4656,32
4657,23
4658,23
4659,44
4659,109
4660,58
4661,18
4662,18
4662,23
4662,44
4663,18
4663,44
4663,59
4664,18
4664,44
4664,59
4665,18
4665,44
4665,59
4666,18
4666,44
4666,59
4667,59
4668,18
4668,33
4668,44
4670,44
4671,23
4672,18
4673,21
4674,23
4675,95
4680,109
4681,44
4683,44
4684,44
4685,44
4686,44
4687,44
4688,44
4689,44
4690,44
4690,109
4691,18
4692,23
4693,18
4694,32
4694,44
4694,59
4699,23
4700,23
4701,32
4701,44
4701,109
4702,18
4702,23
4703,18
4703,23
4704,18
4704,23
4704,33
4704,34
4704,44
4706,109
4707,23
4708,18
4709,23
4712,18
4713,44
4713,109
4714,44
4714,109
4715,44
4715,109
4716,44
4716,109
4717,18
4718,37
4718,92
4719,69
4720,69
4721,69
4722,69
4723,18
4723,33
4723,34
4723,44
4726,43
4726,92
4728,58
4729,18
4730,18
4731,18
4731,44
4731,59
4732,18
4732,44
4732,59
4733,23
4734,23
4735,23
4736,23
4737,44
4738,77
4739,69
4740,69
4741,23
4742,19
4742,21
4743,19
4743,21
4744,19
4744,21
4745,18
4745,34
4746,18
4746,34
4747,18
4747,34
4748,18
4749,18
4750,105
4751,18
4753,77
4754,18
4754,23
4755,109
4756,32
4757,23
4758,8
4759,32
4759,44
4759,59
4760,44
4760,48
4761,44
4761,48
4762,44
4763,109
4764,37
4764,92
4765,18
4766,18
4767,32
4768,32
4769,18
4769,23
4769,33
4769,34
4770,23
4776,109
4777,16
4778,16
4779,18
4780,18
4782,109
4783,109
4784,109
4785,109
4786,23
4788,32
4791,23
4798,18
4799,18
4800,77
4801,18
4801,23
4801,33
4801,34
4801,44
4801,77
4801,109
4802,69
4803,69
4804,18
4804,23
4804,33
4804,34
4805,18
4805,23
4805,33
4805,34
4806,18
4807,18
4808,18
4809,18
4810,44
4811,32
4811,109
4813,32
4813,33
4813,34
4813,44
4814,109
4815,32
4816,32
4817,69
4818,18
4819,23
4820,18
4821,18
4822,32
4823,32
4824,32
4825,92
4826,33
4826,34
4827,27
4827,49
4827,60
4828,49
4829,49
4830,23
4831,32
4832,32
4833,18
4834,10
4835,18
4836,18
4837,69
4838,32
4839,18
4840,18
4841,18
4842,18
4842,44
4844,18
4845,23
4846,32
4847,23
4848,18
4848,23
4848,33
4848,34
4849,18
4849,23
4849,33
4849,34
4850,18
4850,23
4850,33
4850,34
4851,32
4852,18
4853,18
4854,18
4854,44
4855,18
4855,44
4856,18
4857,44
4860,18
4861,18
4861,44
4861,59
4861,109
4862,18
4862,44
4862,59
4862,109
4863,109
4864,49
4865,49
4866,49
4867,49
4868,49
4868,109
4869,69
4870,69
4871,18
4871,23
4871,44
4872,32
4872,33
4872,34
4873,32
4873,33
4873,34
4874,32
4874,33
4874,34
4875,32
4876,32
4877,18
4877,33
4877,34
4877,44
4877,77
4878,18
4879,18
4880,18
4881,18
4882,18
4883,24
4884,24
4885,24
4886,69
4887,69
4888,18
4888,33
4888,34
4889,18
4889,33
4889,34
4890,18
4890,33
4890,34
4893,69
4894,69
4895,69
4898,69
4899,69
4900,18
4901,109
4902,44
4903,44
4904,44
4905,44
4906,95
4907,18
4907,49
4908,69
4909,32
4910,32
4911,32
4913,49
4914,18
4915,32
4916,18
4917,18
4918,18
4919,18
4920,18
4921,18
4922,18
4923,18
4923,44
4924,34
4925,18
4925,44
4926,18
4927,105
4927,109
4928,63
4928,109
4929,63
4929,109
4930,63
4930,109
4931,63
4931,109
4932,33
4932,34
4933,33
4933,34
4934,33
4934,34
4935,18
4935,23
4936,18
4936,23
4937,18
4938,18
4938,44
4939,18
4939,44
4939,59
4940,23
4941,23
4942,32
4943,69
4944,33
4944,34
4945,18
4946,77
4954,44
4955,18
4955,44
4955,105
4956,44
4956,48
4957,95
4958,18
4959,18
4960,18
4963,44
4964,18
4964,109
4965,18
4966,18
4967,23
4968,58
4969,23
4970,23
4971,1
4971,43
4971,92
4972,49
4973,18
4974,23
4976,33
4976,34
4976,77
4977,109
4980,109
4981,23
4981,44
4983,11
4984,11
4985,11
4986,11
4987,18
4987,44
4988,23
4989,23
4990,23
4993,18
4994,33
4994,34
4995,23
4996,18
4998,18
5000,86
5003,86
5005,18
5007,23
5008,23
5009,23
5010,33
5010,34
5010,77
5011,18
5012,58
5013,58
5014,37
5014,71
5014,92
5018,18
5019,44
5019,48
5020,18
5021,18
5029,97
5029,103
5030,18
5030,44
5030,59
5032,18
5033,23
5033,44
5035,1
5035,43
5035,92
5036,1
5036,43
5036,92
5037,1
5037,43
5037,92
5038,1
5038,43
5038,92
5039,1
5039,43
5039,92
5040,1
5040,43
5040,92
5041,109
5042,18
5044,69
5050,32
5050,69
5052,32
5052,69
5053,32
5053,69
5054,32
5054,69
5055,32
5055,69
5056,32
5056,69
5057,21
5058,21
5062,37
5062,71
5062,92
5063,37
5063,92
5064,32
5066,18
5066,33
5066,34
5066,44
5067,18
5067,33
5067,34
5067,44
5068,18
5071,18
5071,44
5072,18
5072,44
5073,37
5073,67
5073,71
5074,37
5074,71
5075,37
5075,71
5076,37
5076,77
5076,92
5077,37
5077,77
5077,92
5078,23
5079,18
5080,18
5080,44
5080,59
5081,18
5081,44
5081,59
5082,18
5082,44
5082,59
5083,18
5083,44
5083,59
5086,18
5087,18
5089,21
5090,18
5095,23
5096,23
5097,109
5098,18
5099,109
5100,109
5101,77
5102,76
5103,18
5104,8
5105,59
5106,59
5107,32
5108,44
5109,44
5110,23
5111,18
5114,44
5114,48
5115,44
5115,48
5116,44
5117,44
5123,18
5124,18
5125,18
5126,18
5127,18
5128,18
5128,23
5128,33
5128,34
5133,49
5134,18
5134,32
5135,18
5135,32
5136,18
5137,105
5139,23
5140,109
5141,109
5142,67
5144,18
5145,49
5146,49
5147,18
5148,71
5150,56
5150,77
5151,8
5151,33
5151,34
5152,32
5152,33
5152,34
5153,18
5153,33
5155,44
5155,109
5156,44
5156,48
5157,44
5157,48
5158,49
5159,49
5160,32
5161,32
5162,32
5163,32
5164,32
5165,32
5166,32
5167,32
5168,32
5169,32
5170,32
5171,18
5172,44
5173,109
5174,69
5175,69
5176,109
5177,23
5178,18
5178,23
5179,1
5179,40
5179,43
5179,92
5180,18
5181,38
5182,38
5183,38
5184,18
5186,109
5187,23
5187,44
5188,23
5188,44
5189,49
5190,18
5190,33
5190,34
5190,44
5191,40
5191,43
5191,77
5194,18
5195,18
5196,18
5197,18
5198,18
5199,18
5199,23
5200,18
5200,23
5201,18
5203,43
5203,77
5204,43
5204,77
5205,29
5205,43
5205,77
5206,23
5207,18
5207,33
5207,34
5207,44
5208,68
5209,9
5210,69
5211,69
5212,69
5213,69
5214,18
5214,44
5215,18
5215,33
5215,34
5215,44
5216,18
5216,44
5217,33
5217,34
5218,32
5219,23
5220,37
5220,40
5220,77
5220,92
5221,68
5224,23
5224,44
5225,18
5225,23
5225,33
5225,34
5225,44
5225,77
5226,23
5227,23
5233,18
5234,21
5235,21
5236,21
5237,23
5238,21
5239,21
5240,18
5240,93
5241,18
5242,18
5243,18
5244,23
5245,1
5245,37
5245,92
5247,18
5248,18
5251,109
5252,18
5252,23
5253,23
5254,109
5255,109
5256,18
5256,44
5257,18
5257,44
5258,18
5258,44
5259,18
5259,44
5260,77
5261,77
5262,77
5263,18
5263,37
5263,44
5265,32
5265,109
5266,32
5266,109
5267,32
5267,109
5269,44
5270,44
5271,32
5272,32
5273,32
5274,18
5274,23
5274,33
5274,34
5274,44
5274,77
5275,18
5277,69
5278,69
5279,32
5280,23
5282,67
5283,67
5284,67
5285,109
5286,109
5287,18
5291,77
5292,77
5293,18
5294,23
5295,109
5296,18
5297,23
5297,34
5298,18
5298,23
5299,35
5299,97
5300,44
5301,44
5302,44
5303,44
5304,18
5305,49
5306,33
5306,34
5306,44
5307,95
5308,95
5309,95
5310,95
5311,95
5312,95
5313,18
5313,23
5314,18
5314,23
5315,77
5316,32
5317,18
5317,44
5319,18
5320,18
5321,33
5321,34
5322,32
5322,109
5323,44
5324,33
5324,34
5325,77
5326,32
5328,32
5329,32
5330,32
5331,32
5332,33
5332,34
5333,18
5334,92
5335,23
5336,68
5337,68
5338,68
5339,68
5340,68
5341,68
5342,68
5343,68
5344,68
5345,68
5346,68
5347,68
5348,68
5349,68
5350,68
5351,68
5352,68
5353,68
5354,68
5355,68
5356,59
5357,32
5358,32
5359,6
5360,6
5361,23
5362,18
5362,33
5362,34
5362,44
5363,18
5363,33
5363,34
5363,44
5364,34
5364,44
5364,77
5365,44
5366,18
5367,59
5368,23
5369,33
5369,34
5370,105
5371,97
5372,35
5372,97
5373,97
5374,97
5375,18
5375,44
5375,59
5376,23
5377,23
5378,77
5379,33
5379,34
5380,33
5380,34
5381,33
5381,34
5382,18
5382,33
5382,34
5382,44
5383,23
5384,33
5384,34
5385,33
5385,34
5386,33
5386,34
5387,33
5387,34
5388,33
5388,34
5389,33
5389,34
5390,33
5390,34
5391,33
5391,34
5392,33
5392,34
5393,33
5393,34
5394,33
5394,34
5395,33
5395,34
5396,33
5396,34
5397,23
5399,23
5400,18
5400,23
5401,18
5401,23
5402,37
5402,92
5403,18
5403,44
5404,69
5405,69
5406,69
5407,69
5408,69
5409,32
5410,18
5411,59
5412,32
5413,69
5414,44
5415,32
5416,55
5417,37
5417,92
5418,32
5419,18
5421,18
5422,32
5422,44
5423,32
5423,44
5424,32
5424,44
5425,71
5426,71
5427,18
5428,109
5429,109
5430,109
5431,109
5432,109
5434,18
5434,44
5435,18
5435,44
5436,44
5437,18
5437,33
5437,34
5437,44
5439,18
5440,32
5440,77
5441,8
5441,18
5443,23
5444,21
5445,18
5445,48
5446,109
5451,69
5452,69
5453,69
5454,18
5455,58
5456,49
5457,49
5458,49
5459,49
5460,49
5461,77
5464,33
5464,34
5465,8
5465,49
5465,77
5466,69
5467,18
5468,18
5469,109
5470,109
5471,23
5472,12
5472,32
5473,23
5474,23
5475,32
5476,18
5477,33
5477,34
5478,23
5480,8
5481,16
5482,33
5483,18
5484,18
5484,23
5484,44
5486,18
5487,33
5487,34
5488,8
5488,18
5489,8
5489,18
5490,32
5491,27
5491,31
5491,43
5491,56
5492,32
5493,32
5494,32
5495,18
5495,93
5496,32
5497,49
5498,49
5499,8
5500,8
5501,8
5502,18
5503,23
5504,23
5505,69
5506,18
5507,18
5508,18
5509,18
5510,18
5511,11
5512,23
5513,69
5514,23
5515,23
5516,23
5517,23
5518,23
5519,23
5521,18
5521,23
5523,32
5524,32
5525,33
5525,34
5525,77
5526,44
5527,33
5527,34
5528,77
5529,77
5530,77
5531,77
5532,23
5533,49
5534,32
5534,69
5535,23
5536,69
5537,18
5538,18
5539,18
5540,18
5547,23
5549,109
5550,18
5555,32
5555,49
5555,77
5556,23
5557,23
5558,69
5559,32
5560,32
5561,32
5562,18
5563,18
5564,18
5565,2
5565,32
5566,8
5567,8
5568,18
5569,8
5570,23
5571,18
5573,32
5579,49
5580,49
5581,49
5582,49
5583,49
5584,49
5585,49
5586,44
5588,33
5588,34
5589,18
5589,33
5589,34
5590,18
5591,18
5592,18
5592,44
5593,18
5594,18
5595,18
5595,44
5596,33
5596,34
5597,18
5598,10
5599,8
5599,18
5600,109
5601,109
5602,44
5603,44
5604,44
5605,44
5606,77
5607,77
5608,77
5609,23
5610,109
5611,69
5612,69
5613,18
5614,32
5614,109
5615,32
5616,109
5617,109
5618,109
5619,92
5620,109
5621,44
5621,109
5622,18
5622,44
5623,18
5623,44
5624,18
5625,18
5625,23
5625,33
5625,44
5626,9
5627,49
5628,16
5629,16
5630,18
5631,77
5632,77
5633,58
5634,23
5635,18
5635,46
5636,71
5637,49
5638,18
5638,44
5639,8
5640,49
5643,18
5644,23
5644,44
5646,38
5647,38
5648,38
5649,38
5650,37
5650,77
5650,92
5651,18
5651,23
5654,18
5654,105
5655,18
5655,23
5656,23
5656,32
5657,109
5658,38
5659,38
5660,38
5661,38
5662,38
5663,38
5664,18
5665,69
5666,69
5668,33
5668,34
5669,18
5670,109
5671,109
5672,109
5673,18
5674,18
5675,18
5676,18
5677,18
5678,32
5680,86
5681,86
5682,86
5683,10
5684,18
5684,59
5687,18
5688,18
5688,33
5688,34
5688,44
5689,18
5689,33
5689,34
5689,44
5690,38
5691,49
5692,8
5693,23
5697,18
5698,18
5699,77
5700,23
5701,23
5702,23
5703,21
5704,23
5705,23
5706,32
5707,32
5708,58
5709,18
5710,32
5711,23
5712,26
5713,26
5714,26
5715,26
5716,18
5716,34
5717,23
5718,18
5718,44
5719,18
5720,18
5721,18
5722,18
5723,18
5724,44
5725,44
5726,18
5727,8
5728,18
5729,18
5730,18
5731,18
5732,8
5733,37
5733,67
5733,71
5734,23
5735,23
5736,69
5737,18
5738,18
5739,18
5739,93
5740,18
5741,109
5742,44
5743,44
5743,109
5744,23
5745,77
5745,92
5746,8
5747,8
5748,95
5749,95
5750,95
5751,95
5752,95
5753,33
5753,34
5753,77
5754,33
5754,34
5754,77
5755,18
5756,32
5756,44
5756,59
5757,33
5757,34
5758,21
5759,18
5760,44
5761,44
5762,44
5763,44
5764,44
5765,44
5766,44
5767,109
5770,109
5771,109
5772,18
5773,18
5774,18
5775,18
5776,18
5777,32
5778,1
5778,37
5778,77
5778,92
5779,1
5779,37
5779,77
5779,92
5780,1
5780,37
5780,77
5780,92
5781,18
5782,18
5783,23
5783,69
5784,23
5784,69
5785,18
5786,18
5787,18
5788,32
5788,33
5788,34
5789,69
5790,69
5791,23
5792,18
5792,34
5793,44
5794,33
5794,34
5794,44
5795,44
5796,18
5797,23
5798,18
5798,44
5799,18
5799,33
5800,32
5801,32
5802,69
5803,32
5803,77
5804,23
5806,33
5806,34
5807,18
5808,23
5809,109
5810,23
5811,23
5812,23
5813,18
5814,18
5815,18
5816,44
5816,48
5817,23
5818,32
5819,18
5819,23
5820,18
5820,44
5820,59
5820,109
5821,23
5822,23
5823,23
5824,23
5825,18
5825,44
5826,109
5827,33
5827,34
5827,77
5828,69
5829,69
5830,69
5831,23
5832,23
5833,23
5834,69
5835,69
5836,69
5837,23
5837,44
5838,18
5838,34
5839,18
5839,34
5840,18
5841,18
5841,34
5842,18
5843,18
5843,34
5844,18
5844,34
5845,38
5846,18
5847,97
5847,103
5848,18
5849,18
5850,18
5851,18
5852,18
5853,18
5854,18
5855,18
5856,18
5857,18
5858,49
5859,18
5860,18
5861,18
5862,18
5863,18
5864,18
5865,18
5866,18
5867,18
5868,18
5869,18
5870,18
5871,18
5872,18
5873,18
5874,18
5875,18
5876,18
5877,23
5878,23
5879,18
5880,23
5881,109
5882,32
5882,44
5883,23
5884,18
5884,33
5884,34
5884,44
5885,18
5885,33
5885,34
5885,44
5886,18
5887,44
5888,32
5889,32
5890,32
5891,32
5892,32
5893,18
5893,44
5894,18
5894,44
5895,18
5896,44
5897,49
5898,33
5898,34
5899,32
5900,18
5901,18
5902,18
5903,18
5904,32
5905,32
5906,18
5907,18
5908,33
5908,34
5909,33
5909,34
5910,33
5910,34
5911,32
5911,109
5912,32
5913,92
5914,33
5916,58
5918,32
5919,32
5920,109
5921,44
5922,44
5923,18
5923,44
5923,59
5923,109
5924,33
5924,34
5925,44
5926,32
5926,109
5927,32
5927,109
5928,32
5929,18
5929,23
5929,33
5929,34
5931,23
5932,18
5933,18
5933,33
5934,49
5935,18
5935,23
5936,32
5937,23
5937,32
5938,32
5938,49
5938,71
5939,18
5940,18
5940,33
5940,34
5941,77
5942,77
5943,37
5943,71
5943,92
5944,21
5945,32
5946,18
5947,18
5948,18
5949,23
5950,18
5952,18
5953,18
5953,44
5954,109
5955,43
5955,92
5956,23
5957,49
5958,23
5959,18
5961,23
5962,18
5963,18
5964,23
5965,18
5965,23
5965,33
5965,34
5966,44
5966,48
5967,44
5967,48
5968,44
5968,109
5969,49
5970,23
5971,23
5972,23
5973,38
5974,34
5975,23
5976,32
5977,44
5977,109
5978,44
5978,109
5981,23
5982,32
5983,32
5984,32
5985,23
5986,44
5989,32
5992,21
5993,32
5994,18
5995,18
5996,18
5996,23
5997,18
5997,33
5997,34
5998,18
5999,18
6000,18
6001,23
6004,18
6008,23
6009,23
6010,18
6010,44
6010,59
6011,18
6012,18
6013,18
6014,18
6015,33
6015,34
6016,18
6017,69
6018,69
6019,69
6020,32
6022,77
6023,23
6024,23
6025,44
6026,10
6027,32
6028,23
6029,18
6029,23
6030,33
6030,34
6031,92
6034,44
6035,95
6036,95
6037,95
6038,95
6039,10
6040,44
6041,23
6042,37
6042,71
6043,105
6043,109
6044,105
6044,109
6045,105
6045,109
6046,105
6046,109
6047,23
6048,32
6049,69
6050,69
6051,21
6051,44
6052,21
6052,44
6058,33
6058,34
6059,18
6060,23
6061,23
6062,23
6063,69
6064,18
6065,33
6065,34
6066,23
6067,23
6068,23
6069,18
6070,18
6070,33
6070,34
6070,44
6071,18
6071,33
6071,34
6071,44
6072,77
6073,49
6074,49
6074,109
6075,18
6076,44
6076,48
6077,44
6077,48
6078,18
6079,23
6080,13
6081,13
6082,49
6083,44
6083,48
6084,44
6084,48
6085,18
6086,23
6087,23
6088,23
6089,49
6090,49
6091,49
6092,49
6093,18
6094,33
6094,34
6095,18
6095,33
6095,34
6096,33
6096,34
6097,33
6097,34
6098,33
6098,34
6099,33
6099,34
6100,33
6100,34
6101,33
6101,34
6102,18
6102,33
6102,34
6107,18
6108,18
6109,18
6109,23
6110,18
6111,32
6112,32
6113,32
6114,32
6115,23
6116,23
6117,95
6118,95
6119,95
6120,18
6121,33
6121,34
6122,49
6123,34
6124,44
6125,23
6126,23
6127,33
6127,34
6128,33
6128,34
6129,33
6129,34
6130,33
6130,34
6131,18
6131,33
6131,34
6131,44
6132,32
6133,55
6134,49
6134,69
6135,16
6136,69
6137,69
6138,69
6139,33
6139,34
6140,49
6141,49
6142,49
6143,49
6144,33
6144,34
6145,33
6145,34
6146,44
6147,8
6147,33
6147,34
6148,21
6149,1
6149,37
6149,40
6149,43
6149,77
6149,92
6150,18
6150,23
6151,37
6151,71
6152,18
6152,93
6153,69
6154,69
6155,69
6156,33
6156,34
6157,8
6157,18
6158,97
6159,44
6160,44
6161,18
6161,23
6162,18
6162,23
6163,1
6163,43
6163,92
6164,32
6165,18
6166,23
6168,15
6169,18
6169,23
6169,33
6169,34
6169,44
6170,69
6171,71
6172,55
6173,55
6175,18
6175,44
6177,18
6177,44
6178,23
6178,44
6178,109
6179,18
6179,44
6180,18
6180,44
6181,18
6181,44
6183,49
6184,8
6187,105
6188,18
6189,33
6189,34
6190,33
6190,34
6191,109
6192,109
6193,23
6194,18
6195,44
6200,33
6200,34
6201,23
6202,23
6203,23
6204,32
6205,69
6206,69
6207,69
6208,109
6209,18
6211,109
6212,109
6213,40
6213,43
6213,77
6214,55
6216,18
6216,93
6217,18
6217,93
6218,18
6218,93
6220,49
6221,49
6222,49
6223,23
6223,33
6223,34
6224,18
6224,49
6225,18
6225,49
6227,38
6228,103
6229,103
6230,32
6231,32
6232,49
6233,18
6234,32
6235,37
6235,67
6235,71
6236,49
6237,49
6238,103
6239,109
6240,32
6241,32
6242,27
6242,31
6242,43
6242,56
6243,27
6243,31
6243,43
6243,56
6244,44
6245,44
6246,44
6246,109
6247,10
6248,44
6248,77
6249,105
6250,49
6250,69
6251,1
6251,37
6251,40
6251,56
6251,77
6251,92
6252,77
6253,18
6254,21
6255,18
6255,59
6256,18
6257,18
6259,77
6260,77
6261,77
6262,77
6263,77
6264,77
6266,109
6267,69
6268,49
6269,49
6270,49
6271,33
6272,33
6273,1
6273,37
6273,77
6273,92
6274,23
6275,23
6276,109
6277,18
6278,77
6279,69
6280,69
6281,23
6281,33
6281,34
6282,49
6283,49
6284,49
6285,23
6286,33
6286,34
6286,77
6287,18
6288,63
6288,109
6289,18
6289,23
6290,26
6291,26
6292,34
6293,77
6296,95
6298,44
6299,23
6300,23
6301,27
6301,31
6301,43
6301,56
6302,27
6302,31
6302,43
6302,56
6303,33
6303,34
6304,11
6305,11
6306,11
6307,11
6308,32
6309,18
6320,33
6320,34
6321,33
6321,34
6322,33
6322,34
6323,33
6323,34
6324,33
6324,34
6325,33
6325,34
6326,33
6326,34
6329,23
6330,49
6331,49
6332,23
6333,49
6334,49
6335,49
6336,49
6337,49
6338,49
6339,49
6340,77
6341,32
6342,33
6342,34
6343,33
6343,34
6344,23
6344,44
6345,16
6346,40
6346,43
6346,77
6347,18
6347,33
6348,18
6349,18
6349,23
6350,18
6351,18
6352,44
6353,44
6354,23
6354,33
6354,34
6355,33
6355,34
6356,69
6357,18
6357,77
6358,33
6358,34
6358,44
6359,23
6360,32
6361,44
6361,48
6362,18
6362,44
6363,95
6364,23
6364,44
6365,23
6365,44
6366,23
6366,44
6367,1
6367,37
6367,77
6367,92
6368,1
6368,37
6368,77
6368,92
6369,1
6369,37
6369,77
6369,92
6372,18
6373,23
6374,18
6375,18
6375,44
6376,23
6377,23
6378,23
6379,23
6380,23
6381,23
6382,23
6383,33
6383,34
6384,32
6384,44
6384,59
6385,6
6385,49
6386,18
6386,33
6386,34
6386,44
6387,18
6388,109
6389,109
6390,109
6391,44
6392,18
6393,18
6394,8
6394,18
6394,23
6394,33
6394,34
6394,44
6394,77
6395,18
6395,23
6396,32
6397,18
6397,23
6399,18
6400,18
6401,18
6402,18
6403,18
6404,69
6405,69
6406,33
6406,34
6406,44
6407,23
6408,1
6408,43
6408,92
6409,69
6410,18
6410,23
6414,44
6415,32
6416,103
6417,103
6418,49
6419,69
6420,69
6421,32
6421,44
6422,18
6423,32
6424,8
6424,18
6425,8
6425,18
6426,44
6427,44
6428,44
6429,44
6430,109
6431,109
6432,109
6433,18
6434,18
6435,18
6436,52
6437,18
6438,95
6440,77
6441,109
6442,109
6443,23
6443,44
6444,18
6445,18
6446,109
6447,105
6448,19
6448,77
6449,19
6449,77
6450,69
6451,69
6452,69
6453,69
6454,69
6455,69
6456,69
6457,18
6458,33
6458,34
6459,55
6460,18
6460,33
6460,34
6461,33
6461,34
6463,18
6463,44
6463,59
6464,18
6464,44
6464,59
6465,18
6465,44
6465,59
6466,18
6466,44
6466,59
6467,18
6467,44
6467,59
6468,18
6468,44
6468,59
6469,18
6469,44
6469,59
6470,18
6470,44
6470,59
6471,26
6472,26
6473,26
6474,26
6475,49
6479,18
6482,95
6483,95
6484,18
6484,44
6485,69
6486,69
6487,69
6488,21
6489,33
6489,34
6490,33
6490,34
6491,33
6491,34
6492,33
6492,34
6493,18
6494,18
6495,18
6496,32
6497,18
6498,18
6499,18
6500,18
6501,1
6501,37
6501,40
6501,43
6501,92
6502,18
6503,18
6504,44
6505,18
6506,44
6507,18
6507,33
6507,34
6507,44
6508,33
6508,34
6509,18
6509,33
6509,34
6510,32
6511,32
6518,8
6518,18
6519,8
6519,18
6520,8
6520,18
6521,8
6521,18
6522,8
6522,18
6523,33
6523,34
6524,33
6524,34
6526,23
6527,23
6528,23
6529,18
6529,33
6529,34
6529,44
6530,32
6531,32
6532,32
6533,32
6536,23
6536,44
6543,18
6544,18
6544,44
6545,18
6545,44
6546,23
6547,69
6548,69
6549,69
6550,23
6551,23
6552,23
6553,18
6554,18
6555,18
6557,18
6558,18
6559,18
6560,18
6562,23
6562,44
6563,23
6563,44
6564,109
6565,109
6566,109
6567,33
6567,34
6568,18
6569,23
6570,23
6571,23
6572,44
6573,71
6574,71
6575,71
6576,32
6577,18
6578,18
6579,18
6580,18
6581,10
6582,18
6583,44
6584,44
6585,18
6585,23
6586,18
6586,23
6587,23
6588,43
6588,67
6589,18
6590,32
6591,21
6592,18
6592,44
6593,32
6595,23
6595,44
6596,4
6597,23
6598,69
6600,32
6601,18
6601,33
6601,34
6602,18
6602,33
6602,34
6603,77
6604,26
6605,26
6606,33
6606,34
6607,23
6609,109
6610,18
6611,69
6612,77
6613,77
6614,18
6614,33
6614,34
6614,44
6615,103
6617,18
6617,44
6618,21
6619,21
6620,21
6621,18
6622,18
6623,18
6624,23
6625,23
6627,32
6628,44
6629,32
6630,69
6631,69
6632,8
6633,8
6634,8
6635,8
6636,8
6637,8
6638,38
6639,33
6639,34
6639,77
6640,18
6640,23
6640,32
6641,44
6641,109
6642,37
6644,23
6646,33
6646,34
6648,32
6649,23
6650,18
6651,55
6652,32
6653,32
6654,32
6655,23
6655,44
6656,23
6656,44
6667,18
6671,23
6672,8
6673,8
6674,18
6675,18
6676,6
6677,18
6678,23
6679,23
6679,32
6681,23
6681,33
6681,34
6682,44
6685,18
6685,23
6686,18
6686,23
6687,18
6687,23
6688,49
6689,23
6690,8
6690,77
6691,18
6692,109
6694,69
6695,105
6696,105
6697,105
6698,23
6699,1
6699,37
6699,40
6699,43
6699,77
6699,92
6701,18
6701,44
6701,59
6702,18
6702,44
6702,59
6702,109
6703,18
6703,44
6703,59
6703,109
6704,21
6705,43
6705,77
6706,18
6707,18
6708,18
6709,23
6710,18
6711,77
6712,77
6713,77
6714,77
6715,77
6716,69
6717,69
6718,69
6719,33
6719,34
6720,33
6720,34
6721,49
6722,49
6723,49
6724,49
6725,49
6726,23
6727,23
6730,32
6731,32
6732,23
6733,49
6734,49
6735,18
6737,1
6737,37
6737,40
6737,43
6737,92
6738,49
6739,18
6739,33
6739,34
6740,44
6741,23
6742,44
6742,109
6743,23
6744,18
6744,23
6745,32
6746,41
6747,41
6748,23
6749,18
6750,18
6754,18
6755,18
6756,18
6757,18
6758,18
6759,18
6760,18
6761,18
6762,18
6763,18
6764,18
6765,18
6766,18
6767,18
6768,23
6769,52
6770,52
6771,52
6772,27
6772,31
6772,43
6772,56
6773,18
6773,23
6774,27
6774,31
6774,43
6774,56
6778,6
6779,6
6780,6
6781,6
6782,6
6783,18
6783,33
6783,34
6783,44
6784,18
6784,33
6784,34
6784,44
6785,32
6786,109
6787,109
6788,109
6789,109
6790,109
6791,109
6792,18
6792,33
6792,34
6792,44
6793,18
6793,33
6793,34
6794,32
6795,23
6796,44
6796,109
6797,69
6798,69
6799,69
6800,1
6800,37
6800,40
6800,43
6800,92
6801,23
6802,1
6802,37
6802,40
6802,43
6802,92
6809,37
6809,40
6809,56
6809,77
6809,92
6810,77
6811,77
6812,77
6813,77
6814,3
6814,18
6815,33
6815,34
6815,77
6816,33
6816,34
6816,77
6817,33
6817,34
6817,77
6818,44
6819,44
6820,23
6820,44
6821,49
6822,109
6823,33
6823,34
6827,77
6828,69
6829,8
6829,18
6831,23
6831,44
6832,23
6833,21
6834,18
6834,63
6835,18
6835,63
6836,55
6837,18
6838,18
6839,18
6840,23
6841,18
6841,23
6842,23
6843,23
6844,23
6844,77
6845,18
6845,109
6846,18
6846,109
6847,18
6848,18
6849,18
6850,18
6851,18
6852,37
6852,71
6852,92
6853,33
6853,34
6853,77
6854,18
6855,33
6855,34
6856,18
6856,23
6857,23
6858,23
6859,23
6860,23
6861,23
6862,18
6862,34
6864,21
6865,18
6866,18
6867,18
6869,32
6869,109
6870,33
6870,34
6871,33
6871,34
6872,18
6872,44
6873,18
6873,44
6874,23
6875,23
6876,18
6876,44
6876,59
6877,29
6878,23
6879,109
6880,18
6881,18
6882,1
6882,37
6882,77
6882,92
6883,18
6883,23
6884,69
6885,18
6885,44
6885,59
6886,18
6886,44
6886,59
6887,18
6887,44
6887,59
6889,32
6890,13
6891,13
6892,44
6893,44
6895,44
6901,18
6902,6
6904,23
6905,23
6906,18
6907,23
6909,78
6910,18
6910,23
6911,18
6912,18
6913,18
6914,18
6915,33
6915,34
6916,69
6917,23
6918,23
6919,18
6919,23
6919,33
6919,34
6922,38
6923,38
6924,18
6925,32
6926,23
6927,38
6928,38
6929,38
6930,38
6931,18
6932,18
6933,18
6934,18
6934,23
6934,44
6935,16
6936,18
6937,18
6938,18
6939,18
6940,18
6941,18
6942,69
6943,18
6944,18
6945,109
6946,18
6948,34
6949,49
6950,23
6951,8
6952,32
6953,18
6954,18
6955,18
6956,18
6957,23
6958,44
6959,18
6959,33
6959,34
6960,32
6960,59
6961,58
6962,18
6963,18
6964,23
6964,109
6965,18
6966,23
6967,18
6967,23
6968,95
6969,71
6970,71
6973,44
6974,44
6975,18
6976,18
6977,33
6977,34
6978,109
6979,32
6980,18
6982,105
6983,105
6985,33
6985,34
6986,105
6993,18
6994,49
6995,18
6996,18
6997,109
6998,32
6998,49
6999,18
7000,18
7001,18
7002,38
7003,38
7004,18
7005,44
7005,78
7006,18
7006,23
7007,33
7007,34
7008,33
7008,34
7009,69
7010,69
7011,69
7012,69
7013,69
7014,23
7015,23
7016,23
7017,27
7017,31
7017,43
7017,56
7018,27
7018,31
7018,43
7018,56
7020,109
7021,109
7022,23
7023,33
7024,33
7024,34
7024,44
7025,27
7025,31
7025,43
7025,56
7026,31
7026,43
7026,56
7027,1
7027,43
7027,92
7028,23
7029,109
7030,45
7030,71
7031,18
7031,33
7031,34
7032,18
7033,38
7034,23
7035,23
7036,21
7037,21
7038,21
7039,21
7040,37
7040,40
7040,77
7040,92
7041,49
7042,18
7043,8
7043,33
7043,34
7044,69
7045,77
7046,18
7046,23
7047,23
7048,18
7049,18
7051,18
7051,44
7051,59
7053,32
7055,27
7055,56
7055,92
7056,32
7057,32
7058,32
7059,23
7060,18
7060,23
7061,33
7061,34
7062,33
7062,34
7063,18
7064,18
7065,18
7066,18
7067,18
7068,18
7068,33
7068,34
7068,44
7070,18
7073,18
7073,77
7074,18
7074,77
7075,69
7076,23
7077,18
7078,18
7079,49
7080,18
7080,23
7080,44
7081,18
7082,23
7083,23
7084,23
7085,78
7086,23
7086,33
7086,34
7087,109
7088,18
7088,44
7088,59
7089,18
7089,23
7089,32
7089,37
7089,44
7090,18
7090,23
7090,32
7090,37
7090,44
7091,43
7091,77
7092,18
7093,18
7094,33
7094,34
7095,33
7095,34
7096,33
7096,34
7097,78
7098,78
7099,78
7100,26
7101,26
7102,26
7103,26
7104,26
7105,109
7106,109
7107,109
7108,23
7109,6
7110,44
7111,18
7111,44
7112,18
7112,23
7112,33
7112,34
7112,44
7112,77
7113,18
7113,93
7114,18
7115,18
7116,18
7117,18
7118,18
7119,18
7120,34
7121,18
7125,18
7126,77
7127,109
7128,33
7128,34
7129,23
7130,21
7131,23
7132,23
7133,78
7134,18
7135,33
7135,34
7136,44
7137,23
7138,59
7139,59
7140,1
7140,37
7140,92
7141,1
7141,37
7141,92
7142,23
7144,18
7144,33
7144,34
7144,44
7145,69
7147,18
7147,23
7147,44
7148,109
7149,37
7149,40
7149,43
7149,77
7150,8
7151,18
7153,77
7154,77
7155,77
7156,77
7157,77
7158,32
7159,23
7160,23
7161,44
7162,18
7163,103
7165,18
7166,109
7167,18
7167,23
7168,23
7168,44
7169,69
7169,71
7170,69
7170,71
7171,69
7171,71
7172,18
7173,44
7173,48
7174,44
7175,38
7175,59
7176,18
7177,18
7179,18
7179,93
7180,18
7181,23
7181,32
7182,23
7182,32
7183,44
7184,18
7185,71
7186,69
7187,1
7187,37
7187,40
7187,43
7187,92
7189,18
7190,18
7191,49
7193,69
7194,18
7195,32
7198,32
7202,32
7202,44
7204,18
7206,18
7207,18
7208,18
7209,18
7210,49
7211,49
7212,49
7213,49
7214,49
7215,8
7215,18
7215,49
7215,77
7216,18
7217,18
7218,18
7219,58
7220,18
7221,18
7222,18
7223,18
7224,18
7225,18
7225,23
7226,33
7226,34
7226,44
7227,18
7228,18
7229,18
7231,18
7231,23
7231,33
7232,26
7233,21
7235,23
7236,23
7241,18
7241,23
7242,18
7242,23
7243,18
7244,18
7245,18
7246,18
7248,95
7249,18
7250,92
7251,18
7251,44
7251,59
7252,18
7252,44
7252,59
7253,18
7253,44
7253,59
7254,32
7255,77
7256,77
7257,77
7258,18
7259,18
7260,18
7261,18
7262,18
7262,93
7263,18
7264,18
7264,93
7265,23
7266,23
7274,18
7274,23
7275,18
7276,18
7276,33
7276,34
7276,44
7277,11
7278,11
7280,49
7281,27
7281,31
7281,43
7281,56
7282,33
7282,34
7283,33
7283,34
7284,33
7284,34
7284,77
7285,33
7285,34
7286,23
7287,18
7288,18
7288,34
7290,18
7293,23
7294,23
7295,18
7295,23
7295,33
7296,23
7296,44
7297,32
7298,32
7299,33
7300,33
7300,34
7302,18
7303,23
7304,109
7305,109
7306,18
7307,18
7308,18
7309,18
7310,18
7311,18
7312,71
7313,71
7314,71
7315,71
7316,71
7317,33
7317,34
7318,33
7318,34
7319,33
7319,34
7320,33
7320,34
7324,18
7324,23
7325,44
7326,44
7327,44
7328,44
7329,44
7330,44
7331,44
7333,18
7334,67
7335,23
7336,18
7337,18
7338,18
7339,44
7340,44
7341,52
7342,52
7343,52
7344,52
7345,69
7346,55
7347,49
7348,1
7348,37
7348,40
7348,92
7349,32
7349,109
7350,32
7350,109
7351,32
7351,109
7352,33
7352,34
7353,18
7354,18
7355,18
7356,32
7357,32
7358,32
7359,32
7360,18
7361,18
7362,18
7363,18
7364,6
7365,6
7366,23
7367,23
7368,18
7369,18
7371,8
7371,18
7372,8
7372,18
7373,33
7373,34
7374,69
7375,69
7376,69
7377,69
7378,32
7380,30
7380,34
7380,44
7380,92
7381,27
7381,56
7381,92
7382,27
7382,31
7382,43
7382,56
7383,27
7383,31
7383,43
7383,56
7384,18
7385,18
7385,23
7385,33
7385,34
7386,32
7387,32
7388,18
7389,18
7390,18
7391,18
7392,18
7393,109
7394,109
7395,109
7396,49
7397,49
7398,17
7399,18
7400,32
7401,18
7401,23
7402,18
7402,23
7403,18
7403,23
7404,18
7404,23
7405,32
7405,34
7406,32
7406,34
7407,23
7408,23
7409,32
7412,37
7412,71
7413,32
7415,33
7415,34
7416,23
7417,49
7418,44
7419,26
7420,18
7421,32
7422,33
7422,59
7423,33
7423,59
7424,1
7424,43
7424,92
7425,1
7425,43
7425,92
7426,1
7426,43
7426,92
7427,1
7427,43
7427,92
7428,1
7428,43
7428,92
7429,1
7429,43
7429,92
7430,1
7430,43
7430,92
7431,1
7431,43
7431,92
7439,8
7440,1
7440,37
7440,40
7440,43
7440,92
7446,33
7446,34
7446,44
7447,18
7450,69
7451,69
7452,23
7453,44
7454,18
7455,18
7456,18
7456,33
7456,34
7457,18
7458,18
7460,18
7461,32
7462,32
7463,18
7464,23
7465,109
7466,109
7467,37
7467,71
7468,18
7469,77
7470,77
7471,18
7471,64
7472,18
7472,64
7473,44
7473,105
7476,23
7478,18
7479,18
7480,23
7482,18
7484,18
7485,23
7488,52
7499,63
7500,18
7500,44
7501,18
7501,44
7502,18
7502,44
7503,18
7503,44
7504,18
7504,44
7505,18
7505,44
7506,18
7506,23
7507,18
7507,33
7507,34
7508,18
7508,44
7508,59
7513,18
7514,18
7515,18
7516,18
7517,18
7518,18
7519,23
7520,23
7520,32
7522,32
7525,33
7525,34
7526,32
7527,32
7528,32
7529,69
7530,33
7530,34
7531,27
7531,56
7531,92
7532,109
7533,49
7533,109
7534,18
7535,6
7536,6
7538,18
7539,41
7540,1
7540,92
7541,23
7542,59
7544,33
7544,34
7545,18
7545,33
7545,34
7545,44
7546,18
7546,33
7546,34
7546,44
7547,18
7547,93
7548,37
7548,71
7549,18
7549,105
7550,18
7550,105
7551,18
7551,23
7552,18
7553,44
7554,18
7554,23
7555,18
7555,93
7556,23
7557,18
7557,93
7558,32
7561,23
7562,23
7563,109
7565,18
7565,23
7565,33
7565,34
7565,44
7565,77
7566,59
7567,59
7568,59
7569,18
7569,23
7569,33
7569,34
7570,44
7570,109
7571,49
7572,109
7573,109
7574,59
7575,59
7576,59
7577,59
7578,59
7579,59
7580,59
7581,59
7582,59
7583,59
7584,59
7585,59
7586,59
7587,59
7588,59
7589,109
7590,23
7590,32
7591,23
7591,32
7592,23
7592,32
7594,33
7594,34
7595,18
7595,23
7596,23
7597,33
7597,34
7599,44
7600,33
7600,34
7601,18
7601,23
7602,20
7602,33
7602,34
7604,18
7605,44
7606,1
7606,37
7606,40
7606,43
7606,92
7607,32
7607,33
7607,34
7608,69
7609,69
7610,37
7610,67
7610,71
7611,26
7612,26
7613,26
7614,26
7615,18
7616,59
7617,59
7618,63
7619,32
7620,33
7620,34
7621,23
7623,23
7624,23
7625,44
7626,18
7627,33
7627,34
7628,33
7628,34
7629,52
7630,59
7631,109
7632,109
7633,109
7634,33
7634,34
7635,18
7635,49
7637,23
7638,18
7638,32
7640,1
7640,37
7640,92
7641,10
7642,10
7643,18
7644,18
7645,23
7646,23
7647,18
7648,18
7649,18
7650,18
7651,18
7652,23
7653,69
7656,1
7656,37
7656,40
7656,92
7657,77
7658,32
7659,44
7660,44
7661,44
7662,77
7663,32
7664,32
7665,103
7666,18
7666,23
7666,44
7667,23
7667,44
7669,23
7670,23
7671,23
7671,92
7674,32
7675,32
7676,27
7676,31
7676,43
7676,56
7678,18
7678,23
7678,44
7679,11
7680,11
7681,11
7682,58
7683,23
7684,23
7685,18
7686,18
7687,32
7691,18
7692,18
7693,18
7694,33
7695,18
7695,33
7696,18
7696,33
7697,23
7699,33
7699,34
7704,105
7705,105
7706,23
7707,23
7708,49
7709,49
7710,63
7711,18
7712,44
7712,59
7713,38
7714,38
7715,38
7716,32
7717,18
7718,55
7719,18
7720,77
7721,109
7722,109
7724,44
7724,48
7725,77
7726,77
7734,18
7735,18
7736,18
7737,18
7738,18
7739,32
7740,32
7741,32
7742,32
7743,18
7743,44
7744,18
7744,44
7745,21
7746,77
7747,23
7748,23
7749,33
7749,34
7750,23
7751,32
7752,18
7753,18
7754,33
7754,34
7755,18
7756,18
7757,18
7758,18
7759,71
7760,18
7760,44
7761,33
7761,34
7762,23
7763,32
7764,69
7765,69
7766,95
7767,49
7768,23
7769,23
7770,77
7771,6
7772,49
7773,49
7774,49
7775,49
7776,18
7776,44
7777,18
7777,44
7778,18
7778,44
7779,18
7779,44
7780,18
7780,44
7781,18
7781,44
7782,18
7782,44
7783,18
7783,44
7784,18
7784,44
7785,18
7785,44
7786,18
7786,44
7787,18
7787,44
7788,18
7788,44
7789,6
7790,77
7791,23
7792,23
7793,23
7794,18
7795,18
7796,18
7797,18
7797,23
7799,8
7800,40
7800,43
7800,77
7801,33
7801,34
7802,33
7802,34
7803,18
7804,18
7805,18
7806,23
7807,109
7808,109
7809,109
7810,109
7811,109
7812,23
7813,77
7814,49
7815,18
7816,18
7817,18
7818,109
7819,18
7820,109
7821,109
7822,109
7823,109
7824,109
7825,109
7826,109
7827,109
7828,109
7829,109
7830,109
7831,18
7832,18
7834,77
7836,32
7838,49
7839,18
7839,23
7840,23
7841,18
7843,18
7843,33
7843,34
7843,44
7844,18
7845,109
7846,109
7847,109
7848,109
7849,109
7850,109
7851,109
7852,109
7853,109
7854,109
7855,109
7856,109
7857,49
7857,109
7858,23
7859,23
7861,109
7862,109
7863,109
7864,109
7865,109
7866,109
7867,109
7868,109
7869,109
7870,109
7871,109
7872,109
7873,109
7874,109
7875,109
7876,109
7877,109
7878,109
7879,109
7880,109
7881,109
7882,109
7883,109
7884,109
7885,109
7886,109
7887,109
7888,109
7889,109
7890,109
7891,109
7892,109
7893,109
7894,109
7895,109
7896,109
7897,109
7898,109
7899,109
7900,109
7901,109
7902,109
7903,109
7904,109
7905,109
7906,109
7907,109
7908,109
7909,109
7910,109
7911,109
7912,109
7913,109
7914,109
7915,109
7916,109
7917,109
7918,109
7919,109
7920,109
7921,109
7922,109
7923,109
7924,23
7925,23
7926,109
7927,109
7928,109
7929,109
7930,109
7931,18
7932,18
7933,18
7934,18
7935,18
7936,18
7937,33
7937,34
7938,58
7939,58
7940,58
7941,58
7942,109
7943,109
7944,109
7945,109
7946,109
7947,109
7948,109
7949,109
7950,109
7951,109
7952,109
7953,109
7954,109
7955,109
7956,109
7957,109
7958,109
7962,67
7963,67
7965,38
7966,18
7967,77
7968,77
7969,109
7970,109
7971,109
7972,109
7973,109
7974,69
7975,32
7975,69
7976,109
7977,109
7978,109
7979,109
7980,109
7981,109
7982,109
7983,109
7984,109
7985,109
7986,109
7988,109
7989,109
7990,109
7991,109
7992,109
7993,109
7994,109
7995,109
7996,109
7997,109
7998,109
7999,109
8000,109
8001,109
8002,109
8003,109
8004,109
8005,109
8006,109
8007,109
8008,109
8009,109
8010,109
8011,109
8012,109
8013,109
8014,109
8015,109
8016,109
8017,109
8018,109
8019,109
8020,109
8021,109
8022,109
8023,109
8024,109
8025,109
8026,109
8027,109
8028,109
8029,109
8030,109
8031,18
8032,23
8033,109
8034,109
8035,109
8036,109
8037,109
8038,109
8039,109
8040,109
8041,109
8042,109
8043,109
8044,109
8045,109
8046,109
8047,109
8048,109
8049,109
8050,109
8051,109
8052,109
8053,109
8054,109
8055,109
8056,109
8057,109
8058,109
8059,109
8060,109
8061,109
8062,109
8063,109
8064,109
8065,109
8066,18
8066,33
8066,34
8067,18
8067,33
8067,34
8068,18
8068,44
8071,18
8072,18
8072,44
8072,59
8073,32
8074,109
8075,109
8076,109
8077,109
8078,109
8079,109
8080,109
8081,109
8082,109
8083,109
8084,109
8085,109
8086,109
8087,109
8088,109
8089,109
8090,109
8091,109
8092,109
8093,109
8094,109
8095,109
8096,109
8097,109
8098,109
8099,109
8100,23
8101,109
8102,109
8103,109
8104,109
8105,109
8106,109
8107,109
8108,109
8109,109
8110,109
8111,109
8112,109
8113,109
8114,109
8115,109
8116,109
8117,109
8118,109
8119,109
8120,109
8121,109
8122,109
8123,109
8124,109
8125,109
8126,109
8127,109
8128,109
8129,109
8130,109
8131,109
8132,109
8133,109
8134,109
8135,109
8136,109
8137,109
8138,109
8139,109
8140,109
8141,109
8142,109
8143,109
8144,77
8145,18
8145,23
8146,18
8147,18
8148,109
8149,109
8150,109
8151,109
8152,109
8153,109
8154,109
8155,109
8156,109
8157,109
8158,109
8159,109
8160,109
8161,109
8162,32
8163,23
8164,23
8164,33
8164,34
8165,109
8166,109
8167,23
8167,33
8167,34
8168,109
8169,109
8170,109
8171,109
8172,18
8172,93
8175,18
8175,23
8176,109
8178,29
8179,109
8180,109
8181,109
8182,109
8183,109
8184,109
8185,109
8186,109
8187,109
8188,109
8189,109
8190,109
8191,109
8192,109
8193,18
8193,44
8194,109
8195,109
8196,109
8197,109
8198,109
8199,109
8200,109
8201,109
8202,109
8203,109
8204,109
8205,109
8206,109
8207,109
8208,109
8209,109
8210,109
8211,109
8212,109
8213,109
8214,109
8215,109
8216,109
8217,109
8218,109
8219,109
8220,109
8221,109
8222,109
8223,109
8224,109
8225,109
8226,109
8227,109
8228,109
8229,109
8230,109
8231,109
8232,109
8233,109
8234,109
8235,109
8236,109
8237,109
8238,109
8239,109
8240,109
8241,23
8242,109
8243,109
8244,109
8245,109
8246,109
8247,109
8248,109
8249,109
8250,109
8251,109
8252,109
8253,109
8254,109
8255,109
8256,109
8257,109
8258,109
8259,109
8260,109
8261,77
8262,77
8263,18
8263,44
8264,18
8264,44
8265,18
8265,44
8266,18
8266,44
8267,18
8267,44
8268,18
8268,44
8269,18
8269,44
8270,18
8270,44
8271,18
8271,44
8272,18
8272,44
8273,18
8273,44
8274,18
8274,44
8275,18
8275,44
8276,23
8278,109
8279,109
8280,109
8281,109
8282,109
8283,109
8284,109
8286,109
8287,109
8288,109
8289,109
8290,109
8291,109
8292,109
8293,109
8294,109
8295,109
8296,109
8297,109
8298,109
8299,109
8300,109
8301,109
8302,109
8303,109
8304,109
8305,109
8306,109
8307,109
8308,109
8309,109
8310,109
8315,109
8316,109
8317,109
8318,109
8319,109
8320,109
8321,109
8322,109
8323,109
8324,109
8325,109
8326,109
8327,109
8328,109
8329,109
8330,109
8331,109
8332,109
8333,109
8334,109
8335,109
8336,109
8337,109
8338,109
8339,109
8340,49
8340,77
8341,109
8343,1
8343,37
8343,40
8343,43
8343,92
8344,109
8345,109
8346,109
8347,109
8348,109
8349,109
8350,109
8351,109
8352,109
8353,109
8354,109
8355,109
8356,109
8357,109
8358,109
8359,109
8360,109
8361,109
8362,109
8363,109
8364,109
8365,109
8366,1
8366,37
8366,92
8367,1
8367,37
8367,92
8368,1
8368,43
8368,92
8369,1
8369,37
8369,92
8370,18
8371,18
8372,33
8372,34
8372,77
8373,1
8373,43
8373,92
8374,10
8374,44
8375,49
8376,18
8377,18
8378,33
8378,34
8379,33
8379,34
8380,23
8381,23
8382,23
8382,32
8385,49
8385,109
8386,38
8387,69
8389,23
8389,44
8390,69
8391,18
8392,69
8393,69
8395,32
8396,32
8397,18
8398,18
8399,77
8400,77
8401,77
8402,1
8402,37
8402,77
8402,92
8403,109
8404,109
8405,109
8406,109
8407,109
8410,32
8410,109
8411,77
8412,18
8412,23
8413,18
8413,33
8413,34
8413,44
8414,18
8414,33
8414,34
8414,44
8415,109
8416,18
8416,33
8416,34
8416,44
8417,109
8418,109
8419,109
8420,109
8421,109
8422,109
8423,109
8424,95
8425,95
8426,23
8427,109
8428,18
8428,23
8429,109
8432,18
8433,109
8434,109
8435,109
8436,109
8437,109
8438,109
8439,109
8440,109
8441,109
8442,109
8443,109
8444,109
8445,109
8446,109
8447,109
8448,109
8449,109
8450,109
8451,109
8452,109
8453,109
8454,109
8455,109
8456,109
8457,109
8458,109
8459,109
8460,109
8461,109
8462,109
8463,109
8464,109
8465,109
8466,109
8467,109
8468,109
8469,109
8470,109
8471,109
8472,109
8473,109
8474,109
8475,46
8475,80
8476,46
8477,46
8477,80
8478,21
8479,23
8480,32
8481,32
8482,32
8483,77
8484,77
8485,77
8486,77
8487,77
8488,77
8489,18
8490,23
8491,18
8492,23
8493,44
8494,33
8494,34
8495,109
8496,26
8499,32
8500,18
8501,18
8502,18
8502,23
8504,18
8505,18
8506,18
8507,18
8508,23
8509,18
8509,44
8510,18
8510,44
8512,18
8512,23
8529,95
8530,95
8531,18
8531,44
8532,18
8533,69
8534,18
8534,33
8534,34
8534,44
8535,18
8536,18
8537,18
8538,18
8539,18
8540,18
8541,18
8542,18
8543,18
8544,18
8545,77
8546,77
8547,77
8548,77
8549,77
8550,77
8551,32
8552,32
8553,32
8554,109
8555,18
8555,23
8555,44
8561,18
8562,21
8563,18
8565,18
8566,18
8568,18
8569,44
8574,18
8575,18
8576,18
8577,32
8578,69
8579,44
8580,109
8581,18
8582,49
8583,44
8584,44
8585,18
8585,23
8586,18
8587,18
8588,18
8589,18
8590,18
8591,95
8592,23
8593,23
8594,23
8595,23
8595,44
8596,32
8598,18
8598,33
8599,109
8600,109
8601,109
8602,109
8603,109
8604,109
8605,109
8606,109
8607,18
8608,18
8609,18
8610,18
8613,23
8615,32
8616,69
8617,18
8618,18
8619,18
8619,44
8620,33
8621,77
8622,23
8623,32
8624,32
8625,32
8626,26
8627,26
8628,109
8629,109
8630,109
8631,109
8632,109
8633,109
8634,109
8635,44
8637,49
8638,49
8639,49
8641,23
8642,18
8642,23
8643,77
8644,44
8645,44
8646,44
8647,18
8647,105
8648,33
8648,34
8649,32
8650,18
8651,95
8652,44
8652,105
8653,23
8655,77
8656,44
8656,77
8657,44
8658,18
8659,18
8660,18
8661,18
8662,18
8663,18
8663,44
8664,18
8664,44
8665,18
8665,44
8666,18
8667,18
8668,18
8669,1
8669,43
8669,92
8670,109
8671,109
8672,18
8673,18
8673,33
8673,34
8674,18
8675,18
8676,18
8677,109
8678,109
8680,32
8681,18
8682,109
8683,69
8684,69
8685,23
8686,109
8687,23
8688,109
8689,109
8690,109
8691,109
8692,49
8693,23
8693,49
8694,18
8695,18
8696,18
8697,18
8698,18
8699,18
8700,18
8700,23
8701,95
8702,95
8703,44
8704,97
8705,109
8706,77
8707,109
8708,23
8709,109
8710,18
8711,109
8712,18
8713,109
8714,109
8715,109
8716,109
8717,109
8718,109
8719,109
8720,109
8721,109
8722,109
8723,109
8724,109
8725,109
8726,109
8727,1
8727,92
8728,33
8728,34
8729,18
8729,23
8730,18
8730,23
8731,44
8732,44
8733,44
8734,32
8735,32
8737,103
8738,103
8739,44
8740,44
8741,109
8742,44
8743,109
8744,109
8745,109
8746,109
8747,109
8748,109
8749,109
8750,109
8751,109
8752,109
8753,109
8754,109
8755,109
8756,109
8757,109
8758,109
8759,109
8760,109
8761,109
8762,109
8763,109
8764,1
8764,37
8764,92
8765,6
8766,6
8767,6
8768,30
8768,34
8768,44
8768,92
8769,30
8769,34
8769,44
8769,92
8770,44
8771,18
8771,44
8772,1
8772,37
8772,92
8773,23
8774,49
8775,49
8776,33
8776,34
8777,33
8777,34
8778,33
8778,34
8779,32
8780,77
8781,109
8782,67
8783,77
8783,92
8784,23
8786,77
8787,109
8788,32
8789,32
8790,18
8791,18
8792,18
8793,18
8794,18
8795,18
8796,18
8797,23
8798,23
8799,23
8800,23
8801,109
8802,109
8803,109
8804,33
8804,34
8805,18
8806,18
8806,23
8807,18
8807,23
8808,18
8809,18
8810,18
8811,18
8812,18
8813,18
8815,33
8815,34
8815,77
8825,63
8826,63
8827,63
8828,12
8829,18
8829,33
8830,77
8831,77
8832,23
8833,23
8834,23
8835,23
8836,18
8837,18
8838,18
8839,18
8840,18
8840,44
8841,18
8841,44
8843,92
8844,23
8845,69
8846,18
8846,23
8846,33
8847,23
8847,33
8847,34
8848,6
8849,49
8850,49
8851,18
8852,1
8852,37
8852,77
8852,92
8853,109
8854,23
8855,49
8857,109
8858,109
8859,109
8860,23
8861,33
8863,18
8864,23
8865,63
8866,63
8867,63
8868,109
8869,63
8871,63
8872,109
8873,109
8874,109
8876,33
8876,34
8877,109
8878,32
8879,18
8880,18
8881,18
8882,18
8883,33
8883,34
8884,18
8884,33
8884,34
8885,23
8886,109
8887,109
8888,109
8889,18
8889,23
8890,18
8890,23
8891,18
8891,23
8891,33
8891,44
8892,18
8892,23
8893,43
8893,92
8894,109
8895,18
8896,18
8897,109
8898,18
8898,44
8899,23
8900,23
8901,23
8902,23
8903,23
8904,23
8905,23
8906,23
8907,23
8908,69
8910,18
8910,33
8910,34
8913,38
8914,38
8915,18
8915,44
8917,32
8918,32
8919,49
8920,49
8921,49
8923,38
8924,38
8925,38
8926,32
8926,77
8932,1
8932,37
8932,92
8933,21
8934,109
8935,109
8936,109
8937,40
8937,43
8938,18
8938,23
8938,33
8939,33
8939,34
8940,18
8940,33
8940,34
8941,1
8941,37
8941,77
8941,92
8942,67
8943,77
8944,77
8945,49
8946,32
8947,32
8948,40
8948,77
8948,92
8949,40
8949,77
8949,92
8950,40
8950,77
8950,92
8951,40
8951,77
8951,92
8952,95
8953,33
8953,34
8954,95
8955,44
8956,44
8957,44
8958,44
8959,18
8959,33
8959,34
8959,44
8960,33
8960,34
8960,44
8961,23
8962,38
8963,23
8964,23
8965,23
8966,23
8967,23
8968,23
8969,23
8970,18
8971,18
8974,33
8974,34
8975,95
8976,95
8977,109
8978,109
8979,109
8980,109
8981,109
8982,109
8983,109
8984,109
8985,109
8986,109
8987,109
8988,109
8989,109
8990,32
8991,32
8993,23
8994,23
8995,18
8995,23
8995,44
8996,23
8996,33
8996,34
8997,1
8997,37
8997,40
8997,92
8998,18
8998,44
8999,18
8999,44
9000,18
9000,44
9001,109
9002,109
9003,109
9004,109
9005,23
9005,33
9005,34
9006,23
9006,33
9006,34
9007,23
9007,33
9007,34
9007,49
9008,23
9008,33
9008,34
9009,23
9009,33
9009,34
9010,23
9011,23
9012,23
9013,55
9014,32
9015,32
9016,18
9016,23
9016,33
9016,34
9017,18
9017,23
9018,32
9019,18
9020,33
9020,34
9021,18
9022,18
9023,32
9024,18
9025,23
9025,33
9025,34
9026,18
9026,23
9027,18
9027,23
9028,33
9028,34
9029,44
9031,109
9032,1
9032,43
9032,92
9033,32
9034,11
9035,11
9037,32
9038,18
9040,55
9042,33
9042,34
9043,18
9044,21
9045,109
9046,109
9047,32
9048,18
9049,18
9050,18
9051,44
9052,23
9053,18
9053,44
9054,18
9055,69
9057,18
9058,18
9059,18
9060,18
9061,18
9062,18
9063,33
9063,34
9064,18
9065,18
9066,18
9067,18
9068,77
9069,18
9070,18
9071,38
9072,44
9073,18
9074,18
9075,18
9076,18
9077,109
9078,109
9079,21
9080,21
9081,18
9081,44
9082,33
9082,34
9083,44
9084,44
9085,109
9086,18
9087,18
9088,49
9089,49
9090,49
9091,49
9092,18
9093,18
9094,18
9094,23
9095,49
9096,49
9097,49
9098,49
9099,49
9100,33
9100,34
9101,33
9101,34
9102,21
9104,18
9105,18
9106,44
9109,1
9109,37
9109,40
9109,43
9109,92
9110,109
9111,18
9111,23
9112,27
9112,43
9112,56
9113,23
9114,32
9115,32
9116,32
9117,32
9118,18
9119,18
9120,18
9121,18
9122,18
9123,18
9124,18
9125,18
9126,18
9127,18
9128,18
9129,18
9130,18
9132,44
9133,44
9134,23
9135,37
9135,40
9135,92
9136,71
9137,23
9138,23
9139,18
9140,18
9141,18
9141,33
9141,34
9141,44
9142,18
9142,33
9142,34
9142,44
9143,18
9143,33
9143,34
9143,44
9144,23
9148,18
9148,93
9149,18
9149,93
9150,33
9150,34
9151,44
9151,48
9152,18
9152,93
9153,23
9155,18
9155,34
9156,23
9157,23
9158,32
9160,33
9160,34
9161,33
9161,34
9161,77
9162,1
9162,37
9162,92
9170,77
9171,23
9172,1
9172,37
9172,92
9173,18
9174,18
9176,6
9176,16
9177,6
9178,33
9178,34
9179,109
9180,109
9181,109
9182,23
9184,109
9185,18
9186,109
9187,109
9189,1
9189,37
9189,92
9190,23
9192,77
9193,77
9194,18
9195,18
9196,18
9197,18
9202,1
9202,37
9202,92
9203,23
9203,109
9204,23
9204,109
9205,18
9205,23
9206,18
9206,23
9207,23
9208,17
9209,77
9210,77
9211,77
9213,18
9213,23
9214,18
9214,23
9215,69
9216,69
9217,49
9218,18
9219,18
9220,37
9220,92
9221,18
9222,18
9223,18
9224,18
9225,18
9226,32
9226,59
9227,1
9227,37
9227,92
9228,1
9228,37
9228,92
9230,44
9231,59
9232,59
9233,18
9234,18
9235,23
9236,109
9237,109
9238,109
9239,109
9240,69
9241,18
9241,23
9242,18
9244,2
9244,32
9245,18
9246,18
9247,33
9247,34
9247,44
9248,33
9248,34
9248,44
9249,33
9249,34
9249,44
9250,33
9250,34
9250,44
9251,33
9251,34
9251,44
9253,74
9254,74
9255,74
9256,27
9256,43
9256,56
9256,92
9257,95
9258,95
9259,23
9260,71
9261,97
9262,18
9262,23
9262,33
9262,34
9262,44
9263,18
9263,23
9263,33
9263,34
9263,44
9264,18
9264,23
9265,23
9267,37
9267,71
9268,44
9269,18
9269,44
9270,33
9270,34
9271,18
9271,44
9272,8
9273,33
9273,34
9276,109
9277,23
9280,23
9281,32
9282,18
9284,30
9285,30
9288,23
9288,44
9289,44
9290,23
9292,18
9292,93
9293,18
9294,18
9294,33
9294,34
9294,44
9295,37
9295,67
9295,71
9296,21
9297,21
9298,21
9299,109
9300,109
9301,109
9304,18
9304,77
9305,18
9305,77
9306,18
9306,77
9307,18
9307,77
9308,18
9308,23
9309,18
9309,44
9309,59
9310,21
9311,44
9311,77
9312,44
9313,18
9314,33
9314,34
9314,77
9315,1
9315,37
9315,40
9315,43
9315,92
9316,109
9317,109
9318,109
9319,109
9320,109
9321,109
9322,109
9323,109
9326,18
9327,23
9328,18
9329,18
9330,18
9330,44
9331,18
9332,44
9333,69
9334,18
9335,18
9336,18
9336,34
9337,109
9338,109
9339,3
9339,18
9340,1
9340,37
9340,92
9341,18
9341,23
9342,18
9342,44
9343,23
9344,23
9344,44
9345,69
9346,69
9347,69
9348,69
9349,69
9350,69
9351,69
9352,69
9353,69
9354,69
9355,69
9356,69
9357,69
9358,69
9359,69
9360,18
9361,18
9362,18
9363,18
9364,18
9365,18
9366,18
9367,18
9368,109
9369,18
9370,18
9371,18
9371,93
9372,34
9373,23
9373,33
9373,34
9374,21
9376,49
9377,32
9378,38
9379,23
9380,27
9380,43
9380,56
9380,77
9381,18
9381,44
9385,18
9385,23
9385,44
9386,77
9387,109
9388,37
9388,71
9389,18
9390,69
9391,44
9392,44
9393,33
9393,34
9393,77
9394,18
9397,18
9397,44
9398,23
9402,23
9403,23
9404,23
9405,32
9406,69
9407,69
9408,69
9409,95
9410,95
9411,18
9412,18
9413,18
9413,23
9413,33
9413,34
9413,44
9413,77
9414,18
9414,23
9415,33
9415,34
9416,33
9416,34
9417,33
9417,34
9418,18
9418,23
9418,33
9418,34
9419,69
9420,69
9421,69
9422,44
9424,1
9424,37
9424,92
9425,23
9425,33
9425,34
9426,23
9426,33
9426,34
9427,18
9427,23
9428,109
9429,109
9430,109
9431,109
9432,109
9433,109
9434,23
9435,23
9436,23
9437,105
9438,18
9439,18
9440,18
9441,18
9442,69
9443,18
9443,44
9444,21
9445,18
9445,44
9446,23
9447,23
9448,23
9449,23
9450,109
9451,109
9452,109
9453,1
9453,37
9453,77
9453,92
9458,109
9459,69
9460,32
9461,69
9462,109
9463,109
9464,109
9465,109
9466,32
9467,1
9467,43
9467,92
9468,1
9468,43
9468,92
9469,32
9469,44
9470,44
9471,98
9472,98
9473,98
9474,18
9475,18
9476,18
9476,23
9476,33
9476,34
9477,18
9478,18
9479,18
9480,18
9481,18
9482,18
9483,18
9484,33
9484,34
9485,33
9485,34
9486,77
9487,18
9490,23
9492,18
9493,18
9494,44
9494,48
9497,69
9500,109
9501,109
9502,109
9503,109
9504,18
9506,23
9507,38
9508,38
9509,38
9510,18
9511,18
9514,109
9523,21
9524,109
9525,18
9526,18
9526,23
9527,109
9528,109
9529,109
9530,109
9531,18
9532,18
9532,23
9532,44
9533,49
9534,49
9535,49
9536,49
9537,49
9540,18
9545,44
9547,1
9547,37
9547,92
9548,18
9548,44
9549,18
9550,18
9551,18
9552,18
9553,18
9554,32
9555,109
9556,18
9556,23
9559,23
9560,18
9561,77
9562,77
9563,77
9564,77
9565,77
9566,77
9567,77
9568,77
9569,77
9570,77
9571,77
9572,33
9572,34
9572,77
9573,13
9574,13
9574,105
9575,44
9576,44
9577,44
9578,8
9579,8
9580,8
9581,8
9582,49
9583,49
9584,18
9585,32
9586,18
9588,32
9588,109
9589,18
9589,44
9590,18
9590,44
9591,23
9591,33
9591,34
9591,44
9592,18
9595,109
9596,109
9597,109
9598,109
9599,18
9600,23
9600,33
9600,34
9601,29
9601,77
9602,69
9603,69
9604,23
9605,77
9606,18
9606,23
9606,44
9607,18
9608,33
9608,34
9609,23
9610,77
9611,23
9612,32
9613,32
9614,44
9615,32
9616,18
9616,23
9617,18
9618,18
9620,18
9621,109
9622,32
9623,21
9624,33
9624,34
9624,44
9625,18
9625,34
9626,23
9627,23
9628,23
9629,18
9629,93
9635,44
9636,44
9637,32
9638,32
9639,23
9643,109
9644,32
9644,33
9644,34
9645,32
9645,33
9645,34
9646,18
9646,34
9647,18
9647,34
9648,1
9648,43
9648,92
9649,18
9650,27
9650,43
9650,56
9650,92
9651,18
9652,44
9653,44
9654,109
9657,18
9658,23
9659,23
9660,69
9661,18
9661,23
9663,32
9664,18
9664,34
9665,105
9667,105
9668,105
9670,33
9670,34
9671,18
9672,109
9673,18
9674,23
9675,23
9677,11
9678,18
9678,23
9678,33
9678,34
9679,77
9680,77
9682,18
9682,23
9683,49
9685,18
9686,18
9687,18
9688,23
9689,77
9690,109
9691,18
9692,18
9693,1
9693,43
9693,92
9694,32
9695,32
9696,109
9697,109
9698,109
9699,109
9701,1
9701,37
9701,92
9702,40
9702,43
9702,77
9706,18
9707,21
9708,23
9709,18
9709,44
9710,18
9710,44
9711,18
9711,33
9711,34
9712,8
9713,6
9714,69
9715,58
9716,33
9716,34
9717,23
9718,18
9718,23
9719,18
9720,49
9720,109
9721,109
9723,69
9724,69
9725,69
9726,69
9727,23
9727,32
9728,27
9728,43
9728,56
9729,18
9729,33
9729,34
9729,44
9730,23
9731,18
9731,44
9735,23
9736,109
9737,109
9738,33
9738,34
9739,18
9739,34
9740,18
9740,34
9741,69
9742,23
9743,23
9744,63
9744,109
9745,63
9745,109
9746,55
9747,109
9748,109
9749,18
9749,109
9750,23
9751,23
9752,44
9753,18
9754,23
9754,33
9754,34
9755,32
9756,18
9757,77
9758,77
9759,77
9759,92
9760,77
9761,46
9762,46
9763,46
9764,109
9765,18
9766,18
9767,18
9767,44
9768,18
9768,44
9769,18
9769,44
9770,77
9771,23
9771,44
9772,23
9773,23
9774,23
9775,23
9776,23
9777,23
9778,23
9779,23
9780,33
9780,34
9781,97
9782,33
9782,34
9783,18
9783,44
9784,18
9784,44
9785,18
9786,18
9787,18
9788,18
9789,18
9790,18
9791,18
9792,18
9793,18
9794,18
9795,18
9796,18
9797,18
9798,18
9799,18
9800,18
9801,18
9802,18
9803,18
9804,18
9805,18
9806,18
9807,18
9808,18
9809,18
9810,18
9810,44
9810,59
9811,18
9812,18
9812,44
9812,59
9813,18
9813,44
9813,59
9814,18
9814,44
9814,59
9815,109
9816,18
9817,109
9818,109
9819,109
9820,18
9821,69
9824,109
9825,18
9825,23
9826,18
9827,18
9827,33
9827,34
9827,44
9828,18
9828,33
9828,34
9828,44
9829,1
9829,37
9829,92
9830,18
9831,23
9831,44
9832,69
9833,23
9834,18
9835,32
9835,69
9836,23
9837,23
9839,37
9839,67
9839,71
9840,37
9840,71
9841,18
9841,93
9842,18
9842,77
9843,3
9843,18
9844,109
9845,49
9846,49
9847,23
9848,109
9849,18
9850,49
9851,23
9852,23
9853,23
9854,23
9855,23
9856,23
9857,23
9858,23
9859,109
9860,109
9861,109
9862,109
9863,109
9864,23
9864,44
9865,23
9865,44
9866,23
9866,44
9867,23
9867,44
9868,23
9869,109
9870,109
9871,18
9872,32
9873,32
9874,32
9875,8
9875,18
9875,44
9876,18
9877,69
9878,18
9879,18
9879,44
9880,23
9881,23
9882,23
9883,23
9884,23
9885,18
9885,23
9886,21
9887,69
9888,69
9890,69
9891,44
9892,44
9893,23
9894,33
9894,34
9894,44
9895,33
9895,34
9895,44
9896,33
9896,34
9897,23
9898,32
9899,44
9899,48
9900,23
9901,109
9903,44
9904,18
9904,33
9904,34
9905,18
9905,23
9912,32
9913,109
9914,18
9915,33
9915,34
9916,18
9917,18
9918,71
9920,44
9921,49
9922,109
9923,109
9924,109
9925,109
9926,77
9927,77
9929,77
9930,77
9931,77
9932,77
9936,109
9937,18
9938,18
9941,23
9942,23
9943,23
9944,23
9945,23
9946,23
9947,23
9948,23
9949,23
9950,23
9951,18
9951,44
9952,32
9953,77
9954,1
9954,34
9954,37
9954,40
9954,92
9955,32
9956,40
9956,77
9958,109
9959,109
9960,18
9961,18
9962,18
9963,44
9964,44
9965,44
9966,77
9967,59
9968,59
9969,44
9970,44
9971,44
9972,44
9972,109
9973,34
9974,18
9974,44
9975,18
9975,44
9976,59
9977,109
9978,18
9978,44
9979,18
9979,44
9980,18
9980,44
9981,18
9981,44
9982,18
9982,44
9983,18
9983,44
9984,33
9984,34
9985,23
9986,18
9987,18
9987,44
9988,109
9989,49
9990,1
9990,34
9993,18
9994,18
9995,18
9996,18
9997,18
9998,32
9999,32
10000,109
10001,109
10002,109
10008,18
10009,18
10010,18
10011,18
10012,69
10013,18
10014,18
10015,18
10015,109
10016,32
10016,33
10016,34
10017,18
10018,18
10019,18
10019,44
10020,18
10021,18
10028,18
10029,44
10030,44
10032,18
10033,18
10033,23
10039,23
10040,44
10040,105
10041,44
10041,105
10042,44
10042,105
10043,44
10043,105
10044,44
10044,105
10045,44
10045,105
10046,44
10046,105
10047,44
10047,105
10048,1
10048,37
10048,40
10048,43
10048,92
10049,18
10050,32
10050,44
10053,18
10053,33
10053,34
10053,44
10054,18
10054,33
10054,34
10054,44
10055,59
10056,33
10056,34
10057,33
10057,34
10058,33
10058,34
10059,33
10059,34
10060,67
10061,67
10062,67
10063,23
10064,23
10065,105
10066,105
10067,105
10068,18
10068,33
10068,34
10069,18
10069,33
10069,34
10070,18
10071,18
10072,69
10073,69
10074,69
10075,18
10076,27
10077,27
10078,27
10079,27
10080,27
10081,27
10082,27
10083,27
10088,23
10088,32
10089,18
10089,44
10090,77
10091,18
10095,1
10095,43
10095,92
10096,1
10096,43
10096,92
10097,1
10097,43
10097,92
10099,29
10099,77
10100,18
10101,18
10102,18
10102,109
10103,77
10104,40
10104,43
10104,77
10105,23
10106,1
10106,37
10106,77
10106,92
10107,109
10108,109
10109,109
10110,18
10111,23
10115,18
10115,23
10115,33
10115,34
10116,32
10116,109
10117,33
10117,34
10118,18
10119,18
10120,18
10121,18
10123,18
10123,93
10124,18
10124,93
10125,69
10126,69
10127,18
10128,33
10128,34
10129,23
10130,33
10130,34
10131,23
10131,49
10131,109
10132,23
10133,32
10134,33
10134,34
10138,18
10141,89
10142,89
10143,33
10143,34
10143,77
10144,109
10145,109
10146,97
10147,109
10148,18
10149,18
10150,18
10154,18
10155,18
10155,93
10156,18
10157,69
10158,18
10159,18
10159,64
10160,18
10160,33
10160,34
10160,44
10161,18
10161,33
10161,34
10161,44
10162,18
10162,33
10162,34
10162,44
10164,1
10164,37
10164,40
10164,43
10164,77
10164,92
10165,77
10166,77
10167,77
10168,77
10169,33
10169,34
10170,33
10170,34
10171,33
10171,34
10172,49
10172,109
10173,49
10173,109
10175,77
10177,44
10177,105
10178,44
10179,44
10179,105
10180,23
10181,69
10182,44
10182,105
10183,23
10184,23
10185,44
10185,105
10186,109
10187,33
10187,34
10187,44
10188,23
10188,33
10188,34
10189,18
10190,18
10191,18
10192,1
10192,43
10192,56
10192,92
10193,1
10193,43
10193,56
10193,92
10194,1
10194,43
10194,56
10194,92
10195,18
10195,44
10196,18
10200,33
10200,34
10201,33
10202,77
10203,95
10204,95
10205,109
10206,109
10207,109
10208,32
10209,18
10209,34
10212,49
10213,33
10213,34
10213,44
10214,18
10215,21
10215,44
10216,23
10216,32
10217,33
10217,34
10218,33
10218,34
10219,18
10220,49
10221,23
10222,23
10223,23
10224,23
10225,18
10225,23
10226,18
10226,23
10227,23
10228,23
10228,44
10229,23
10229,44
10230,18
10230,44
10231,37
10231,40
10231,43
10231,92
10232,49
10233,18
10234,44
10235,44
10236,18
10237,18
10238,18
10252,23
10253,59
10254,44
10255,69
10256,69
10257,69
10258,44
10258,109
10259,109
10260,109
10261,18
10262,18
10263,23
10266,18
10266,23
10267,33
10267,34
10268,18
10270,23
10270,49
10270,109
10271,23
10272,23
10273,23
10274,49
10275,17
10276,17
10277,17
10278,23
10279,18
10280,40
10280,77
10280,92
10281,1
10281,92
10282,40
10282,77
10282,92
10283,44
10284,23
10285,32
10286,49
10287,49
10288,18
10288,23
10289,23
10289,44
10294,18
10294,23
10294,44
10295,18
10295,33
10295,34
10295,44
10296,18
10300,77
10301,77
10304,33
10304,34
10307,18
10307,44
10308,55
10309,18
10309,23
10310,23
10311,18
10312,23
10313,23
10314,23
10316,18
10317,69
10318,77
10319,18
10319,44
10320,49
10321,33
10321,34
10323,77
10324,21
10325,77
10326,33
10326,34
10327,18
10327,44
10328,49
10329,109
10330,109
10331,32
10332,32
10333,32
10334,32
10336,69
10337,21
10338,21
10339,21
10340,21
10341,2
10341,32
10342,1
10342,37
10342,92
10343,1
10343,37
10343,92
10344,69
10345,27
10345,56
10345,92
10346,10
10347,10
10348,10
10349,10
10350,10
10351,10
10352,18
10352,44
10353,10
10354,18
10354,44
10355,18
10355,44
10356,23
10357,33
10357,34
10357,77
10358,23
10359,97
10360,97
10361,97
10362,18
10362,44
10364,21
10366,18
10368,23
10369,18
10370,18
10371,18
10372,18
10374,18
10374,44
10375,18
10375,44
10376,18
10376,44
10377,18
10377,44
10378,18
10378,44
10379,18
10379,44
10380,18
10380,44
10381,18
10381,44
10382,18
10382,44
10383,71
10383,109
10384,18
10384,44
10385,18
10385,44
10386,18
10386,44
10387,18
10387,44
10388,18
10388,44
10389,18
10389,44
10390,18
10390,44
10391,18
10391,44
10394,18
10394,44
10395,18
10395,44
10397,18
10398,23
10401,23
10402,23
10403,23
10404,23
10412,23
10414,23
10414,44
10416,18
10417,18
10418,69
10419,59
10420,59
10421,69
10422,33
10422,34
10423,23
10424,23
10425,23
10426,33
10426,34
10427,69
10428,69
10429,23
10429,44
10430,32
10431,77
10432,69
10433,69
10434,69
10435,18
10436,18
10437,109
10439,69
10440,69
10441,69
10442,69
10443,69
10444,32
10446,18
10446,93
10447,18
10447,93
10448,18
10449,49
10450,18
10451,77
10452,109
10454,49
10455,18
10455,49
10456,23
10456,49
10457,23
10457,49
10458,23
10458,49
10459,27
10466,38
10467,18
10468,109
10469,1
10469,37
10469,92
10470,109
10471,109
10472,109
10473,109
10474,43
10474,77
10475,21
10476,21
10477,1
10477,77
10477,92
10478,32
10478,49
10478,71
10478,77
10479,71
10480,71
10481,71
10482,71
10483,71
10484,71
10485,71
10486,109
10487,23
10487,34
10487,71
10488,18
10489,18
10490,23
10491,23
10492,23
10493,69
10494,77
10495,18
10495,44
10496,77
10497,18
10498,23
10501,18
10502,18
10503,34
10507,23
10508,18
10510,34
10511,34
10512,23
10512,44
10513,23
10513,44
10514,23
10514,44
10515,23
10515,44
10516,59
10517,10
10517,44
10518,10
10518,44
10519,10
10519,44
10520,69
10521,109
10522,44
10523,23
10524,46
10525,46
10526,46
10528,59
10529,59
10530,18
10530,23
10530,33
10530,34
10530,44
10530,77
10531,18
10531,23
10531,33
10531,34
10531,44
10531,77
10532,18
10532,23
10532,33
10532,34
10532,44
10532,77
10533,6
10534,6
10537,69
10538,18
10538,23
10538,32
10538,37
10538,44
10539,18
10539,33
10539,34
10539,44
10540,33
10540,34
10541,33
10541,34
10542,33
10542,34
10543,18
10544,18
10545,18
10545,23
10546,18
10547,33
10547,34
10547,44
10548,18
10549,18
10550,18
10551,18
10552,18
10553,18
10554,18
10555,18
10556,77
10557,77
10558,8
10559,18
10559,93
10559,105
10560,18
10560,93
10560,105
10561,18
10561,105
10562,18
10562,44
10563,18
10563,44
10564,18
10565,40
10565,77
10566,40
10566,77
10567,40
10568,40
10569,40
10569,77
10570,40
10571,40
10571,77
10572,40
10572,77
10573,40
10574,40
10574,77
10575,97
10575,103
10576,103
10577,103
10578,97
10578,103
10586,44
10586,77
10587,1
10587,34
10587,37
10587,92
10588,44
10589,32
10590,18
10590,34
10595,23
10596,23
10598,18
10599,33
10599,34
10600,18
10601,23
10601,33
10601,34
10604,18
10604,93
10606,18
10607,18
10608,18
10609,18
10610,44
10611,44
10612,44
10613,44
10614,92
10615,30
10616,49
10617,1
10617,37
10617,40
10617,92
10618,1
10618,37
10618,40
10618,92
10619,97
10620,109
10621,109
10622,109
10623,109
10624,109
10625,109
10626,109
10627,77
10628,32
10629,32
10630,59
10632,1
10632,43
10632,92
10633,23
10634,77
10635,77
10636,77
10637,77
10638,77
10639,77
10640,23
10641,1
10641,37
10641,92
10642,1
10642,37
10642,92
10643,1
10643,37
10643,92
10644,1
10644,37
10644,92
10645,69
10646,69
10647,69
10648,58
10649,69
10651,23
10652,23
10653,23
10654,23
10655,23
10656,23
10657,49
10658,18
10659,18
10659,48
10660,18
10661,18
10662,18
10663,18
10664,18
10665,109
10666,109
10667,109
10668,78
10669,109
10670,109
10671,109
10672,109
10673,109
10674,109
10675,23
10676,23
10678,44
10679,44
10680,44
10681,33
10681,34
10682,33
10682,34
10683,49
10683,109
10684,18
10684,44
10688,33
10688,34
10689,18
10689,44
10689,59
10690,77
10691,77
10692,77
10693,77
10694,77
10695,77
10696,77
10701,77
10702,109
10703,109
10704,109
10705,109
10706,109
10707,109
10708,109
10709,109
10710,18
10711,18
10712,18
10713,18
10713,23
10713,44
10714,18
10714,33
10715,18
10715,33
10716,23
10717,23
10718,44
10719,32
10720,33
10720,34
10721,44
10722,69
10723,69
10724,109
10725,109
10726,109
10727,109
10728,109
10729,109
10730,109
10732,23
10733,93
10734,18
10734,93
10735,18
10735,93
10736,18
10736,93
10737,18
10737,93
10738,18
10738,93
10739,18
10739,93
10740,18
10740,93
10741,18
10741,93
10742,18
10742,93
10743,1
10743,43
10743,92
10744,1
10744,43
10744,92
10746,49
10747,18
10747,44
10747,59
10748,8
10749,6
10750,44
10750,59
10751,33
10751,34
10752,33
10752,34
10753,33
10753,34
10754,18
10755,33
10755,34
10755,77
10756,18
10756,33
10758,18
10759,18
10760,33
10760,34
10761,49
10762,33
10762,34
10763,33
10763,34
10764,18
10764,44
10765,18
10770,69
10771,69
10772,69
10773,69
10774,69
10775,69
10776,18
10776,93
10777,18
10777,93
10778,18
10778,93
10779,18
10779,93
10780,18
10780,93
10781,18
10781,93
10782,33
10782,34
10785,109
10786,109
10787,109
10788,109
10789,109
10790,109
10791,109
10792,109
10793,109
10794,23
10795,23
10796,103
10797,103
10798,103
10799,103
10800,23
10801,18
10801,33
10802,18
10802,34
10803,18
10803,34
10804,18
10804,23
10806,23
10806,44
10807,32
10808,23
10808,44
10809,32
10810,32
10811,32
10812,32
10813,32
10814,32
10815,18
10816,18
10817,18
10819,18
10819,44
10820,18
10821,18
10822,18
10823,23
10824,77
10825,23
10826,23
10827,23
10828,23
10829,18
10829,23
10830,18
10830,109
10834,18
10834,44
10835,18
10835,44
10836,33
10836,34
10837,33
10837,34
10838,77
10839,18
10841,33
10841,34
10842,18
10842,23
10842,44
10843,69
10844,69
10845,23
10846,23
10847,23
10848,18
10849,18
10852,18
10852,44
10852,59
10854,18
10854,44
10854,59
10855,18
10855,44
10855,59
10856,18
10856,44
10856,59
10857,18
10857,44
10857,59
10858,18
10858,44
10858,59
10859,18
10859,44
10859,59
10860,18
10860,44
10860,59
10861,18
10861,44
10861,59
10862,18
10862,44
10862,59
10863,27
10863,43
10863,56
10864,27
10864,43
10864,56
10865,18
10865,44
10866,18
10866,44
10867,18
10867,44
10868,18
10868,44
10869,18
10870,18
10872,18
10873,18
10874,38
10875,18
10876,18
10877,18
10877,44
10878,18
10878,44
10879,18
10879,44
10880,18
10881,18
10882,18
10883,18
10884,33
10884,34
10885,109
10886,69
10887,69
10888,69
10889,49
10889,69
10890,33
10890,34
10891,109
10892,23
10893,23
10894,23
10895,18
10895,44
10896,109
10897,109
10898,109
10899,109
10900,18
10901,8
10902,59
10903,59
10904,49
10905,18
10905,33
10905,34
10911,95
10912,95
10913,95
10914,95
10915,95
10916,23
10917,44
10918,23
10918,44
10919,23
10922,18
10922,44
10923,18
10923,32
10924,18
10924,32
10925,18
10925,33
10926,44
10927,44
10928,44
10928,48
10929,18
10930,18
10931,18
10932,21
10933,21
10934,77
10935,77
10936,109
10937,109
10938,109
10939,109
10940,77
10941,18
10941,44
10942,109
10943,109
10944,109
10945,18
10946,18
10947,18
10947,23
10949,18
10949,23
10950,23
10951,37
10951,71
10952,23
10953,23
10954,44
10955,1
10955,43
10955,56
10955,92
10956,18
10957,18
10958,109
10959,109
10960,109
10961,109
10962,69
10963,41
10964,23
10965,23
10966,23
10969,23
10970,23
10972,18
10973,18
10974,18
10978,33
10978,34
10978,44
10979,71
10980,18
10981,18
10982,71
10983,18
10984,33
10984,34
10984,44
10985,33
10985,34
10985,44
10986,33
10986,34
10986,44
10988,23
10989,23
10996,109
10997,49
10998,18
11002,32
11003,38
11007,59
11008,40
11008,77
11009,40
11009,77
11011,69
11012,18
11013,18
11014,18
11016,18
11017,18
11018,18
11021,27
11021,56
11021,92
11022,27
11022,56
11022,92
11023,27
11023,56
11023,92
11024,18
11025,18
11026,77
11028,33
11028,34
11029,77
11030,77
11031,69
11032,18
11032,44
11032,59
11033,18
11033,44
11033,59
11034,18
11034,44
11034,59
11035,69
11036,18
11036,23
11037,18
11038,18
11039,18
11040,18
11041,18
11041,34
11042,18
11043,18
11044,33
11044,34
11045,33
11045,34
11046,59
11047,21
11048,41
11049,105
11050,105
11051,105
11052,105
11053,105
11054,109
11055,109
11056,109
11057,109
11058,21
11059,21
11060,44
11061,44
11062,23
11063,23
11064,23
11065,23
11066,23
11067,18
11068,49
11069,23
11069,49
11070,32
11072,18
11072,23
11072,33
11072,34
11073,18
11073,23
11073,33
11073,34
11074,18
11075,32
11079,23
11080,23
11080,49
11081,23
11081,49
11082,18
11084,77
11085,18
11085,23
11086,18
11086,23
11087,18
11087,23
11088,32
11089,32
11090,32
11091,32
11092,32
11093,59
11094,59
11095,44
11096,1
11096,92
11097,44
11098,44
11099,44
11100,18
11101,23
11102,23
11103,23
11104,23
11105,23
11111,77
11112,32
11113,33
11113,34
11114,69
11115,44
11115,48
11116,109
11118,32
11118,105
11119,32
11119,105
11120,13
11121,18
11130,49
11131,8
11131,18
11132,18
11133,18
11134,44
11135,33
11135,34
11136,44
11137,44
11138,44
11139,44
11140,33
11140,34
11141,33
11141,34
11144,33
11144,34
11145,33
11145,34
11146,33
11146,34
11147,18
11148,18
11150,33
11150,34
11152,18
11153,23
11154,23
11155,6
11156,6
11157,18
11158,18
11159,18
11160,18
11161,23
11162,23
11163,23
11164,23
11165,23
11166,18
11167,18
11168,18
11169,46
11169,97
11170,46
11170,97
11171,46
11171,97
11172,46
11172,97
11173,46
11173,97
11174,46
11174,97
11175,46
11175,97
11176,46
11176,97
11177,46
11177,97
11178,46
11178,97
11179,97
11180,109
11181,49
11182,49
11183,49
11184,109
11185,18
11186,18
11187,18
11188,49
11189,49
11190,49
11191,49
11192,49
11193,49
11194,49
11200,8
11201,69
11202,11
11203,69
11205,18
11206,59
11208,33
11208,34
11209,69
11210,21
11211,21
11212,55
11213,44
11213,48
11214,44
11214,48
11215,44
11215,48
11216,44
11217,44
11217,48
11218,44
11220,18
11221,109
11222,109
11223,109
11224,109
11225,6
11226,18
11227,18
11228,33
11228,34
11229,33
11229,34
11230,33
11230,34
11231,33
11231,34
11232,33
11232,34
11233,33
11233,34
11235,33
11235,34
11236,18
11237,18
11238,18
11238,44
11239,59
11240,32
11241,34
11242,18
11243,23
11243,44
11244,59
11246,18
11247,18
11248,18
11248,44
11249,18
11249,23
11250,18
11250,23
11251,18
11252,18
11253,18
11254,59
11255,59
11256,59
11257,109
11258,109
11259,34
11260,23
11261,23
11262,23
11263,18
11264,18
11264,93
11265,18
11266,18
11267,18
11268,18
11269,18
11270,18
11271,18
11272,18
11273,23
11274,23
11275,23
11276,23
11277,23
11280,46
11280,97
11281,46
11281,97
11282,109
11283,109
11284,18
11285,23
11286,69
11287,23
11287,44
11288,18
11288,105
11289,18
11289,105
11290,18
11290,105
11291,18
11291,105
11292,18
11292,105
11293,32
11294,23
11295,23
11296,44
11297,18
11298,18
11310,33
11310,34
11311,109
11312,32
11313,32
11314,77
11315,109
11316,109
11317,109
11319,69
11320,69
11321,18
11321,33
11322,44
11323,44
11324,32
11325,32
11326,23
11327,109
11328,32
11329,32
11330,32
11331,69
11332,69
11333,69
11334,69
11335,18
11336,77
11337,23
11338,18
11338,33
11338,34
11338,44
11339,18
11339,23
11340,33
11340,34
11341,109
11342,109
11343,109
11344,109
11345,1
11345,43
11345,92
11346,33
11346,34
11347,109
11348,109
11349,109
11350,109
11351,109
11352,109
11353,109
11354,109
11355,109
11356,21
11357,77
11358,23
11359,18
11360,77
11361,77
11362,49
11363,49
11364,109
11365,109
11366,109
11367,109
11368,109
11369,109
11370,49
11371,49
11372,69
11376,23
11379,8
11380,8
11381,49
11382,44
11383,33
11383,34
11384,109
11385,109
11386,109
11388,33
11388,34
11388,77
11389,23
11390,23
11391,23
11392,27
11392,56
11392,92
11393,109
11394,109
11395,109
11396,6
11397,6
11398,6
11399,109
11400,109
11401,109
11402,109
11403,109
11404,109
11405,32
11406,77
11407,6
11408,18
11409,6
11410,18
11410,44
11411,44
11412,44
11413,44
11414,44
11415,55
11416,23
11417,32
11418,32
11419,32
11420,18
11421,32
11422,32
11423,77
11424,109
11425,18
11425,23
11425,33
11425,34
11425,44
11425,77
11426,18
11427,49
11428,18
11429,18
11429,23
11430,18
11430,23
11431,1
11431,43
11431,56
11431,92
11432,1
11432,43
11432,56
11432,92
11433,69
11434,69
11435,69
11436,69
11437,59
11441,18
11441,33
11441,34
11441,44
11442,18
11442,33
11442,34
11442,44
11443,18
11443,23
11443,33
11443,34
11444,18
11444,23
11444,33
11444,34
11445,18
11445,23
11445,33
11445,34
11446,18
11446,33
11446,34
11446,44
11447,49
11450,49
11451,18
11451,23
11452,18
11452,23
11453,33
11453,34
11454,6
11455,33
11455,34
11456,18
11456,44
11457,23
11457,44
11458,23
11459,69
11460,1
11460,92
11461,109
11462,109
11463,109
11464,109
11465,18
11466,6
11467,23
11468,109
11469,18
11469,23
11470,18
11470,23
11472,44
11473,33
11473,34
11473,77
11474,32
11477,1
11477,37
11477,40
11477,43
11477,77
11477,92
11478,23
11479,18
11480,18
11481,23
11482,37
11482,40
11482,92
11483,109
11484,32
11485,109
11486,109
11487,109
11488,109
11489,6
11492,23
11492,44
11493,23
11493,44
11494,69
11495,23
11496,49
11496,109
11497,18
11498,18
11499,18
11500,44
11504,77
11505,77
11506,77
11507,18
11508,18
11509,58
11510,23
11511,58
11512,58
11513,58
11514,67
11515,67
11516,109
11517,18
11517,44
11518,18
11518,44
11519,44
11520,33
11520,34
11520,44
11521,33
11521,34
11521,44
11522,33
11522,34
11523,23
11524,23
11525,23
11526,23
11527,18
11528,23
11529,33
11529,34
11530,34
11531,18
11531,33
11531,34
11531,44
11532,32
11533,69
11535,33
11535,34
11536,33
11536,34
11541,109
11542,18
11542,109
11549,18
11550,23
11551,49
11552,49
11553,49
11554,109
11555,109
11556,109
11557,109
11558,109
11559,109
11560,109
11561,109
11562,109
11563,109
11564,109
11565,109
11566,109
11567,18
11567,23
11567,44
11568,109
11569,109
11570,109
11571,109
11572,32
11573,32
11574,32
11575,32
11575,109
11576,32
11576,109
11577,32
11577,109
11578,32
11578,109
11579,32
11579,109
11583,44
11584,44
11585,18
11585,44
11586,18
11586,44
11587,18
11587,44
11588,18
11588,44
11591,44
11592,44
11593,44
11594,33
11594,34
11594,44
11595,44
11596,44
11597,21
11598,21
11599,21
11600,23
11601,32
11601,59
11602,32
11603,69
11604,69
11608,18
11609,18
11610,18
11611,18
11612,18
11613,18
11614,18
11615,18
11620,109
11621,109
11622,18
11622,109
11623,109
11624,109
11625,44
11626,21
11629,32
11630,77
11631,69
11632,69
11633,23
11633,44
11634,109
11635,50
11635,71
11636,50
11636,71
11637,18
11638,18
11639,109
11640,109
11641,8
11642,23
11643,23
11644,23
11645,95
11646,95
11647,95
11648,18
11649,18
11651,44
11652,18
11652,44
11653,33
11653,34
11654,33
11654,34
11655,33
11655,34
11656,83
11657,83
11658,83
11659,83
11660,83
11661,16
11662,16
11663,23
11664,18
11665,32
11666,18
11666,23
11667,23
11668,44
11669,18
11670,59
11671,1
11671,37
11671,40
11671,43
11671,77
11671,92
11672,18
11674,109
11675,109
11676,109
11677,109
11678,18
11678,44
11679,109
11680,109
11681,18
11681,44
11682,32
11683,109
11687,69
11688,69
11689,69
11690,49
11691,105
11692,105
11694,33
11694,34
11695,33
11696,18
11696,23
11696,33
11696,34
11698,69
11699,18
11699,69
11700,69
11704,77
11705,77
11706,77
11707,18
11707,93
11709,18
11709,93
11710,18
11710,44
11711,18
11712,33
11712,34
11719,18
11726,23
11727,23
11728,23
11729,23
11733,32
11733,109
11734,32
11734,109
11735,18
11736,18
11737,1
11737,37
11737,40
11737,43
11737,77
11737,92
11738,18
11739,71
11740,23
11741,23
11742,109
11743,109
11746,18
11747,23
11748,23
11749,23
11750,23
11751,23
11752,23
11753,23
11754,33
11755,18
11755,33
11755,34
11756,18
11756,33
11756,34
11757,18
11757,33
11757,34
11758,11
11759,69
11760,18
11762,23
11763,6
11764,6
11765,6
11766,18
11767,49
11768,49
11769,18
11770,44
11771,37
11771,40
11772,109
11773,11
11774,103
11775,32
11775,109
11776,18
11776,23
11776,44
11778,18
11779,18
11780,18
11781,18
11782,6
11783,6
11784,78
11785,78
11786,109
11787,18
11788,18
11789,18
11790,18
11790,23
11791,103
11792,18
11793,18
11794,18
11795,18
11796,77
11797,109
11798,109
11799,77
11800,109
11801,109
11802,109
11803,33
11803,34
11804,33
11804,34
11805,33
11805,34
11806,33
11806,34
11808,33
11808,34
11809,33
11809,34
11810,33
11810,34
11811,33
11811,34
11812,32
11812,44
11812,59
11813,77
11814,18
11815,18
11816,18
11817,69
11818,18
11818,23
11819,109
11820,18
11821,18
11821,44
11822,55
11823,32
11824,109
11827,23
11828,33
11828,34
11829,33
11829,34
11830,33
11830,34
11831,33
11831,34
11832,18
11832,109
11833,18
11834,49
11835,79
11836,23
11837,77
11838,23
11839,1
11839,43
11839,92
11846,23
11849,23
11851,23
11852,21
11853,21
11854,21
11855,21
11856,49
11856,69
11857,49
11857,69
11858,49
11858,69
11859,49
11859,69
11860,49
11860,69
11861,49
11861,69
11862,49
11862,69
11863,49
11863,69
11864,49
11864,69
11865,49
11865,69
11870,49
11870,69
11871,49
11871,69
11874,49
11874,69
11879,33
11879,34
11880,44
11880,105
11882,18
11882,23
11887,18
11888,23
11889,18
11890,34
11891,18
11892,23
11893,18
11893,23
11893,44
11894,33
11894,34
11895,109
11896,109
11897,109
11898,109
11899,109
11900,109
11901,109
11902,109
11903,18
11904,32
11905,18
11914,32
11919,18
11921,77
11922,77
11923,77
11924,77
11925,44
11926,109
11927,49
11928,32
11928,49
11928,71
11929,109
11930,109
11931,1
11931,43
11931,92
11932,33
11932,34
11933,109
11934,109
11935,109
11936,18
11937,18
11937,33
11939,32
11940,32
11945,18
11945,33
11945,34
11945,44
11946,18
11946,33
11946,34
11946,44
11947,18
11947,33
11947,34
11947,44
11948,77
11949,77
11950,44
11950,48
11952,23
11953,23
11954,18
11954,33
11954,34
11954,44
11955,18
11955,33
11955,34
11955,44
11956,103
11957,18
11957,33
11957,34
11957,44
11958,18
11958,33
11958,34
11958,44
11960,109
11961,109
11962,109
11963,44
11964,44
11965,105
11966,44
11968,18
11968,93
11969,18
11969,93
11970,1
11970,37
11970,92
11971,1
11971,37
11971,92
11972,37
11972,87
11972,92
11973,69
11974,109
11975,109
11976,109
11977,109
11978,18
11982,18
11983,33
11983,34
11984,33
11984,34
11985,33
11985,34
11986,6
11987,6
11988,38
11989,38
11990,38
11991,23
11992,23
11993,23
11994,69
11995,69
11996,69
11997,69
11998,18
11999,18
11999,44
12000,18
12000,44
12001,18
12003,49
12004,23
12005,23
12006,23
12007,44
12008,109
12013,18
12013,44
12014,18
12015,18
12016,18
12018,33
12018,34
12018,44
12019,59
12020,109
12021,109
12022,109
12023,18
12024,109
12025,109
12027,49
12027,69
12029,18
12030,23
12031,23
12032,23
12033,23
12034,23
12035,23
12036,23
12037,23
12038,23
12039,69
12040,6
12041,18
12041,33
12041,34
12041,44
12042,44
12049,8
12050,77
12051,103
12052,109
12053,23
12054,10
12054,44
12055,69
12056,69
12057,18
12058,109
12059,23
12060,23
12061,23
12062,23
12063,23
12064,23
12065,23
12066,67
12067,67
12068,67
12072,18
12073,18
12074,18
12075,18
12076,23
12078,18
12079,18
12079,33
12079,34
12079,44
12080,23
12081,109
12082,109
12083,109
12084,109
12085,109
12086,109
12087,109
12088,109
12089,109
12090,69
12091,18
12091,23
12092,18
12092,23
12093,18
12093,23
12094,44
12095,23
12095,49
12096,23
12096,44
12097,23
12098,23
12099,18
12100,18
12101,109
12102,23
12103,23
12104,21
12105,29
12106,29
12107,29
12108,23
12108,44
12109,23
12109,44
12110,87
12111,87
12112,87
12113,87
12114,109
12115,109
12116,109
12117,109
12118,109
12119,109
12120,23
12120,44
12121,18
12121,44
12122,109
12123,109
12124,78
12125,78
12126,78
12127,78
12128,78
12129,18
12130,18
12131,109
12135,23
12136,23
12137,77
12138,77
12139,77
12140,33
12140,34
12141,33
12141,34
12142,33
12142,34
12143,32
12145,109
12146,109
12147,109
12148,109
12149,109
12150,109
12151,44
12152,23
12152,33
12152,34
12153,32
12153,33
12153,34
12154,33
12154,34
12156,18
12156,44
12157,44
12158,44
12159,1
12159,37
12159,40
12159,77
12159,92
12160,23
12161,1
12161,37
12161,77
12161,92
12162,18
12163,18
12164,18
12165,18
12166,18
12166,44
12168,77
12169,33
12169,34
12170,18
12171,69
12172,69
12173,1
12173,37
12173,77
12173,92
12174,23
12175,23
12176,23
12177,23
12178,23
12179,109
12180,109
12181,109
12182,109
12183,109
12185,18
12185,34
12186,49
12187,49
12188,49
12190,77
12191,109
12192,33
12192,34
12193,109
12194,109
12195,18
12196,23
12196,44
12198,44
12199,18
12200,18
12201,26
12202,26
12203,26
12204,26
12205,26
12206,109
12207,109
12208,109
12209,18
12211,1
12211,37
12211,77
12211,92
12212,33
12212,34
12214,33
12214,34
12215,33
12215,34
12216,33
12216,34
12217,33
12217,34
12218,69
12219,69
12220,109
12221,109
12222,109
12223,109
12224,23
12225,69
12226,23
12227,23
12229,23
12230,23
12230,44
12231,18
12231,33
12232,69
12233,69
12234,69
12235,69
12236,18
12236,105
12237,18
12237,105
12238,18
12238,105
12239,18
12239,105
12240,18
12240,105
12241,23
12242,23
12243,23
12244,23
12245,44
12246,69
12247,27
12247,43
12247,56
12249,23
12250,18
12251,18
12252,18
12253,18
12259,18
12261,44
12262,44
12263,44
12264,44
12265,44
12266,109
12267,49
12268,49
12269,49
12270,49
12271,18
12272,69
12280,69
12282,18
12283,18
12283,93
12284,18
12284,93
12285,18
12285,49
12286,8
12287,18
12287,23
12288,18
12289,49
12290,49
12291,77
12292,109
12294,23
12295,105
12296,105
12297,105
12299,23
12300,23
12300,32
12301,23
12302,23
12303,23
12304,23
12305,32
12306,32
12307,23
12308,109
12309,23
12311,18
12312,18
12313,18
12314,23
12315,18
12316,105
12317,49
12318,49
12319,109
12326,33
12326,34
12327,77
12328,18
12329,23
12330,18
12330,23
12330,33
12330,34
12331,18
12331,44
12332,18
12332,44
12333,1
12333,37
12333,92
12334,109
12335,109
12336,109
12337,109
12338,109
12339,109
12340,109
12341,109
12342,109
12343,109
12344,109
12345,109
12346,32
12347,32
12348,77
12349,77
12350,77
12351,32
12352,32
12353,69
12354,69
12355,69
12356,69
12357,23
12358,77
12359,33
12359,34
12359,44
12361,26
12362,26
12363,26
12364,95
12365,95
12366,18
12367,18
12368,33
12368,34
12369,18
12370,69
12371,69
12372,58
12373,58
12374,58
12375,18
12376,18
12377,34
12378,58
12379,18
12382,109
12383,109
12384,69
12385,69
12386,6
12387,18
12388,95
12389,18
12389,23
12390,18
12390,44
12394,71
12395,18
12396,23
12397,23
12398,18
12399,32
12399,77
12400,18
12400,44
12401,18
12401,44
12402,18
12402,44
12403,18
12403,44
12404,18
12405,109
12406,109
12407,109
12408,109
12409,109
12410,18
12410,23
12410,44
12411,18
12411,44
12412,18
12412,33
12412,34
12412,44
12413,18
12420,44
12421,18
12422,23
12422,33
12422,34
12423,49
12423,69
12424,49
12424,69
12425,49
12425,69
12426,49
12426,69
12427,18
12428,77
12429,77
12430,23
12431,109
12432,52
12437,18
12437,23
12438,18
12438,23
12439,18
12439,23
12440,18
12440,23
12441,18
12441,23
12442,18
12442,23
12443,18
12443,23
12444,18
12444,23
12445,18
12445,23
12446,6
12447,23
12448,23
12449,6
12450,95
12451,95
12452,44
12453,44
12453,48
12454,1
12454,92
12455,95
12456,49
12457,23
12457,49
12459,18
12460,18
12460,33
12460,34
12461,18
12461,23
12462,95
12463,95
12464,95
12465,33
12465,34
12466,33
12466,34
12467,23
12470,95
12471,18
12473,109
12474,33
12474,34
12475,33
12475,34
12476,33
12476,34
12477,33
12477,34
12478,33
12478,34
12479,18
12480,109
12481,109
12482,109
12483,109
12484,109
12485,109
12486,109
12487,109
12488,18
12490,69
12491,69
12492,1
12492,37
12492,40
12492,43
12492,92
12493,1
12493,37
12493,40
12493,43
12493,92
12494,69
12495,69
12497,69
12498,21
12499,21
12500,37
12500,67
12500,71
12501,44
12502,23
12503,49
12506,23
12506,44
12507,18
12508,18
12509,95
12510,23
12511,77
12512,77
12513,23
12514,55
12515,18
12515,33
12516,18
12517,23
12518,23
12519,23
12520,55
12521,23
12522,32
12523,27
12523,43
12523,56
12524,27
12524,43
12524,56
12525,27
12525,43
12525,56
12526,109
12527,109
12528,109
12529,109
12530,109
12531,109
12532,32
12533,33
12533,34
12534,34
12534,109
12535,33
12535,34
12536,33
12536,34
12542,23
12543,95
12544,95
12545,95
12546,95
12547,95
12548,95
12551,23
12552,23
12554,71
12557,69
12558,18
12558,93
12560,32
12561,32
12562,77
12563,18
12564,18
12565,18
12566,33
12566,34
12567,33
12567,34
12568,32
12569,44
12570,109
12571,109
12572,109
12573,89
12574,18
12576,18
12576,44
12577,18
12578,18
12579,49
12580,49
12581,49
12582,49
12583,21
12584,21
12585,21
12586,77
12587,77
12588,77
12589,77
12590,77
12591,18
12592,18
12593,1
12593,92
12594,18
12594,23
12595,18
12595,23
12596,18
12596,23
12597,18
12597,23
12598,18
12598,23
12599,18
12599,23
12600,18
12600,23
12601,18
12601,23
12603,18
12603,23
12604,109
12605,109
12606,109
12607,18
12608,18
12609,23
12610,44
12611,18
12612,33
12612,34
12613,18
12613,44
12614,18
12614,44
12615,18
12615,44
12616,109
12617,109
12618,18
12619,18
12620,18
12621,44
12623,6
12624,6
12625,18
12626,18
12627,18
12628,44
12628,59
12629,18
12630,34
12631,34
12638,103
12641,59
12642,59
12643,59
12644,59
12645,59
12646,59
12648,23
12648,32
12649,109
12650,32
12651,37
12651,71
12652,49
12653,23
12654,18
12655,32
12655,33
12655,34
12656,1
12656,43
12656,92
12657,44
12657,48
12658,109
12660,109
12661,109
12662,109
12663,109
12664,109
12665,109
12666,109
12667,18
12668,18
12669,18
12670,18
12671,18
12672,18
12672,44
12673,18
12673,44
12674,18
12674,44
12679,8
12679,18
12679,23
12679,44
12680,8
12680,18
12680,23
12680,44
12681,1
12681,43
12681,92
12682,1
12682,43
12682,92
12683,22
12683,43
12683,92
12684,69
12685,23
12688,23
12688,32
12689,23
12689,44
12690,18
12690,23
12691,23
12692,69
12693,69
12694,18
12695,105
12696,18
12696,33
12696,34
12697,18
12697,23
12698,18
12698,23
12699,23
12700,23
12701,109
12704,109
12705,77
12706,49
12706,109
12708,49
12709,49
12710,49
12711,37
12711,71
12712,95
12713,95
12714,23
12715,23
12716,109
12717,40
12717,77
12717,92
12718,23
12718,71
12720,18
12720,105
12721,49
12723,32
12724,18
12725,18
12726,18
12727,18
12728,77
12729,77
12730,44
12731,18
12732,95
12733,69
12734,69
12735,18
12736,23
12736,32
12737,37
12738,18
12740,33
12740,34
12741,23
12741,32
12742,77
12743,44
12744,33
12744,34
12745,33
12745,34
12746,109
12751,44
12752,18
12752,23
12753,18
12753,23
12754,33
12754,34
12755,33
12755,34
12756,105
12756,109
12757,105
12757,109
12758,33
12758,34
12759,34
12761,18
12762,23
12762,44
12763,23
12764,23
12764,44
12766,23
12767,23
12768,23
12769,23
12770,23
12771,23
12772,23
12773,23
12774,32
12775,32
12776,32
12777,32
12778,32
12785,56
12785,77
12789,56
12789,77
12796,77
12797,18
12798,109
12799,69
12800,69
12801,18
12801,44
12802,23
12804,18
12805,18
12805,23
12805,33
12805,34
12805,44
12805,77
12806,67
12807,18
12807,44
12807,59
12808,77
12809,33
12809,34
12810,33
12810,34
12811,49
12812,23
12813,69
12814,69
12815,18
12815,44
12816,18
12816,23
12816,33
12816,34
12816,44
12817,18
12817,23
12817,33
12817,34
12817,44
12818,23
12818,33
12818,34
12819,23
12819,33
12819,34
12821,49
12824,18
12824,23
12825,18
12825,23
12826,18
12827,18
12827,23
12828,18
12828,23
12829,18
12829,23
12830,18
12830,23
12831,18
12831,23
12832,18
12834,18
12835,18
12839,23
12840,33
12840,34
12841,33
12841,34
12842,18
12843,18
12844,32
12844,44
12845,32
12846,77
12847,32
12848,32
12849,33
12849,34
12849,77
12850,32
12851,77
12852,18
12853,109
12854,44
12855,23
12855,33
12855,34
12855,77
12856,23
12856,33
12856,34
12856,77
12857,23
12857,34
12857,77
12858,23
12858,33
12858,34
12858,77
12859,23
12859,33
12859,34
12859,77
12860,23
12860,33
12860,34
12860,77
12861,32
12862,32
12863,8
12864,18
12864,44
12871,95
12872,95
12874,18
12875,18
12876,18
12876,105
12877,44
12877,48
12878,44
12879,103
12880,103
12881,23
12881,44
12882,23
12882,44
12886,32
12887,32
12888,32
12889,18
12890,18
12891,18
12892,49
12893,49
12894,33
12894,34
12896,49
12897,109
12898,23
12899,23
12900,23
12901,23
12902,23
12903,23
12904,32
12909,23
12910,23
12911,23
12912,23
12913,23
12914,23
12915,32
12916,32
12917,23
12918,23
12919,23
12920,23
12921,23
12922,23
12923,23
12924,23
12927,46
12928,46
12929,46
12930,18
12931,52
12932,69
12933,69
12934,23
12935,69
12936,69
12937,69
12938,18
12938,23
12939,18
12939,23
12940,33
12941,33
12944,13
12945,49
12946,23
12947,109
12948,109
12949,109
12950,109
12951,109
12952,109
12953,18
12953,23
12954,109
12958,109
12959,23
12960,44
12961,18
12963,49
12963,109
12964,23
12965,11
12965,18
12966,11
12966,18
12967,33
12967,34
12968,33
12968,34
12969,18
12969,23
12970,18
12971,49
12972,33
12972,34
12973,16
12974,21
12975,49
12976,49
12977,49
12978,49
12979,49
12980,49
12981,49
12982,49
12983,23
12984,23
12985,23
12986,109
12987,109
12988,23
12989,32
12990,71
12991,49
12992,32
12993,69
12994,40
12994,77
12995,40
12995,77
12996,109
12997,69
12998,69
12999,69
13000,34
13001,34
13002,23
13003,18
13005,32
13006,18
13009,18
13010,49
13011,109
13012,109
13013,109
13015,18
13015,44
13015,59
13015,109
13016,18
13017,44
13018,23
13019,23
13020,77
13021,77
13022,77
13023,77
13024,77
13025,77
13026,77
13027,77
13028,77
13029,77
13030,77
13031,77
13032,77
13033,69
13034,69
13036,32
13037,18
13037,33
13038,18
13038,33
13039,18
13039,33
13040,18
13040,33
13041,18
13041,33
13042,18
13042,33
13043,109
13044,18
13044,44
13045,18
13045,44
13046,18
13047,18
13048,18
13049,23
13049,92
13052,18
13052,93
13053,58
13054,58
13055,1
13055,37
13055,92
13056,18
13056,44
13057,18
13057,23
13057,33
13057,34
13057,44
13058,77
13059,1
13059,43
13059,92
13073,109
13075,18
13076,18
13077,18
13077,44
13078,44
13079,18
13079,44
13080,18
13080,44
13081,18
13081,44
13082,18
13082,44
13083,18
13083,44
13084,18
13084,44
13085,44
13087,18
13087,44
13088,23
13088,77
13089,109
13090,109
13091,109
13092,109
13093,109
13094,109
13095,109
13096,109
13097,23
13098,23
13099,23
13100,23
13101,23
13102,23
13103,23
13104,23
13105,8
13106,32
13107,32
13108,32
13109,32
13110,32
13113,95
13114,33
13114,34
13114,44
13115,18
13116,18
13117,18
13118,18
13119,18
13120,18
13121,18
13122,69
13123,69
13124,69
13125,69
13126,69
13127,23
13128,23
13129,23
13130,109
13131,109
13132,109
13133,109
13134,109
13135,109
13136,109
13137,109
13138,18
13138,109
13139,18
13139,109
13140,18
13140,109
13141,18
13141,109
13142,18
13142,109
13143,18
13143,109
13144,18
13144,109
13145,18
13145,109
13146,18
13146,109
13147,18
13147,109
13148,18
13148,109
13149,18
13149,109
13150,18
13150,109
13151,18
13151,109
13152,18
13152,109
13153,18
13153,109
13154,109
13155,33
13155,34
13156,33
13156,34
13157,33
13157,34
13158,33
13158,34
13159,33
13159,34
13160,33
13160,34
13161,33
13161,34
13162,33
13162,34
13163,33
13163,34
13164,33
13164,34
13165,33
13165,34
13166,109
13167,109
13168,109
13169,8
13169,44
13170,56
13170,77
13171,33
13171,34
13171,77
13172,33
13172,34
13172,77
13173,33
13173,34
13173,77
13174,33
13174,34
13174,77
13175,33
13175,34
13175,77
13176,33
13176,34
13176,77
13177,78
13178,67
13179,11
13180,11
13181,11
13182,95
13183,95
13184,69
13185,69
13186,69
13187,69
13188,69
13189,69
13190,69
13191,69
13192,69
13193,69
13194,69
13195,49
13196,49
13197,69
13198,23
13199,23
13200,23
13201,33
13201,34
13201,44
13204,49
13205,18
13205,109
13206,18
13206,109
13207,18
13207,109
13208,18
13208,109
13209,18
13210,18
13211,69
13212,8
13213,69
13219,18
13219,34
13220,32
13221,23
13222,23
13223,33
13223,34
13224,44
13225,95
13226,18
13226,32
13227,18
13227,32
13228,23
13230,23
13230,44
13231,18
13232,49
13233,33
13233,34
13234,44
13234,78
13235,44
13235,78
13236,44
13236,78
13237,44
13237,78
13238,44
13238,78
13239,33
13239,34
13239,77
13240,69
13241,23
13241,32
13242,23
13242,32
13243,18
13244,69
13245,69
13246,18
13246,49
13247,18
13247,49
13248,11
13249,49
13249,60
13252,49
13253,18
13254,32
13255,18
13255,44
13256,18
13257,18
13258,32
13259,18
13263,18
13263,44
13264,18
13264,44
13265,18
13266,18
13267,18
13267,44
13269,69
13270,69
13271,69
13272,69
13273,33
13273,34
13274,44
13275,44
13277,23
13278,109
13279,109
13280,18
13282,69
13283,69
13284,23
13285,103
13286,71
13287,77
13288,18
13289,18
13289,44
13290,44
13290,48
13291,49
13292,69
13293,23
13294,109
13295,109
13296,109
13298,49
13299,49
13300,18
13300,23
13303,23
13304,23
13305,23
13306,23
13307,23
13308,23
13309,23
13310,23
13311,23
13312,23
13315,32
13317,18
13318,69
13327,18
13328,18
13329,18
13330,18
13331,18
13332,32
13333,32
13334,32
13336,18
13337,23
13338,89
13339,89
13342,18
13343,18
13344,18
13345,23
13345,44
13346,44
13347,23
13348,18
13349,49
13349,109
13350,1
13350,77
13350,92
13351,33
13351,34
13351,44
13352,18
13352,33
13352,34
13352,44
13353,18
13353,33
13353,34
13353,44
13354,18
13354,44
13354,59
13355,18
13355,44
13355,59
13356,18
13356,44
13356,105
13362,27
13362,43
13362,56
13363,27
13363,43
13363,56
13364,27
13364,43
13364,56
13368,18
13368,44
13369,55
13371,23
13372,109
13380,56
13380,77
13381,56
13381,77
13382,69
13383,105
13384,105
13385,44
13385,48
13386,18
13386,33
13386,34
13387,11
13388,18
13388,44
13389,40
13389,77
13390,33
13390,34
13391,33
13391,34
13392,40
13392,43
13394,34
13395,77
13396,109
13400,23
13401,23
13402,23
13403,23
13404,23
13405,23
13406,32
13407,32
13408,32
13409,32
13410,32
13411,32
13412,32
13413,32
13414,18
13415,18
13416,18
13417,18
13420,49
13421,23
13422,23
13423,18
13425,33
13425,34
13425,77
13427,23
13428,44
13430,18
13430,33
13430,34
13431,18
13431,33
13431,34
13433,23
13435,18
13435,23
13436,18
13436,23
13437,18
13437,23
13438,69
13440,18
13441,18
13442,18
13443,18
13444,18
13445,18
13446,18
13446,44
13447,18
13448,18
13450,1
13450,37
13450,77
13450,92
13451,1
13451,37
13451,77
13451,92
13452,1
13452,37
13452,77
13452,92
13453,18
13453,44
13454,18
13454,44
13455,18
13455,44
13456,18
13456,44
13457,18
13457,44
13458,18
13458,44
13459,18
13459,44
13460,18
13460,44
13461,18
13461,44
13462,97
13464,33
13464,34
13464,49
13465,33
13465,34
13465,49
13466,33
13466,34
13466,49
13467,18
13468,69
13469,69
13470,44
13471,23
13472,40
13472,43
13473,1
13473,37
13473,92
13474,23
13475,1
13475,37
13475,77
13475,92
13476,1
13476,37
13476,77
13476,92
13477,18
13477,23
13477,33
13477,34
13477,44
13477,77
13479,49
13480,109
13481,109
13482,69
13483,33
13483,34
13484,18
13485,18
13489,40
13489,77
13489,92
13490,1
13490,43
13490,92
13491,18
13491,23
13491,32
13491,33
13491,34
13492,18
13492,64
13493,23
13494,67
13495,67
13496,67
13497,23
13498,18
13501,49
13503,55
13507,18
13508,18
13509,18
13510,18
13511,18
13512,18
13513,18
13514,18
13518,18
13518,44
13519,18
13520,18
13521,71
13522,71
13523,18
13524,18
13525,18
13526,18
13527,18
13528,18
13528,44
13529,69
13530,69
13531,69
13532,69
13533,109
13534,18
13534,44
13535,109
13536,56
13536,77
13537,56
13537,77
13538,69
13539,69
13540,69
13541,38
13542,33
13542,34
13543,18
13543,44
13544,23
13544,33
13544,34
13545,77
13546,18
13547,18
13548,18
13549,95
13551,23
13551,44
13552,109
13556,69
13557,69
13561,21
13563,23
13581,18
13581,33
13581,34
13582,18
13583,18
13583,64
13584,18
13584,64
13585,18
13585,64
13586,18
13587,18
13588,55
13591,52
13592,18
13592,44
13593,18
13594,33
13594,34
13595,69
13596,18
13597,18
13603,23
13604,18
13604,44
13605,23
13606,18
13613,33
13613,34
13614,33
13614,34
13615,33
13615,34
13616,33
13616,34
13617,33
13617,34
13618,33
13618,34
13619,33
13619,34
13620,18
13621,18
13622,44
13622,105
13623,44
13623,105
13625,11
13626,18
13627,23
13628,18
13628,77
13629,33
13629,34
13630,109
13631,109
13632,109
13633,109
13634,18
13635,1
13635,37
13635,92
13636,69
13637,11
13640,1
13640,37
13640,92
13641,77
13642,18
13642,33
13643,23
13644,23
13645,18
13645,23
13646,69
13647,59
13648,59
13649,1
13649,43
13649,92
13650,59
13651,59
13652,49
13653,49
13654,44
13656,44
13656,48
13657,44
13659,95
13661,95
13662,95
13665,32
13665,33
13665,34
13666,18
13667,18
13667,44
13668,18
13668,23
13668,44
13669,21
13670,109
13674,109
13675,33
13675,34
13676,33
13676,34
13677,33
13677,34
13678,33
13678,34
13679,33
13679,34
13680,27
13680,51
13681,33
13681,34
13682,77
13687,23
13688,18
13688,23
13688,44
13694,18
13694,23
13695,18
13695,23
13696,109
13697,109
13699,77
13700,11
13701,11
13702,11
13703,32
13704,32
13705,32
13706,32
13707,1
13707,43
13707,92
13715,18
13715,64
13719,18
13719,64
13726,23
13729,23
13730,95
13731,38
13732,38
13734,32
13735,32
13736,18
13737,18
13738,23
13739,23
13740,23
13741,23
13742,23
13743,23
13744,23
13745,23
13746,23
13747,1
13747,37
13747,77
13747,92
13748,18
13748,34
13749,109
13750,109
13751,33
13751,34
13752,23
13753,23
13754,23
13756,23
13757,33
13757,34
13758,1
13758,37
13758,40
13758,92
13759,18
13760,23
13760,49
13761,69
13762,69
13763,109
13764,109
13765,109
13766,109
13767,109
13768,109
13769,109
13770,109
13771,40
13771,43
13772,77
13773,1
13773,77
13774,89
13775,18
13775,44
13776,18
13776,44
13777,18
13777,44
13778,18
13778,44
13779,18
13779,44
13781,18
13782,18
13785,77
13787,77
13789,1
13789,37
13789,77
13789,92
13790,109
13791,109
13792,109
13793,109
13794,109
13795,109
13796,109
13797,109
13798,109
13799,109
13800,109
13801,109
13802,109
13803,109
13804,109
13805,109
13806,109
13807,69
13815,12
13816,8
13817,77
13818,1
13818,37
13818,40
13818,43
13818,92
13819,33
13819,34
13819,44
13820,33
13820,34
13820,44
13821,33
13821,34
13821,44
13822,18
13823,18
13824,18
13825,18
13825,44
13826,18
13827,18
13828,69
13829,18
13829,33
13829,34
13829,44
13830,18
13830,33
13830,34
13830,44
13831,18
13831,33
13831,34
13831,44
13832,18
13832,33
13832,34
13832,44
13833,18
13833,33
13833,34
13833,44
13834,18
13834,33
13834,34
13834,44
13835,97
13836,97
13837,18
13838,18
13839,105
13840,18
13840,93
13841,109
13842,109
13843,109
13844,18
13846,18
13850,18
13850,44
13851,40
13851,56
13851,77
13852,40
13852,56
13852,77
13853,33
13853,34
13854,33
13854,34
13855,44
13856,23
13859,69
13860,23
13861,69
13862,69
13863,69
13864,69
13865,69
13867,109
13868,109
13869,109
13870,109
13871,23
13871,32
13872,23
13872,32
13873,27
13873,43
13873,56
13873,77
13874,78
13875,1
13875,43
13875,77
13875,92
13876,78
13877,78
13878,78
13879,78
13880,18
13880,44
13880,59
13881,23
13882,23
13883,23
13883,49
13884,23
13884,49
13885,23
13885,49
13886,23
13886,49
13887,23
13887,49
13888,18
13889,33
13889,34
13893,18
13894,23
13895,32
13896,23
13896,49
13897,23
13897,49
13898,18
13899,77
13902,33
13902,34
13903,109
13904,109
13905,109
13906,109
13907,109
13908,109
13909,109
13910,109
13911,109
13912,109
13913,109
13914,109
13915,109
13916,109
13917,78
13918,78
13919,78
13920,78
13921,78
13922,18
13923,23
13924,33
13924,34
13925,109
13926,109
13927,78
13928,78
13929,78
13930,78
13931,78
13932,78
13933,109
13934,109
13935,109
13936,109
13937,109
13938,109
13939,109
13940,109
13941,59
13942,59
13943,59
13944,33
13944,34
13945,33
13945,34
13946,33
13946,34
13947,33
13947,34
13949,6
13951,58
13952,58
13953,58
13954,58
13957,8
13958,8
13959,8
13960,109
13962,49
13963,26
13964,26
13970,18
13971,18
13972,32
13972,33
13972,34
13973,16
13974,18
13976,18
13977,23
13977,44
13978,23
13978,44
13979,109
13980,109
13981,12
13981,18
13981,77
13984,78
13985,78
13986,78
13987,18
13988,77
13989,69
13990,8
13991,109
13992,109
13993,109
13994,109
13995,109
13996,109
13997,109
13998,109
13999,109
14000,18
14000,23
14001,18
14001,44
14002,18
14002,44
14003,109
14004,109
14005,109
14006,109
14007,109
14008,18
14008,64
14017,97
14018,97
14019,97
14020,97
14021,97
14022,97
14023,97
14024,35
14024,97
14025,89
14026,89
14028,18
14029,23
14029,33
14029,34
14030,33
14030,34
14031,18
14032,18
14033,6
14034,13
14035,18
14035,105
14036,109
14037,109
14038,109
14039,109
14040,109
14041,33
14041,34
14042,23
14044,97
14045,33
14045,34
14046,44
14047,21
14049,33
14049,34
14050,18
14051,18
14052,18
14052,44
14053,18
14053,44
14055,6
14056,18
14056,33
14056,34
14063,18
14064,18
14065,18
14066,18
14067,77
14070,32
14076,23
14077,33
14077,34
14078,18
14079,18
14080,18
14081,23
14082,23
14083,23
14084,18
14085,18
14086,44
14090,40
14090,43
14091,40
14091,43
14092,40
14092,43
14095,109
14096,109
14097,109
14098,109
14099,109
14100,49
14100,109
14101,49
14101,109
14102,18
14102,44
14104,109
14105,103
14106,18
14107,18
14108,44
14109,44
14110,44
14111,109
14112,109
14113,109
14114,109
14115,109
14116,109
14118,109
14120,109
14121,109
14122,109
14123,109
14124,18
14125,18
14125,23
14130,109
14131,109
14132,109
14133,109
14134,109
14135,109
14136,109
14137,109
14138,23
14138,32
14139,1
14139,37
14139,40
14139,43
14139,77
14139,92
14140,52
14142,44
14143,77
14144,37
14144,71
14145,77
14146,37
14146,71
14147,37
14147,71
14148,37
14149,37
14149,71
14150,71
14151,37
14151,71
14152,37
14152,71
14153,21
14154,18
14155,18
14155,33
14155,34
14156,59
14157,59
14158,59
14159,59
14160,69
14161,69
14162,6
14163,18
14164,18
14165,18
14166,69
14168,44
14169,23
14170,21
14171,109
14172,18
14172,44
14173,18
14173,23
14174,109
14175,109
14176,109
14177,109
14178,18
14178,23
14179,18
14179,23
14180,33
14180,34
14181,33
14181,34
14182,18
14182,33
14182,34
14183,18
14183,93
14184,18
14185,18
14186,69
14187,69
14188,18
14188,34
14189,18
14190,18
14191,1
14191,34
14191,37
14191,92
14192,32
14196,33
14196,34
14197,44
14199,18
14201,23
14203,49
14204,18
14205,33
14205,34
14205,44
14206,33
14206,34
14206,44
14207,33
14207,34
14207,44
14208,33
14208,34
14208,44
14209,33
14209,34
14209,44
14210,33
14210,34
14210,44
14211,33
14211,34
14211,44
14212,21
14213,21
14214,21
14216,23
14217,69
14218,18
14218,44
14219,23
14219,92
14220,44
14221,44
14222,1
14222,43
14222,92
14223,1
14223,43
14223,92
14224,49
14225,49
14226,49
14227,49
14228,49
14229,49
14230,49
14231,49
14232,49
14234,6
14234,18
14235,6
14235,18
14236,6
14236,18
14237,89
14238,109
14239,109
14244,49
14245,49
14246,44
14247,18
14247,23
14248,18
14248,77
14249,18
14249,77
14250,18
14250,77
14251,18
14251,77
14252,18
14252,77
14253,18
14253,77
14254,23
14255,23
14256,23
14257,44
14258,38
14259,38
14260,38
14261,1
14261,43
14261,92
14262,77
14263,77
14264,109
14265,21
14266,32
14268,8
14269,8
14270,109
14271,44
14273,18
14273,44
14273,59
14276,56
14276,77
14277,23
14278,23
14279,23
14280,33
14280,34
14281,109
14282,18
14283,33
14283,34
14285,38
14286,18
14286,71
14287,77
14288,77
14289,18
14290,18
14291,18
14292,18
14293,18
14294,18
14295,18
14296,69
14297,32
14301,40
14301,43
14306,33
14306,34
14307,33
14307,34
14308,33
14308,34
14312,1
14312,92
14313,69
14314,97
14315,97
14316,59
14317,59
14318,59
14319,59
14320,18
14321,23
14321,49
14327,109
14328,18
14329,18
14330,18
14331,18
14332,69
14333,69
14334,23
14336,23
14336,44
14337,18
14338,18
14338,23
14339,23
14340,18
14341,18
14342,33
14342,34
14343,33
14343,34
14344,77
14345,77
14346,49
14347,23
14349,18
14350,18
14351,109
14352,18
14353,18
14354,18
14355,18
14356,18
14357,18
14358,18
14359,18
14360,18
14362,69
14363,69
14364,69
14365,49
14366,49
14367,49
14368,49
14369,23
14370,18
14373,18
14374,18
14375,18
14376,18
14377,18
14378,18
14379,18
14380,18
14381,18
14382,33
14382,34
14383,18
14385,49
14386,49
14387,18
14388,18
14389,18
14390,18
14391,18
14392,18
14393,18
14394,18
14395,1
14395,37
14395,92
14396,18
14397,18
14397,44
14397,59
14397,109
14398,32
14399,109
14400,6
14401,6
14402,6
14403,109
14404,105
14405,105
14406,69
14407,1
14407,92
14408,8
14409,23
14409,32
14410,18
14411,18
14412,18
14413,18
14414,18
14414,23
14416,49
14417,49
14423,18
14423,23
14446,18
14447,18
14448,18
14449,18
14450,18
14451,18
14453,18
14454,18
14455,18
14456,18
14457,49
14458,32
14459,23
14460,23
14461,10
14465,18
14465,44
14469,30
14478,1
14478,37
14478,40
14478,43
14478,92
14479,71
14480,18
14480,44
14481,23
14482,18
14483,18
14484,18
14484,23
14485,18
14485,23
14486,18
14486,23
14487,18
14487,23
14488,109
14489,92
14490,92
14491,92
14492,92
14493,69
14494,69
14495,69
14496,23
14497,23
14497,44
14497,109
14498,23
14498,44
14498,109
14503,18
14505,109
14506,109
14509,33
14509,34
14510,33
14510,34
14511,18
14511,23
14512,18
14512,23
14513,18
14513,23
14514,18
14515,23
14516,32
14520,69
14521,33
14521,34
14522,33
14522,34
14523,32
14524,77
14525,18
14525,44
14526,32
14527,49
14528,18
14529,18
14530,18
14531,49
14532,49
14533,18
14533,44
14534,18
14534,44
14534,109
14535,109
14536,18
14536,23
14537,97
14538,109
14540,23
14541,23
14543,23
14548,23
14549,23
14553,77
14559,18
14560,18
14560,44
14561,18
14561,44
14562,18
14562,44
14563,18
14563,23
14564,18
14564,23
14565,18
14566,18
14567,18
14568,18
14569,18
14570,18
14571,33
14571,34
14572,33
14572,34
14573,33
14573,34
14574,33
14574,34
14575,18
14576,18
14577,56
14577,77
14578,18
14578,78
14579,34
14580,34
14581,23
14582,23
14583,23
14584,18
14585,23
14586,23
14587,23
14588,109
14589,69
14590,33
14591,69
14592,69
14593,33
14593,34
14594,18
14594,34
14595,37
14595,71
14596,23
14597,23
14598,23
14600,97
14601,97
14602,97
14603,97
14604,97
14605,97
14612,18
14612,44
14613,18
14614,32
14615,32
14616,44
14618,26
14619,26
14620,26
14621,26
14622,26
14623,26
14624,26
14625,18
14627,37
14627,71
14628,37
14628,71
14629,37
14629,71
14630,37
14630,71
14631,37
14631,71
14632,92
14633,18
14634,18
14635,1
14635,37
14635,92
14636,1
14636,37
14636,77
14636,92
14637,18
14638,18
14639,18
14640,33
14640,34
14666,23
14667,23
14668,23
14669,23
14670,23
14671,23
14672,33
14672,34
14673,33
14673,34
14674,33
14674,34
14675,18
14676,44
14676,48
14677,77
14678,77
14679,77
14680,77
14681,77
14682,77
14683,77
14684,49
14685,49
14686,49
14687,69
14688,69
14689,69
14690,69
14692,55
14693,18
14693,33
14693,34
14693,44
14694,18
14694,44
14695,44
14696,44
14697,44
14698,18
14701,33
14701,34
14704,44
14704,105
14705,109
14706,109
14707,109
14708,44
14709,44
14710,23
14711,18
14711,44
14712,18
14712,44
14713,18
14713,44
14714,18
14714,44
14715,18
14715,44
14716,18
14716,44
14717,18
14717,44
14718,18
14718,44
14719,18
14719,44
14720,18
14720,44
14721,18
14721,44
14722,23
14723,32
14724,32
14725,69
14726,59
14727,23
14727,33
14727,34
14728,87
14729,87
14730,87
14731,1
14731,43
14731,92
14732,1
14732,37
14732,40
14732,92
14733,109
14734,109
14735,109
14736,109
14737,18
14738,109
14739,56
14739,77
14740,8
14740,18
14741,8
14741,18
14742,8
14742,18
14743,49
14744,32
14745,32
14748,33
14748,34
14749,77
14752,103
14753,103
14754,11
14756,26
14757,26
14758,26
14759,26
14760,26
14761,26
14762,26
14763,26
14764,26
14765,26
14768,23
14769,26
14770,109
14771,109
14772,109
14773,109
14774,109
14775,109
14776,69
14777,69
14778,69
14779,33
14779,34
14780,69
14781,33
14781,34
14782,69
14783,33
14783,34
14784,33
14784,34
14785,69
14786,59
14787,59
14788,59
14789,59
14790,59
14791,59
14792,18
14793,105
14793,109
14794,18
14794,37
14794,44
14795,38
14797,6
14798,78
14799,32
14800,56
14801,32
14803,56
14804,78
14805,78
14806,78
14807,78
14808,78
14809,78
14810,78
14811,78
14812,78
14813,18
14814,78
14815,78
14816,78
14817,18
14818,18
14819,32
14820,32
14821,69
14822,69
14823,109
14829,97
14830,18
14830,23
14830,44
14832,109
14833,109
14835,97
14836,69
14837,69
14838,69
14839,23
14840,109
14841,109
14842,109
14843,18
14844,18
14845,18
14846,23
14847,33
14847,34
14848,33
14848,34
14849,8
14849,33
14849,34
14850,32
14851,8
14851,33
14851,34
14852,8
14852,33
14852,34
14853,43
14853,92
14854,18
14855,18
14856,18
14857,18
14858,18
14859,18
14860,18
14871,97
14872,97
14873,97
14874,69
14875,69
14876,23
14877,77
14882,18
14883,18
14884,23
14885,23
14886,23
14887,23
14888,52
14889,23
14890,44
14890,109
14891,12
14892,44
14893,32
14894,8
14895,33
14895,34
14896,33
14896,34
14897,21
14898,26
14899,26
14900,26
14901,103
14902,109
14903,109
14905,32
14908,18
14908,23
14908,44
14922,97
14923,32
14923,49
14924,23
14924,33
14924,34
14924,77
14925,65
14926,95
14927,49
14928,40
14928,77
14928,92
14929,33
14929,34
14930,40
14930,77
14930,92
14931,40
14931,77
14931,92
14932,40
14932,77
14932,92
14933,40
14933,77
14933,92
14934,77
14935,109
14936,109
14937,109
14938,109
14939,109
14940,109
14941,109
14942,109
14943,109
14944,109
14945,109
14946,109
14947,109
14948,109
14949,49
14950,92
14951,27
14951,43
14951,56
14952,18
14953,23
14953,44
14954,109
14955,77
14956,18
14957,18
14958,18
14959,44
14960,44
14961,18
14962,18
14963,8
14963,18
14963,23
14963,49
14963,77
14964,44
14965,18
14966,18
14967,18
14968,23
14969,18
14970,18
14971,18
14972,109
14973,109
14974,23
14975,77
14976,109
14977,32
14978,18
14979,23
14980,77
14981,37
14981,77
14982,33
14984,77
14985,77
14986,18
14987,18
14988,77
14989,77
14990,77
14992,18
14992,44
14994,18
14994,23
14995,23
14996,23
14997,23
14998,23
14999,109
15000,23
15001,23
15002,18
15003,18
15003,34
15004,18
15005,77
15008,78
15009,78
15010,78
15011,78
15012,78
15013,23
15014,23
15015,23
15016,23
15017,23
15018,23
15019,23
15020,18
15020,23
15021,34
15022,34
15023,59
15024,59
15025,49
15026,49
15028,44
15029,18
15030,18
15031,18
15032,18
15032,23
15032,33
15032,34
15032,44
15033,27
15033,43
15033,56
15034,18
15035,18
15036,23
15037,18
15037,44
15038,1
15038,43
15039,43
15039,92
15040,43
15040,92
15044,32
15045,33
15045,34
15047,18
15048,18
15049,18
15050,18
15051,49
15052,49
15053,97
15054,97
15055,97
15056,49
15057,18
15058,18
15058,23
15059,18
15059,23
15061,1
15061,43
15061,92
15062,59
15063,59
15064,97
15065,109
15066,44
15067,44
15068,27
15068,43
15068,56
15069,32
15071,23
15072,33
15072,34
15073,33
15073,34
15075,18
15076,109
15077,109
15078,37
15078,40
15078,43
15078,77
15079,109
15080,32
15083,9
15084,33
15084,34
15087,26
15088,26
15089,26
15090,26
15091,26
15092,26
15093,26
15096,69
15097,49
15098,49
15099,49
15100,23
15101,109
15102,109
15103,109
15104,109
15105,109
15106,69
15108,21
15109,18
15109,23
15111,18
15111,93
15112,18
15112,93
15113,18
15113,93
15114,18
15114,93
15115,23
15116,23
15117,23
15121,46
15123,46
15124,46
15125,46
15126,46
15127,95
15128,95
15129,95
15130,18
15131,18
15132,18
15133,18
15134,18
15134,33
15134,34
15135,32
15136,69
15137,69
15138,33
15138,34
15139,23
15140,23
15141,18
15141,23
15142,49
15142,109
15143,23
15144,23
15145,23
15150,105
15151,105
15152,33
15152,34
15153,18
15153,23
15153,44
15154,33
15154,34
15155,1
15155,37
15155,40
15155,43
15155,92
15156,23
15157,23
15158,23
15159,44
15159,77
15160,109
15161,109
15162,109
15163,23
15164,77
15165,77
15166,77
15167,77
15168,77
15169,77
15170,77
15171,77
15172,77
15173,77
15174,18
15175,18
15176,18
15177,50
15178,23
15178,44
15179,33
15179,34
15180,33
15180,34
15181,18
15182,18
15182,23
15182,44
15183,18
15183,23
15183,44
15184,33
15184,34
15185,97
15186,97
15187,97
15188,11
15189,11
15190,32
15191,18
15192,6
15193,18
15194,18
15195,18
15196,18
15197,49
15198,40
15198,43
15198,77
15199,18
15200,18
15201,77
15201,92
15203,49
15205,49
15206,49
15207,49
15208,33
15208,34
15209,49
15210,49
15211,49
15212,49
15213,49
15215,23
15215,32
15216,23
15216,32
15217,23
15218,23
15219,77
15220,77
15221,77
15222,77
15223,77
15224,77
15225,77
15226,77
15227,77
15228,77
15229,77
15230,77
15231,77
15232,77
15233,77
15234,77
15235,77
15236,77
15237,77
15240,18
15240,23
15240,44
15241,18
15241,23
15241,33
15241,34
15241,44
15242,69
15243,109
15244,109
15245,109
15246,95
15247,44
15247,48
15248,95
15249,59
15250,59
15251,59
15252,59
15253,23
15255,23
15256,23
15257,23
15271,32
15272,32
15273,32
15274,18
15274,71
15275,32
15276,32
15277,69
15278,69
15279,69
15282,97
15283,97
15284,18
15284,33
15284,34
15285,23
15286,18
15287,44
15287,109
15288,18
15289,18
15296,32
15296,109
15297,18
15302,33
15302,34
15302,49
15303,43
15303,77
15304,77
15305,77
15306,23
15307,23
15308,26
15309,18
15310,18
15311,23
15312,44
15313,44
15314,44
15315,18
15316,18
15317,23
15318,69
15319,77
15324,97
15325,97
15326,97
15328,97
15329,97
15331,97
15332,97
15333,97
15334,18
15334,44
15334,59
15335,50
15336,50
15337,50
15338,50
15339,109
15340,50
15341,109
15342,18
15342,23
15343,50
15344,50
15345,32
15345,109
15346,18
15347,23
15348,18
15350,33
15351,18
15353,18
15354,18
15355,18
15356,18
15357,18
15359,18
15361,18
15363,33
15363,34
15364,23
15365,77
15366,77
15367,77
15368,77
15369,77
15370,77
15371,77
15372,77
15373,77
15374,97
15375,109
15376,77
15377,77
15378,77
15379,77
15380,77
15381,77
15382,77
15383,77
15384,77
15386,77
15387,23
15388,23
15389,33
15389,34
15390,33
15390,34
15391,98
15392,98
15393,33
15393,34
15394,59
15395,32
15396,69
15397,69
15398,18
15399,1
15399,37
15399,43
15399,92
15400,78
15401,32
15401,33
15401,34
15402,32
15402,33
15402,34
15404,10
15405,18
15405,44
15406,18
15406,44
15407,23
15408,18
15409,69
15410,69
15411,18
15412,18
15412,33
15412,34
15412,44
15413,33
15413,34
15414,33
15414,34
15414,44
15415,32
15416,32
15417,32
15418,91
15419,32
15420,21
15421,21
15422,21
15423,21
15424,21
15425,21
15426,21
15427,18
15428,109
15429,109
15430,37
15430,71
15431,37
15431,71
15432,37
15432,71
15433,37
15433,71
15434,37
15434,71
15435,37
15435,71
15436,37
15436,71
15437,37
15437,71
15438,37
15438,71
15439,37
15439,71
15440,37
15440,71
15441,37
15441,71
15442,37
15442,71
15443,37
15443,71
15444,37
15444,71
15445,37
15445,71
15446,37
15446,71
15447,33
15447,34
15448,33
15448,34
15449,33
15449,34
15450,33
15450,34
15451,50
15452,23
15453,32
15454,44
15456,18
15457,77
15458,77
15459,77
15460,77
15461,18
15462,18
15463,18
15464,18
15465,18
15466,44
15467,49
15468,49
15469,49
15470,18
15470,44
15471,18
15471,44
15472,18
15472,44
15473,18
15473,44
15474,18
15474,44
15475,18
15475,44
15476,18
15477,18
15496,18
15496,44
15497,18
15497,44
15498,18
15498,44
15499,18
15499,44
15500,18
15500,44
15501,18
15501,44
15502,18
15502,44
15503,18
15503,93
15504,18
15504,93
15505,18
15505,93
15506,18
15506,93
15507,18
15507,93
15508,44
15509,44
15510,44
15511,44
15512,49
15512,109
15515,8
15516,49
15517,18
15517,44
15518,37
15518,92
15519,69
15520,32
15522,78
15523,78
15524,40
15524,43
15524,77
15525,18
15525,49
15525,109
15526,109
15527,109
15528,109
15529,109
15530,109
15531,33
15531,34
15532,44
15533,44
15534,44
15535,44
15537,109
15538,18
15538,44
15539,33
15539,34
15540,33
15540,34
15541,49
15542,18
15543,18
15544,18
15545,18
15546,18
15547,18
15547,71
15548,18
15548,71
15549,18
15549,71
15550,38
15551,18
15551,71
15552,38
15553,38
15554,23
15555,23
15556,23
15557,23
15558,55
15559,23
15560,38
15561,38
15562,38
15563,38
15564,23
15565,44
15566,59
15566,109
15567,23
15568,50
15568,71
15573,1
15573,37
15573,92
15574,49
15575,77
15576,77
15577,87
15578,18
15578,23
15579,18
15579,23
15580,23
15581,23
15582,23
15583,97
15584,97
15585,23
15586,23
15587,23
15588,18
15589,18
15590,10
15590,18
15592,40
15592,43
15592,77
15593,8
15594,44
15594,48
15595,18
15596,97
15597,97
15598,97
15599,18
15600,18
15601,21
15602,21
15603,21
15604,21
15605,21
15606,21
15607,21
15608,18
15608,23
15608,33
15608,34
15608,44
15608,77
15609,109
15610,109
15611,109
15612,109
15613,109
15615,109
15616,109
15617,97
15618,97
15619,97
15620,18
15622,74
15623,1
15623,37
15623,77
15623,92
15624,23
15625,97
15626,35
15627,23
15631,23
15632,77
15633,77
15634,77
15635,77
15636,77
15637,27
15637,43
15637,56
15638,33
15638,34
15639,92
15641,49
15642,69
15643,109
15644,49
15645,18
15645,44
15646,18
15646,44
15647,18
15647,44
15648,18
15648,44
15649,18
15649,44
15650,18
15650,44
15651,18
15651,44
15652,18
15652,44
15653,18
15653,44
15654,18
15654,44
15655,18
15655,33
15655,34
15657,18
15657,44
15658,18
15658,44
15659,18
15659,44
15660,18
15660,44
15661,18
15661,44
15662,18
15662,44
15663,18
15663,44
15664,18
15664,44
15665,18
15665,44
15666,18
15666,44
15668,18
15668,93
15669,18
15669,44
15670,18
15670,44
15671,18
15671,44
15672,18
15672,44
15673,18
15673,44
15674,18
15674,44
15675,18
15675,44
15676,18
15676,44
15677,18
15677,44
15678,97
15679,32
15680,33
15680,34
15681,109
15682,109
15683,34
15684,109
15685,109
15686,109
15687,109
15688,109
15689,109
15697,55
15698,55
15699,55
15700,55
15702,44
15702,48
15703,18
15704,18
15705,18
15706,18
15707,18
15708,32
15709,32
15710,33
15710,34
15711,33
15711,34
15712,33
15712,34
15713,6
15714,6
15715,21
15716,21
15718,23
15719,23
15720,23
15721,23
15727,33
15727,34
15727,77
15729,56
15729,77
15730,56
15730,77
15731,77
15732,77
15734,77
15735,33
15735,34
15736,109
15737,69
15738,109
15739,109
15740,109
15741,109
15742,18
15742,44
15743,32
15744,32
15745,26
15746,26
15747,26
15748,92
15753,18
15753,33
15753,34
15753,44
15754,18
15754,44
15755,18
15756,18
15757,18
15758,44
15759,44
15760,44
15761,44
15762,8
15763,50
15764,49
15765,49
15766,77
15767,109
15768,109
15769,109
15770,109
15771,109
15772,109
15773,109
15774,109
15775,109
15776,49
15777,59
15778,33
15778,34
15779,40
15779,77
15780,40
15780,77
15781,40
15781,77
15782,40
15782,77
15783,40
15783,77
15784,40
15784,77
15785,40
15785,77
15786,40
15786,77
15787,69
15788,69
15789,69
15790,23
15791,23
15792,23
15793,27
15793,43
15793,56
15794,18
15794,34
15800,59
15801,33
15801,34
15802,59
15803,40
15803,77
15803,92
15804,6
15807,6
15809,10
15810,23
15811,23
15812,18
15813,33
15813,34
15814,33
15814,34
15815,33
15815,34
15816,33
15816,34
15817,33
15817,34
15819,6
15830,97
15831,69
15832,69
15833,69
15834,23
15835,23
15836,77
15837,59
15838,109
15839,18
15839,77
15840,18
15841,18
15842,97
15843,49
15844,97
15845,97
15846,97
15847,97
15848,97
15850,109
15851,109
15852,109
15853,109
15854,34
15855,32
15858,98
15861,18
15862,18
15863,18
15864,18
15865,18
15866,18
15867,18
15868,18
15869,18
15870,18
15871,38
15872,38
15873,38
15874,38
15880,59
15881,32
15881,33
15881,34
15881,44
15882,69
15883,40
15883,43
15884,49
15885,49
15886,49
15887,49
15888,37
15888,71
15889,37
15889,71
15890,23
15891,97
15892,18
15892,23
15893,44
15894,18
15894,23
15894,44
15895,97
15896,23
15897,33
15897,34
15898,97
15899,33
15899,34
15900,33
15900,34
15901,33
15901,34
15902,33
15902,34
15903,59
15904,59
15909,32
15909,109
15910,27
15910,43
15910,56
15911,18
15911,109
15912,109
15916,23
15917,77
15918,77
15919,33
15919,34
15920,44
15923,44
15925,77
15930,18
15931,37
15931,71
15932,18
15932,23
15933,18
15933,23
15934,18
15934,23
15935,1
15935,37
15935,77
15935,92
15936,1
15936,37
15936,77
15936,92
15937,77
15938,77
15939,18
15940,34
15941,109
15942,44
15943,44
15945,77
15947,77
15949,18
15950,18
15951,109
15952,109
15953,109
15954,109
15955,109
15956,109
15957,18
15957,23
15958,18
15958,23
15959,18
15959,23
15959,32
15960,18
15960,23
15961,18
15962,18
15964,32
15965,32
15966,32
15967,32
15968,23
15971,18
15971,44
15972,41
15974,1
15974,34
15974,37
15974,40
15974,92
15975,18
15976,18
15977,18
15977,44
15978,37
15978,71
15979,18
15979,44
15980,18
15980,44
15981,37
15981,71
15982,71
15983,18
15983,44
15984,18
15984,44
15985,18
15985,44
15986,18
15986,44
15987,37
15987,71
15988,18
15988,44
15989,18
15990,71
15991,37
15991,71
15992,37
15992,71
15993,18
15993,44
15994,37
15994,71
15995,18
15995,44
15996,37
15996,71
15997,37
15997,71
15998,18
15998,44
15999,18
15999,44
16000,71
16002,1
16002,37
16002,77
16002,92
16003,1
16003,37
16003,77
16003,92
16004,1
16004,37
16004,77
16004,92
16005,97
16006,97
16007,97
16008,18
16009,18
16010,18
16011,18
16012,18
16013,18
16014,18
16015,97
16016,18
16016,44
16017,18
16017,44
16018,18
16019,97
16020,97
16021,97
16022,109
16023,18
16023,23
16025,18
16025,23
16026,18
16026,23
16027,52
16028,69
16029,69
16030,18
16030,44
16031,69
16032,77
16033,77
16034,95
16035,23
16036,69
16038,18
16038,23
16040,33
16040,34
16041,33
16041,34
16042,33
16042,34
16043,33
16043,34
16044,27
16044,40
16044,56
16044,92
16045,18
16047,32
16048,32
16049,32
16050,23
16051,23
16051,32
16053,18
16053,23
16053,33
16053,34
16053,44
16053,77
16054,23
16055,77
16056,32
16057,18
16057,23
16058,109
16059,109
16060,109
16061,109
16062,109
16063,109
16064,109
16065,109
16066,1
16066,37
16066,43
16066,77
16066,92
16067,33
16067,34
16069,18
16070,44
16071,18
16072,18
16072,33
16072,34
16073,69
16074,69
16075,77
16076,77
16077,35
16078,33
16078,34
16079,33
16079,34
16081,23
16082,109
16083,109
16084,109
16085,109
16086,109
16088,71
16089,71
16092,23
16093,1
16093,37
16093,40
16093,43
16093,92
16094,1
16094,37
16094,40
16094,43
16094,92
16095,77
16096,69
16097,69
16098,109
16099,109
16100,23
16101,18
16104,18
16105,18
16106,18
16107,18
16108,32
16109,49
16110,33
16110,34
16111,18
16112,109
16113,109
16114,1
16114,92
16115,1
16115,92
16116,23
16117,44
16118,44
16119,32
16119,109
16120,71
16121,18
16121,59
16122,18
16122,59
16123,18
16123,59
16124,18
16124,59
16125,23
16126,23
16127,23
16128,77
16129,109
16130,109
16131,109
16132,18
16132,44
16133,18
16133,44
16134,1
16134,37
16134,40
16134,43
16134,92
16135,18
16135,44
16136,18
16136,44
16137,18
16137,44
16138,1
16138,37
16138,40
16138,43
16138,77
16138,92
16139,18
16139,44
16140,18
16140,44
16141,18
16141,44
16142,69
16143,69
16144,77
16145,77
16146,77
16147,77
16149,77
16150,77
16151,77
16152,77
16153,33
16153,34
16154,33
16154,34
16155,33
16155,34
16156,33
16156,34
16157,33
16157,34
16158,33
16158,34
16159,18
16160,33
16160,34
16161,77
16162,23
16163,23
16163,33
16163,34
16163,77
16164,18
16165,18
16166,18
16167,18
16168,18
16169,18
16170,18
16171,18
16172,18
16173,18
16174,6
16175,18
16177,23
16178,77
16179,77
16180,6
16181,21
16182,21
16183,21
16184,21
16185,18
16185,23
16186,18
16186,23
16186,33
16186,34
16186,44
16188,23
16189,18
16189,44
16190,97
16191,27
16191,43
16191,56
16192,33
16192,34
16192,44
16194,23
16195,27
16195,43
16195,56
16196,23
16197,77
16198,77
16199,109
16200,109
16201,27
16201,43
16201,56
16202,44
16203,23
16207,27
16207,43
16207,56
16217,32
16218,32
16219,32
16220,49
16222,18
16223,32
16227,18
16228,44
16229,44
16230,1
16230,37
16230,92
16233,35
16233,97
16234,97
16235,97
16236,97
16237,97
16238,97
16239,97
16240,97
16241,97
16242,97
16243,97
16244,97
16245,97
16246,97
16247,97
16248,97
16249,97
16250,97
16251,97
16252,97
16253,97
16254,97
16255,97
16256,97
16257,97
16258,35
16258,97
16259,97
16260,97
16261,97
16262,97
16263,97
16264,97
16265,97
16266,97
16267,97
16268,97
16269,97
16270,97
16271,35
16271,97
16274,18
16275,18
16276,18
16277,32
16278,44
16279,44
16280,44
16281,23
16282,69
16283,40
16284,40
16285,40
16286,18
16287,23
16288,23
16289,18
16289,33
16289,34
16290,77
16291,77
16292,77
16294,23
16295,33
16295,34
16296,33
16296,34
16297,33
16297,34
16298,33
16298,34
16299,33
16299,34
16300,33
16300,34
16301,33
16301,34
16302,33
16302,34
16303,33
16303,34
16304,18
16305,23
16306,97
16307,97
16309,49
16310,97
16311,97
16312,97
16313,97
16314,8
16315,32
16316,32
16317,32
16318,32
16319,1
16319,43
16319,92
16323,18
16324,18
16325,18
16327,18
16327,44
16329,18
16330,18
16331,33
16331,34
16331,77
16332,18
16333,97
16334,97
16335,18
16336,18
16337,27
16337,43
16337,56
16338,18
16338,33
16338,34
16338,44
16338,77
16339,23
16340,33
16340,34
16341,33
16341,34
16342,18
16343,18
16344,18
16345,18
16346,18
16347,18
16347,44
16348,49
16349,49
16351,23
16351,49
16352,69
16353,69
16355,109
16356,109
16357,18
16359,18
16362,33
16362,34
16363,18
16364,18
16365,49
16366,18
16367,69
16368,69
16369,69
16370,109
16371,109
16373,18
16374,41
16375,97
16376,97
16377,97
16378,18
16378,109
16379,18
16379,109
16382,49
16383,77
16384,77
16385,55
16386,55
16387,55
16388,18
16388,93
16389,18
16389,93
16390,18
16390,93
16391,18
16391,93
16392,18
16392,93
16393,18
16393,93
16394,109
16395,95
16407,18
16407,109
16408,109
16409,109
16410,109
16411,77
16412,18
16412,33
16412,34
16412,44
16413,23
16413,44
16414,103
16415,18
16416,69
16417,23
16418,77
16422,56
16423,18
16424,18
16425,18
16426,18
16426,44
16427,18
16427,44
16428,18
16428,33
16428,34
16428,44
16428,77
16429,18
16430,46
16433,18
16433,93
16434,93
16435,93
16436,21
16437,21
16438,21
16439,21
16440,21
16441,21
16443,21
16444,21
16445,21
16446,21
16447,21
16448,21
16449,21
16450,23
16452,18
16452,77
16453,18
16453,77
16454,18
16454,77
16456,8
16457,23
16458,18
16459,69
16460,69
16461,69
16462,32
16463,69
16464,23
16465,21
16466,69
16467,18
16467,23
16472,77
16473,77
16474,77
16475,77
16476,77
16477,77
16478,77
16479,109
16480,23
16481,18
16481,44
16482,18
16482,44
16484,32
16485,23
16486,1
16486,37
16486,77
16486,92
16487,18
16488,18
16489,95
16490,44
16490,59
16491,44
16491,59
16492,44
16492,59
16493,44
16493,59
16494,44
16494,59
16495,44
16495,59
16496,44
16496,59
16497,44
16497,59
16498,27
16498,43
16498,56
16499,23
16499,32
16500,23
16500,32
16501,32
16502,32
16504,32
16505,21
16506,18
16507,18
16508,27
16508,43
16508,56
16509,18
16510,109
16511,49
16512,49
16513,49
16514,49
16515,49
16516,49
16517,49
16518,77
16519,77
16520,23
16521,69
16522,69
16523,23
16524,23
16525,32
16526,1
16526,37
16526,92
16527,95
16528,95
16529,95
16530,95
16531,33
16531,34
16532,33
16532,34
16534,32
16535,93
16536,93
16537,93
16538,18
16538,23
16539,18
16540,77
16541,18
16542,69
16543,49
16544,49
16545,49
16546,49
16547,56
16547,77
16548,44
16549,44
16550,44
16551,44
16552,32
16553,18
16553,33
16553,34
16554,23
16554,44
16555,23
16556,103
16557,59
16558,69
16559,69
16562,77
16563,23
16563,44
16564,44
16565,44
16566,18
16569,18
16571,109
16572,109
16573,109
16574,77
16575,23
16576,23
16577,23
16578,18
16579,23
16580,23
16581,23
16582,23
16583,23
16584,87
16585,87
16586,38
16587,38
16588,49
16591,23
16592,23
16593,23
16595,23
16596,23
16597,23
16598,23
16599,59
16600,109
16601,77
16602,95
16603,18
16603,23
16604,69
16605,69
16606,69
16607,69
16608,33
16608,34
16609,33
16609,34
16610,1
16610,92
16611,1
16611,92
16612,1
16612,92
16613,89
16614,89
16615,109
16616,109
16617,77
16618,18
16618,93
16619,18
16619,44
16620,18
16620,44
16621,32
16622,34
16623,44
16624,13
16625,13
16626,13
16627,49
16628,49
16629,23
16629,32
16630,23
16630,32
16631,23
16631,44
16632,8
16634,77
16635,32
16636,32
16637,32
16638,32
16639,32
16640,32
16641,32
16642,32
16643,32
16644,32
16645,32
16646,32
16647,32
16648,32
16649,32
16650,69
16651,69
16652,18
16653,18
16654,18
16655,18
16656,18
16657,23
16659,18
16660,18
16661,18
16662,18
16663,18
16664,18
16665,18
16666,18
16667,18
16668,23
16669,44
16670,44
16671,18
16673,33
16673,34
16677,18
16677,44
16678,49
16678,109
16679,49
16679,109
16680,10
16681,23
16682,23
16683,23
16684,23
16685,23
16686,109
16687,109
16688,109
16689,109
16690,109
16691,109
16692,109
16693,18
16693,33
16693,34
16693,44
16694,52
16695,109
16696,109
16697,52
16698,109
16699,109
16700,109
16702,109
16703,109
16708,23
16709,27
16709,43
16709,56
16710,27
16710,43
16710,56
16711,44
16713,27
16713,43
16713,56
16714,23
16715,69
16716,69
16717,69
16718,69
16719,69
16720,69
16721,69
16722,69
16723,32
16728,23
16729,18
16730,33
16730,34
16731,21
16732,33
16732,34
16733,105
16734,109
16735,44
16735,109
16736,44
16736,109
16737,109
16738,109
16739,109
16740,109
16741,109
16742,109
16743,109
16744,109
16745,109
16746,109
16747,109
16748,103
16749,103
16750,103
16751,103
16752,103
16753,103
16754,103
16755,103
16756,109
16757,109
16758,109
16759,109
16760,109
16761,77
16762,23
16763,23
16764,23
16765,23
16766,23
16767,18
16767,64
16768,18
16768,109
16769,109
16770,109
16771,109
16772,109
16773,109
16774,109
16775,109
16776,109
16777,109
16778,109
16779,109
16780,109
16781,109
16782,109
16783,109
16784,109
16785,109
16786,109
16787,109
16788,109
16789,18
16790,69
16791,23
16792,23
16793,18
16798,18
16799,32
16800,32
16801,32
16802,8
16802,18
16803,49
16804,8
16804,18
16805,8
16805,18
16806,32
16807,32
16808,49
16809,37
16809,71
16810,37
16810,71
16811,37
16811,71
16812,37
16812,71
16813,109
16814,109
16815,18
16816,18
16817,18
16818,34
16818,44
16819,69
16820,69
16821,69
16822,32
16823,32
16824,41
16825,41
16826,18
16826,44
16827,33
16827,34
16828,33
16828,34
16829,38
16830,32
16830,71
16831,32
16831,71
16832,32
16832,71
16833,18
16834,77
16835,109
16840,23
16841,23
16843,44
16844,44
16846,18
16846,23
16848,1
16848,37
16848,92
16849,1
16849,37
16849,92
16850,1
16850,37
16850,92
16851,77
16852,44
16853,44
16854,44
16855,44
16856,18
16856,23
16857,18
16857,23
16858,18
16858,23
16859,18
16859,23
16860,18
16860,23
16861,18
16861,23
16862,18
16862,23
16863,18
16863,23
16864,18
16864,23
16865,18
16865,23
16866,18
16866,23
16867,37
16867,92
16868,18
16869,18
16870,32
16871,32
16872,32
16873,32
16874,32
16875,32
16876,32
16877,32
16878,32
16879,32
16880,32
16881,32
16882,32
16883,32
16884,71
16885,71
16886,59
16887,59
16888,97
16889,97
16890,77
16891,105
16892,18
16893,18
16894,105
16894,109
16895,105
16895,109
16896,105
16897,105
16898,105
16899,105
16900,23
16901,109
16902,109
16903,109
16904,109
16905,18
16906,69
16907,18
16908,18
16909,18
16910,44
16911,103
16919,18
16920,18
16921,32
16922,32
16923,18
16923,33
16923,34
16923,44
16924,69
16925,69
16926,23
16927,69
16928,1
16928,37
16928,40
16928,77
16928,92
16930,1
16930,37
16930,92
16931,49
16932,49
16933,49
16934,49
16935,49
16936,49
16937,49
16938,49
16942,18
16942,33
16942,34
16942,44
16943,109
16944,109
16945,109
16946,109
16947,109
16948,109
16949,109
16951,27
16951,43
16951,56
16952,33
16953,33
16954,23
16954,32
16955,23
16955,32
16956,23
16956,32
16957,49
16958,49
16959,49
16960,44
16961,44
16962,44
16963,44
16964,44
16965,44
16966,44
16967,44
16968,44
16969,44
16970,44
16971,44
16972,44
16973,44
16974,18
16975,49
16977,18
16978,18
16979,18
16980,18
16981,18
16982,9
16983,9
16984,1
16984,37
16984,77
16984,92
16986,109
16987,18
16988,32
16989,33
16989,34
16990,59
16991,18
16992,109
16993,23
16994,55
16995,55
16999,18
17007,109
17011,44
17012,44
17012,59
17013,97
17014,97
17016,49
17017,49
17020,44
17021,37
17021,71
17022,37
17022,71
17023,37
17023,71
17024,71
17025,37
17025,71
17026,37
17026,71
17027,37
17027,71
17028,37
17028,71
17029,44
17030,33
17030,34
17030,44
17031,33
17031,34
17031,44
17032,77
17033,78
17034,23
17035,77
17036,77
17037,44
17037,48
17038,59
17039,18
17040,44
17041,18
17042,18
17043,18
17043,44
17045,97
17046,32
17047,71
17048,71
17049,33
17049,34
17050,109
17051,109
17052,109
17053,109
17054,109
17055,109
17056,109
17057,18
17058,18
17059,77
17060,77
17061,18
17062,49
17063,59
17064,18
17064,23
17064,33
17064,34
17064,44
17064,77
17065,59
17066,18
17066,44
17067,32
17068,69
17069,69
17070,69
17071,69
17072,69
17073,69
17074,69
17075,69
17076,69
17077,69
17078,26
17079,26
17080,26
17081,34
17082,34
17083,34
17084,34
17085,18
17085,44
17086,18
17086,44
17087,18
17088,18
17089,59
17090,32
17091,32
17092,32
17093,18
17094,49
17095,109
17096,109
17097,109
17098,109
17099,27
17099,43
17099,56
17099,77
17100,23
17101,23
17102,23
17103,23
17104,46
17105,18
17105,44
17106,18
17106,44
17107,18
17107,44
17108,18
17108,44
17109,18
17109,44
17110,97
17111,77
17113,18
17113,93
17114,18
17114,93
17115,18
17115,93
17116,18
17116,93
17117,78
17118,78
17119,78
17120,78
17121,78
17122,78
17135,32
17136,32
17137,18
17140,32
17141,32
17142,23
17143,97
17145,97
17146,97
17147,97
17148,97
17149,92
17150,92
17151,92
17152,92
17153,92
17154,92
17155,92
17156,92
17157,32
17158,92
17159,52
17160,92
17161,23
17162,23
17162,44
17163,23
17163,44
17164,23
17164,44
17165,23
17165,44
17166,23
17166,44
17167,23
17167,44
17168,23
17168,44
17172,21
17173,21
17174,38
17176,18
17176,32
17176,44
17177,95
17179,18
17179,32
17179,44
17180,18
17180,32
17180,44
17181,18
17181,32
17181,44
17182,97
17183,97
17184,37
17184,71
17185,97
17186,37
17186,71
17187,97
17188,37
17188,71
17189,49
17190,37
17190,71
17191,18
17192,18
17193,56
17193,77
17194,56
17194,77
17195,77
17196,77
17197,23
17198,56
17198,77
17199,56
17199,77
17201,18
17202,18
17203,32
17204,32
17205,32
17206,32
17207,32
17209,77
17210,77
17212,77
17213,78
17214,77
17215,78
17216,78
17217,78
17218,78
17219,78
17220,18
17220,44
17221,18
17221,44
17222,18
17222,44
17223,18
17223,44
17224,18
17224,44
17225,109
17226,18
17227,18
17228,18
17229,109
17230,109
17231,109
17232,18
17233,18
17234,18
17235,18
17236,18
17237,1
17237,77
17237,92
17238,1
17238,77
17238,92
17239,27
17239,56
17239,77
17239,92
17240,27
17240,56
17240,77
17240,92
17241,32
17242,32
17243,18
17243,23
17244,18
17244,23
17245,33
17246,23
17247,69
17248,69
17249,33
17249,34
17255,109
17256,109
17257,109
17258,109
17259,109
17260,32
17261,32
17262,32
17263,32
17264,32
17265,87
17266,32
17267,32
17268,87
17269,59
17270,97
17272,18
17272,34
17273,18
17273,34
17274,37
17274,40
17274,77
17275,23
17276,1
17276,23
17277,1
17277,23
17278,1
17278,23
17279,1
17279,23
17279,92
17280,1
17280,23
17281,1
17281,23
17282,1
17282,23
17283,1
17283,23
17284,1
17284,23
17285,44
17285,48
17286,44
17286,48
17287,1
17287,37
17287,92
17288,1
17288,37
17288,92
17289,21
17290,21
17291,8
17291,21
17292,21
17293,21
17294,21
17296,69
17297,69
17298,69
17299,69
17300,33
17309,23
17310,23
17315,23
17316,44
17317,44
17318,18
17319,18
17320,69
17321,69
17322,69
17323,69
17324,69
17325,69
17327,32
17328,109
17329,109
17330,109
17331,33
17331,34
17331,97
17332,33
17332,34
17332,97
17333,33
17333,34
17333,97
17335,21
17336,46
17338,77
17339,77
17340,77
17341,32
17342,23
17343,32
17344,32
17345,32
17346,32
17347,32
17348,32
17349,32
17350,32
17351,32
17352,32
17353,32
17354,32
17355,32
17356,32
17357,32
17358,32
17359,1
17359,43
17359,56
17359,92
17360,33
17360,34
17361,33
17361,34
17362,33
17362,34
17363,33
17363,34
17364,33
17364,34
17365,33
17365,34
17366,23
17367,23
17368,18
17369,97
17370,49
17371,49
17372,78
17376,33
17376,34
17377,69
17378,78
17379,21
17380,33
17380,34
17381,34
17382,33
17382,34
17383,78
17384,71
17384,78
17385,33
17385,34
17386,71
17386,78
17387,77
17388,55
17389,77
17390,33
17390,34
17391,33
17391,34
17392,21
17393,21
17394,21
17395,38
17396,37
17396,92
17397,18
17398,18
17399,18
17400,33
17400,34
17401,77
17402,77
17403,18
17404,18
17405,18
17406,77
17407,77
17408,77
17414,23
17415,23
17416,23
17419,18
17422,23
17423,18
17423,44
17425,109
17426,77
17427,33
17427,34
17428,69
17429,69
17430,69
17431,69
17432,69
17433,69
17434,44
17435,33
17435,34
17436,18
17437,18
17437,44
17438,18
17439,77
17440,77
17441,18
17442,18
17443,18
17444,69
17445,69
17446,69
17447,69
17448,27
17448,43
17448,56
17449,23
17450,23
17451,33
17451,34
17452,18
17452,23
17453,18
17453,93
17454,32
17454,33
17454,34
17455,32
17456,32
17457,32
17458,32
17459,32
17460,32
17461,18
17461,33
17461,34
17461,44
17470,30
17470,87
17478,18
17484,32
17485,109
17486,32
17487,32
17488,18
17488,32
17489,59
17490,97
17491,18
17493,8
17495,23
17496,23
17497,23
17498,23
17499,77
17500,67
17501,67
17502,77
17503,1
17503,37
17503,40
17503,43
17503,92
17504,109
17505,109
17506,109
17507,109
17508,109
17509,109
17510,109
17511,109
17512,109
17513,109
17514,109
17515,109
17516,109
17517,55
17518,18
17519,77
17520,23
17521,32
17521,109
17522,69
17524,69
17525,69
17526,69
17527,23
17528,1
17528,37
17528,40
17528,92
17529,23
17530,18
17530,23
17531,18
17531,23
17532,18
17532,23
17533,18
17533,23
17534,18
17534,23
17535,18
17535,23
17536,18
17536,23
17537,18
17537,23
17538,18
17538,23
17539,18
17539,23
17540,18
17540,23
17541,18
17541,23
17542,18
17543,23
17544,49
17549,74
17550,34
17550,37
17550,52
17550,71
17551,34
17551,52
17551,71
17552,37
17552,52
17552,71
17553,34
17553,37
17553,52
17553,71
17554,52
17554,71
17555,34
17555,37
17555,52
17555,71
17556,34
17556,37
17556,52
17556,71
17557,52
17557,71
17558,34
17558,37
17558,52
17558,71
17559,52
17559,71
17560,37
17560,71
17561,18
17562,109
17563,109
17564,109
17565,109
17566,23
17566,32
17567,18
17568,18
17569,18
17570,18
17570,44
17571,23
17572,23
17573,23
17574,23
17575,23
17576,59
17577,52
17578,52
17579,52
17580,44
17581,8
17582,8
17583,8
17584,8
17585,8
17587,18
17588,18
17589,18
17589,33
17589,34
17590,18
17590,33
17590,34
17591,18
17591,23
17591,33
17591,34
17591,44
17592,18
17592,33
17592,34
17593,18
17593,33
17593,34
17594,33
17594,34
17594,44
17595,18
17595,33
17595,34
17595,44
17596,18
17596,33
17596,34
17596,44
17597,59
17598,10
17609,18
17610,18
17611,23
17612,32
17613,97
17614,18
17615,97
17616,18
17617,97
17618,18
17619,18
17620,18
17621,18
17623,23
17623,32
17624,18
17625,18
17626,18
17627,23
17628,23
17629,18
17630,18
17632,18
17632,44
17633,18
17633,44
17641,18
17641,23
17642,23
17643,32
17644,32
17645,32
17646,32
17647,69
17648,69
17649,69
17650,18
17651,77
17652,77
17653,33
17653,34
17655,18
17655,23
17655,33
17655,34
17655,44
17655,77
17656,18
17656,33
17656,34
17656,44
17657,18
17657,23
17657,33
17657,34
17657,44
17658,23
17659,23
17661,33
17661,34
17662,77
17665,44
17665,48
17666,44
17666,48
17667,44
17668,23
17668,46
17669,37
17669,71
17670,27
17670,43
17670,56
17671,27
17671,43
17671,56
17672,27
17672,43
17672,56
17673,32
17674,32
17675,32
17676,32
17677,18
17677,44
17680,23
17681,34
17681,70
17682,69
17683,69
17684,69
17685,33
17685,34
17686,33
17686,34
17687,33
17688,33
17689,18
17689,23
17690,49
17691,33
17691,34
17692,18
17693,23
17693,32
17695,97
17696,97
17697,18
17698,95
17699,95
17700,95
17701,95
17702,18
17702,44
17703,69
17704,69
17705,1
17705,43
17705,92
17706,109
17707,109
17708,109
17709,109
17710,109
17711,109
17712,109
17713,109
17714,109
17715,109
17716,109
17718,1
17718,37
17718,40
17718,43
17718,92
17719,109
17720,109
17721,18
17722,18
17723,18
17724,49
17726,23
17726,44
17727,18
17728,18
17729,18
17730,18
17730,44
17731,18
17731,44
17735,77
17736,27
17736,43
17736,56
17737,27
17737,43
17737,56
17738,27
17738,43
17738,56
17739,44
17740,18
17741,18
17742,27
17742,43
17742,56
17743,27
17743,43
17743,56
17744,27
17744,43
17744,56
17745,27
17745,43
17745,56
17746,21
17747,27
17747,43
17747,56
17748,27
17748,43
17748,56
17749,18
17750,27
17750,43
17750,56
17751,87
17752,87
17753,77
17754,23
17755,56
17755,77
17756,56
17756,77
17757,56
17757,77
17760,32
17761,32
17762,32
17763,32
17764,32
17765,32
17766,23
17767,87
17768,109
17769,109
17770,109
17771,109
17772,109
17773,109
17774,109
17775,109
17776,109
17777,109
17778,109
17779,109
17780,109
17781,109
17782,77
17783,109
17784,109
17785,109
17786,109
17787,77
17788,77
17789,77
17790,77
17791,23
17792,18
17792,23
17793,18
17793,23
17794,23
17795,23
17796,23
17797,77
17798,77
17799,77
17800,77
17801,77
17802,77
17803,95
17804,95
17805,18
17806,27
17806,43
17806,56
17807,18
17807,44
17810,97
17811,52
17812,18
17813,18
17814,49
17815,49
17816,49
17817,37
17817,40
17817,77
17818,37
17818,40
17818,77
17823,8
17824,8
17825,69
17826,69
17827,18
17828,18
17832,109
17833,109
17834,18
17835,18
17836,18
17837,18
17838,109
17839,109
17840,32
17841,18
17842,18
17845,32
17846,21
17847,21
17848,44
17849,23
17854,18
17855,33
17855,34
17856,33
17856,34
17857,33
17857,34
17858,18
17858,44
17859,18
17859,44
17860,18
17860,44
17866,8
17867,8
17868,37
17868,71
17869,37
17869,71
17870,37
17870,71
17871,109
17872,109
17873,109
17874,109
17875,109
17876,109
17877,109
17878,109
17879,44
17880,18
17880,44
17881,23
17882,18
17882,44
17883,69
17884,69
17885,69
17886,69
17887,109
17888,109
17890,18
17890,109
17891,109
17892,109
17893,109
17894,109
17895,32
17895,109
17896,18
17896,33
17896,34
17897,32
17897,109
17898,32
17898,109
17899,32
17900,32
17901,32
17901,109
17902,32
17902,109
17903,32
17903,109
17904,32
17904,109
17905,32
17905,109
17906,32
17906,109
17907,32
17907,109
17908,18
17908,33
17908,34
17909,23
17910,109
17911,109
17912,44
17913,32
17914,33
17915,33
17916,33
17917,32
17918,59
17919,77
17922,109
17923,21
17924,49
17925,49
17926,56
17926,77
17927,109
17928,18
17928,23
17928,33
17928,34
17928,44
17928,77
17929,38
17930,38
17933,26
17934,26
17935,21
17936,21
17937,21
17938,21
17939,21
17940,6
17941,34
17942,34
17943,34
17944,23
17945,33
17945,34
17946,33
17946,34
17947,97
17948,97
17949,18
17949,23
17950,23
17950,44
17951,23
17952,109
17953,69
17954,69
17955,69
17956,69
17957,69
17958,69
17959,18
17960,69
17961,18
17962,18
17963,33
17963,34
17963,44
17964,33
17964,34
17964,44
17965,49
17965,88
17966,32
17966,33
17966,34
17967,33
17967,34
17968,109
17969,109
17970,109
17971,109
17972,109
17973,109
17974,109
17975,109
17976,109
17977,109
17978,109
17979,18
17979,23
17980,18
17981,109
17982,109
17983,32
17984,59
17985,71
17987,18
17988,18
17990,44
17991,44
17992,18
17994,44
17995,44
17996,44
17996,59
17997,44
17998,77
17999,8
18000,32
18000,109
18001,32
18001,109
18002,32
18002,109
18004,33
18004,34
18005,44
18006,109
18007,78
18008,78
18009,109
18010,109
18011,109
18012,109
18015,87
18016,87
18017,18
18018,33
18018,34
18021,18
18022,56
18022,77
18023,21
18024,21
18025,37
18025,71
18026,37
18026,71
18027,23
18028,18
18029,32
18030,23
18030,32
18031,23
18031,32
18033,30
18033,87
18034,30
18034,87
18035,95
18037,23
18038,77
18039,18
18040,109
18041,109
18042,109
18043,109
18044,23
18045,23
18046,109
18047,109
18048,109
18049,109
18050,109
18051,109
18052,109
18053,109
18054,32
18055,109
18056,98
18057,109
18059,23
18059,32
18060,18
18060,44
18061,23
18065,69
18066,32
18067,18
18068,18
18069,18
18070,18
18071,18
18072,18
18073,71
18074,18
18075,18
18076,37
18076,40
18076,77
18077,77
18078,77
18079,38
18082,21
18083,49
18084,18
18085,109
18087,23
18087,33
18087,34
18088,109
18090,18
18094,18
18095,18
18095,23
18096,33
18096,34
18097,49
18098,23
18099,23
18100,44
18101,33
18101,34
18102,32
18103,23
18104,109
18105,109
18106,109
18107,109
18108,109
18109,109
18110,109
18111,109
18112,109
18113,109
18114,109
18115,109
18116,109
18117,23
18118,109
18119,109
18120,23
18121,109
18122,23
18123,109
18124,109
18125,109
18126,103
18127,103
18128,103
18129,103
18130,103
18131,43
18132,33
18132,34
18133,21
18135,8
18136,18
18137,97
18141,32
18142,18
18142,33
18142,34
18142,44
18143,33
18143,34
18143,44
18144,33
18144,34
18144,44
18145,103
18145,105
18146,77
18147,18
18148,18
18149,18
18150,18
18151,18
18152,18
18153,18
18154,69
18155,69
18156,33
18156,34
18156,44
18157,33
18157,34
18157,44
18158,33
18158,34
18158,44
18162,77
18163,77
18165,92
18166,92
18167,34
18168,97
18169,97
18170,97
18171,97
18172,77
18173,77
18174,77
18175,77
18176,77
18177,77
18189,109
18199,18
18200,18
18201,18
18202,18
18203,33
18203,34
18204,69
18205,69
18206,69
18207,69
18208,109
18209,109
18210,109
18212,23
18213,109
18214,49
18215,18
18215,44
18216,18
18216,44
18217,18
18217,44
18218,18
18218,44
18219,18
18220,33
18220,34
18220,44
18221,26
18222,26
18223,26
18224,26
18225,26
18226,26
18227,33
18227,34
18229,18
18231,18
18232,23
18233,18
18234,18
18235,23
18236,18
18237,18
18239,18
18241,33
18241,34
18241,44
18242,69
18243,69
18244,69
18245,18
18245,44
18245,59
18246,18
18246,44
18246,59
18247,18
18247,44
18247,59
18248,18
18248,44
18248,59
18249,33
18249,34
18249,44
18250,33
18250,34
18250,44
18251,33
18251,34
18251,44
18252,18
18253,18
18254,18
18254,23
18255,18
18255,23
18256,44
18257,44
18260,18
18262,49
18263,49
18264,77
18265,77
18266,49
18267,77
18268,1
18268,43
18268,92
18269,95
18270,18
18270,93
18271,18
18271,93
18272,18
18272,93
18273,18
18273,93
18274,18
18274,93
18275,18
18276,18
18277,18
18278,18
18279,71
18280,71
18281,71
18283,18
18284,18
18285,18
18286,18
18287,69
18288,18
18289,69
18290,77
18291,77
18292,33
18293,109
18294,69
18295,69
18296,69
18297,69
18298,69
18299,23
18300,18
18300,44
18301,18
18301,44
18302,18
18302,44
18303,18
18303,44
18304,18
18304,44
18305,18
18305,44
18306,18
18306,44
18307,18
18307,44
18308,18
18308,44
18309,78
18310,78
18311,78
18313,18
18314,18
18315,44
18317,103
18318,103
18319,69
18320,69
18321,69
18322,49
18323,49
18324,23
18327,109
18328,109
18329,109
18330,109
18331,37
18331,40
18331,77
18332,18
18333,23
18334,23
18335,21
18337,21
18339,49
18340,49
18341,21
18342,32
18343,71
18347,23
18347,92
18350,50
18353,23
18355,69
18356,69
18357,69
18358,69
18364,103
18365,44
18366,44
18369,18
18370,32
18371,32
18372,32
18373,23
18374,38
18375,38
18376,23
18377,77
18378,49
18379,33
18379,34
18379,44
18382,18
18383,18
18383,23
18383,44
18384,27
18384,43
18384,56
18385,23
18386,18
18387,18
18388,18
18389,18
18390,23
18391,71
18394,23
18395,18
18395,23
18395,34
18395,44
18396,109
18397,109
18398,109
18399,32
18399,77
18400,105
18401,32
18402,32
18403,32
18404,105
18405,69
18406,109
18407,109
18408,109
18409,109
18410,97
18411,46
18412,11
18413,11
18414,18
18414,23
18414,44
18415,77
18416,77
18417,18
18417,44
18418,109
18419,109
18420,109
18421,109
18422,23
18423,109
18424,109
18425,109
18426,109
18427,109
18429,109
18430,109
18431,109
18432,109
18433,109
18434,109
18435,109
18436,109
18437,109
18438,109
18439,109
18440,109
18441,109
18442,109
18443,109
18444,109
18446,18
18447,23
18448,23
18449,109
18450,23
18451,23
18452,23
18453,95
18454,95
18458,44
18461,18
18462,18
18462,23
18463,18
18463,23
18464,18
18465,32
18466,32
18468,35
18469,71
18470,71
18471,37
18471,77
18472,37
18472,77
18473,37
18473,40
18473,77
18474,37
18474,71
18475,21
18476,109
18477,109
18481,109
18482,109
18483,44
18486,77
18487,33
18487,34
18488,18
18488,23
18488,33
18488,34
18489,23
18489,32
18490,26
18491,33
18491,34
18492,33
18492,34
18493,33
18493,34
18494,18
18494,77
18495,18
18495,77
18496,18
18496,77
18497,18
18497,77
18498,18
18498,77
18499,18
18500,18
18501,18
18502,46
18503,105
18504,105
18505,46
18506,46
18507,18
18507,46
18508,46
18509,46
18510,105
18511,46
18512,46
18513,46
18514,105
18515,46
18516,46
18517,44
18518,44
18519,95
18520,77
18521,69
18522,6
18523,77
18524,18
18524,33
18524,34
18524,44
18525,33
18525,34
18526,33
18526,34
18527,33
18527,34
18528,33
18528,34
18529,33
18529,34
18530,33
18530,34
18531,33
18531,34
18532,33
18532,34
18533,33
18533,34
18534,33
18534,34
18535,33
18535,34
18536,33
18536,34
18537,97
18538,97
18539,109
18540,23
18540,33
18540,34
18541,109
18542,109
18543,109
18544,3
18546,18
18546,23
18547,23
18553,44
18553,48
18554,95
18555,95
18556,23
18557,23
18558,23
18559,23
18560,23
18561,23
18562,23
18563,33
18563,34
18564,33
18564,34
18565,33
18565,34
18566,6
18567,6
18568,8
18570,18
18571,18
18572,18
18573,55
18574,55
18575,55
18576,105
18577,105
18578,18
18580,37
18580,77
18581,44
18581,59
18582,18
18583,38
18584,44
18584,59
18585,38
18586,38
18587,38
18588,38
18590,18
18590,44
18591,18
18591,44
18592,18
18592,44
18593,18
18593,44
18594,18
18594,44
18595,18
18595,44
18596,18
18596,44
18597,18
18597,44
18598,18
18598,44
18599,18
18599,44
18600,109
18601,109
18602,109
18603,21
18604,18
18605,18
18610,44
18611,8
18612,8
18613,8
18614,18
18615,18
18616,18
18617,18
18618,18
18619,18
18620,18
18621,18
18623,37
18623,40
18623,92
18624,11
18625,11
18626,33
18626,34
18627,109
18628,18
18629,69
18630,18
18631,33
18631,34
18635,37
18635,71
18636,37
18636,71
18640,18
18641,18
18642,23
18643,95
18644,95
18645,37
18646,37
18651,1
18651,37
18651,77
18651,92
18652,18
18653,109
18654,109
18655,109
18656,8
18657,8
18658,77
18659,109
18660,69
18661,109
18662,38
18663,109
18664,109
18665,32
18666,32
18667,18
18667,23
18668,1
18668,92
18669,105
18670,105
18671,105
18672,105
18673,33
18673,34
18674,97
18675,97
18676,97
18677,97
18678,97
18679,97
18680,97
18681,97
18682,18
18682,93
18683,18
18684,37
18684,71
18686,33
18686,34
18687,33
18687,34
18688,33
18688,34
18689,18
18690,21
18691,33
18691,34
18692,33
18692,34
18693,33
18693,34
18694,95
18699,44
18700,44
18701,109
18702,97
18703,97
18704,69
18706,109
18707,55
18710,1
18710,37
18710,92
18711,18
18711,23
18711,33
18711,34
18712,18
18712,23
18712,33
18712,34
18713,18
18713,33
18713,34
18714,33
18714,34
18715,56
18715,77
18716,109
18717,109
18718,109
18719,109
18720,18
18720,23
18721,18
18722,18
18723,18
18724,44
18724,77
18725,23
18726,109
18729,71
18730,18
18731,10
18733,18
18733,44
18734,109
18735,109
18736,109
18737,109
18738,109
18739,109
18740,109
18741,109
18742,109
18743,109
18744,109
18745,109
18746,32
18747,32
18748,59
18749,37
18749,71
18750,71
18751,71
18752,71
18756,23
18757,23
18758,18
18759,18
18759,44
18760,18
18760,44
18761,18
18761,44
18762,18
18762,44
18763,18
18763,44
18764,18
18764,44
18765,18
18765,44
18766,33
18766,34
18767,77
18768,77
18771,109
18772,40
18772,77
18772,92
18773,18
18773,44
18773,59
18774,77
18775,18
18779,1
18779,37
18779,40
18779,43
18779,92
18780,56
18780,77
18782,18
18783,69
18784,69
18785,21
18786,23
18787,27
18787,43
18787,56
18788,71
18789,103
18790,44
18791,109
18792,52
18793,77
18794,109
18795,109
18796,77
18797,109
18798,32
18799,52
18802,38
18803,38
18804,78
18805,18
18806,78
18807,78
18808,18
18809,18
18810,18
18811,18
18812,18
18813,1
18813,23
18814,1
18814,23
18816,18
18817,18
18818,18
18819,23
18822,77
18823,66
18824,18
18825,18
18826,18
18827,18
18827,44
18828,18
18828,44
18829,32
18833,18
18838,44
18840,18
18841,18
18842,18
18843,18
18844,18
18845,18
18845,77
18846,30
18847,30
18848,30
18849,30
18850,23
18850,44
18851,33
18851,34
18852,18
18853,95
18854,44
18855,18
18856,8
18857,33
18857,34
18857,44
18858,33
18858,34
18858,44
18859,69
18860,69
18861,18
18862,32
18862,109
18863,105
18865,109
18866,18
18868,109
18869,109
18870,44
18871,109
18872,109
18873,109
18874,109
18875,50
18876,109
18877,109
18878,109
18879,109
18880,1
18880,92
18881,37
18882,18
18883,33
18883,34
18884,103
18884,105
18885,78
18886,78
18887,109
18888,109
18889,109
18890,109
18891,109
18892,109
18893,109
18894,109
18895,109
18896,109
18897,33
18898,33
18899,23
18899,33
18899,34
18900,23
18901,23
18902,109
18903,23
18904,109
18905,23
18906,109
18907,97
18908,97
18909,97
18910,18
18910,23
18911,8
18912,11
18913,105
18914,32
18915,37
18915,71
18916,18
18917,32
18918,32
18919,109
18920,109
18921,109
18922,109
18923,18
18924,33
18924,34
18925,32
18926,32
18927,32
18928,1
18928,37
18928,92
18929,1
18929,37
18929,92
18930,1
18930,37
18930,92
18931,23
18932,46
18933,46
18934,46
18935,18
18935,44
18936,109
18937,109
18938,109
18939,109
18940,109
18941,109
18942,43
18942,92
18943,43
18943,92
18944,43
18944,92
18945,43
18945,92
18946,43
18946,92
18947,23
18950,37
18950,71
18951,109
18952,109
18953,109
18954,109
18955,109
18956,109
18957,18
18957,44
18958,18
18958,44
18959,109
18960,77
18962,44
18963,18
18964,18
18965,23
18966,18
18967,23
18968,23
18969,23
18970,23
18971,23
18972,69
18973,69
18974,23
18975,23
18976,23
18977,95
18978,95
18982,8
18983,109
18984,109
18985,109
18986,23
18988,18
18991,1
18991,43
18991,92
18992,35
18993,35
18994,35
18995,35
18996,35
18997,23
18998,49
19000,23
19002,69
19003,77
19004,98
19009,71
19011,66
19014,23
19015,23
19016,23
19017,23
19018,23
19021,66
19022,66
19023,66
19025,66
19026,66
19027,18
19027,33
19027,34
19027,44
19031,18
19032,18
19033,23
19034,18
19035,1
19035,37
19035,40
19035,43
19035,92
19036,1
19036,37
19036,40
19036,43
19036,92
19037,1
19037,37
19037,40
19037,43
19037,92
19038,27
19038,43
19038,56
19039,23
19046,23
19047,23
19048,18
19049,23
19050,18
19051,27
19051,43
19051,56
19052,109
19053,109
19054,18
19055,49
19056,32
19057,32
19058,23
19059,23
19060,23
19060,32
19060,33
19060,34
19061,23
19061,44
19062,18
19062,44
19062,59
19063,97
19064,97
19065,97
19066,97
19067,97
19068,97
19069,97
19070,18
19070,93
19071,97
19072,18
19072,93
19073,97
19074,18
19074,93
19075,18
19075,44
19076,18
19076,105
19077,23
19078,40
19078,77
19079,105
19080,105
19081,105
19082,105
19084,105
19085,105
19088,18
19090,18
19091,32
19092,1
19092,37
19092,92
19093,23
19100,23
19101,18
19101,44
19102,18
19103,18
19104,23
19105,77
19106,77
19107,18
19108,23
19109,109
19110,109
19111,109
19112,109
19113,23
19113,44
19114,77
19115,109
19116,109
19117,109
19118,109
19119,109
19120,109
19121,109
19122,77
19123,49
19124,49
19124,109
19125,49
19125,109
19126,44
19126,109
19127,44
19127,109
19128,44
19128,109
19129,32
19130,18
19131,18
19132,18
19133,18
19134,23
19134,49
19135,49
19136,18
19136,23
19137,18
19137,23
19139,69
19140,69
19141,18
19142,18
19143,44
19144,6
19145,33
19145,34
19146,109
19147,49
19147,77
19148,18
19149,18
19150,18
19151,18
19152,44
19153,18
19154,44
19155,33
19155,34
19156,33
19156,34
19157,23
19158,23
19159,23
19160,23
19161,23
19162,18
19163,18
19164,18
19165,18
19166,18
19167,18
19168,18
19169,18
19170,18
19171,92
19172,92
19174,18
19175,18
19176,109
19177,49
19178,1
19178,43
19178,92
19179,55
19180,18
19181,18
19183,32
19183,105
19184,66
19185,66
19186,66
19187,66
19188,66
19189,23
19190,23
19191,18
19192,18
19193,109
19194,77
19195,44
19196,44
19196,77
19197,44
19197,77
19198,44
19198,77
19199,44
19199,77
19200,44
19200,77
19201,95
19206,95
19207,32
19208,69
19209,69
19210,18
19210,23
19210,44
19211,32
19212,49
19212,70
19213,18
19213,23
19213,33
19213,34
19213,44
19214,49
19214,70
19215,18
19215,93
19216,18
19217,32
19218,32
19219,18
19219,33
19220,77
19221,77
19222,23
19223,32
19224,18
19224,33
19224,34
19224,44
19225,18
19225,33
19226,18
19226,33
19226,34
19226,44
19227,37
19228,18
19228,33
19228,34
19228,44
19229,18
19229,33
19229,34
19229,44
19230,18
19230,33
19230,34
19231,18
19231,23
19231,33
19231,34
19231,44
19232,18
19232,33
19232,34
19233,18
19233,33
19233,34
19233,44
19234,23
19235,18
19235,33
19235,34
19235,44
19236,18
19236,33
19236,34
19236,44
19237,18
19237,44
19238,18
19238,44
19239,18
19239,44
19240,18
19240,44
19241,18
19241,44
19242,18
19242,44
19243,18
19243,44
19244,8
19254,44
19255,44
19256,1
19256,37
19256,92
19261,18
19271,18
19272,18
19273,18
19274,18
19275,18
19276,18
19277,18
19278,18
19279,18
19280,44
19280,48
19281,44
19282,44
19282,48
19283,44
19283,48
19284,44
19286,23
19287,23
19288,18
19288,33
19289,32
19290,23
19291,23
19292,44
19293,1
19293,37
19293,40
19293,77
19294,40
19294,43
19295,103
19296,109
19297,77
19298,44
19299,32
19300,32
19301,105
19302,105
19303,105
19304,105
19305,105
19306,105
19307,105
19308,105
19309,105
19310,105
19311,105
19312,105
19313,105
19314,105
19315,105
19316,105
19317,105
19318,105
19319,105
19320,44
19321,44
19322,44
19323,44
19324,44
19325,77
19327,97
19328,97
19329,97
19330,49
19331,77
19333,44
19334,23
19334,49
19335,32
19336,32
19337,32
19339,43
19340,40
19341,33
19341,34
19342,33
19342,34
19343,33
19343,34
19344,109
19345,11
19346,109
19347,109
19348,18
19349,46
19350,18
19351,18
19363,109
19364,109
19365,1
19365,37
19365,77
19365,92
19366,1
19366,37
19366,77
19366,92
19367,69
19368,44
19368,77
19369,1
19369,37
19369,77
19369,92
19370,11
19371,11
19372,33
19372,34
19372,49
19373,103
19374,103
19375,69
19376,109
19377,109
19378,18
19379,18
19380,18
19381,95
19382,109
19383,33
19383,34
19384,33
19384,34
19385,11
19386,33
19386,34
19387,33
19387,34
19388,109
19389,109
19390,92
19391,18
19391,23
19392,18
19392,23
19393,18
19393,23
19394,33
19394,34
19395,33
19395,34
19396,33
19396,34
19397,49
19398,23
19399,23
19400,23
19401,49
19402,32
19402,44
19403,32
19403,33
19403,34
19403,44
19404,32
19404,33
19404,34
19404,44
19405,32
19405,33
19405,34
19405,44
19406,32
19406,33
19406,34
19406,44
19407,32
19407,33
19407,34
19407,44
19408,32
19409,32
19409,33
19409,34
19409,44
19410,32
19411,32
19411,33
19411,34
19411,44
19412,32
19413,32
19414,69
19415,69
19416,18
19417,23
19418,33
19418,34
19419,69
19420,69
19421,69
19422,69
19423,18
19425,18
19426,18
19433,11
19434,11
19435,11
19436,11
19437,11
19438,109
19439,32
19440,49
19441,18
19441,93
19442,18
19442,93
19443,18
19443,93
19444,18
19444,93
19446,109
19447,18
19448,109
19449,32
19450,32
19451,23
19452,18
19453,18
19454,23
19455,23
19456,10
19457,10
19458,97
19459,97
19460,23
19461,23
19464,33
19464,34
19465,33
19465,34
19466,23
19468,8
19469,18
19469,93
19470,18
19470,93
19471,18
19471,93
19473,33
19473,34
19474,21
19475,92
19476,23
19477,33
19477,34
19478,11
19480,23
19481,18
19482,18
19483,18
19484,32
19485,32
19486,6
19487,33
19487,34
19489,23
19495,11
19497,18
19497,44
19498,18
19498,44
19499,18
19500,18
19500,44
19501,18
19501,44
19502,109
19503,69
19504,18
19505,18
19506,18
19507,18
19507,23
19508,18
19508,23
19509,18
19510,18
19511,18
19512,18
19513,18
19514,18
19515,18
19516,18
19517,18
19518,18
19520,23
19521,21
19522,18
19523,18
19523,77
19524,18
19524,77
19525,18
19525,77
19526,18
19527,18
19528,18
19528,33
19528,34
19529,18
19529,33
19529,34
19530,18
19530,33
19530,34
19531,18
19531,33
19531,34
19532,18
19532,33
19532,34
19533,18
19533,33
19533,34
19534,18
19534,33
19534,34
19535,18
19535,33
19535,34
19551,18
19551,33
19551,34
19552,109
19553,18
19553,33
19553,34
19554,18
19554,33
19554,34
19555,18
19555,33
19555,34
19556,18
19556,23
19556,44
19557,44
19558,44
19559,44
19560,44
19561,18
19561,23
19562,18
19562,23
19562,33
19562,44
19563,18
19563,23
19563,33
19563,44
19564,18
19564,23
19564,33
19564,44
19565,103
19568,33
19575,33
19575,34
19576,33
19576,34
19578,77
19584,8
19585,8
19586,8
19587,18
19588,8
19589,32
19590,23
19593,77
19595,1
19595,37
19595,77
19595,92
19596,1
19596,37
19596,77
19596,92
19597,1
19597,37
19597,77
19597,92
19598,23
19599,109
19600,44
19600,109
19601,44
19601,109
19602,44
19602,109
19603,44
19603,109
19604,8
19605,69
19606,69
19607,78
19608,49
19609,69
19610,23
19611,69
19612,69
19613,69
19614,69
19615,78
19616,61
19617,44
19617,48
19618,18
19619,18
19620,44
19620,48
19621,44
19621,48
19622,44
19622,48
19623,44
19624,18
19624,49
19625,18
19625,49
19626,18
19626,49
19627,18
19627,49
19628,44
19629,18
19629,49
19630,44
19630,48
19631,44
19632,44
19632,48
19633,18
19634,18
19635,69
19636,69
19637,69
19638,23
19639,23
19640,23
19642,23
19643,23
19644,23
19645,23
19646,23
19650,18
19650,23
19650,33
19650,34
19652,23
19654,23
19655,23
19656,33
19656,34
19662,18
19663,18
19664,18
19677,18
19677,44
19678,18
19679,69
19680,69
19681,69
19682,69
19683,18
19684,77
19685,40
19685,77
19685,92
19686,40
19686,77
19686,92
19687,40
19687,77
19687,92
19688,40
19688,77
19688,92
19689,69
19690,40
19690,77
19690,92
19691,69
19692,40
19692,77
19692,92
19693,69
19694,40
19694,77
19694,92
19695,40
19695,77
19695,92
19696,69
19697,69
19698,69
19699,77
19702,109
19703,23
19704,23
19705,23
19706,23
19707,23
19708,23
19708,44
19709,33
19709,34
19710,33
19710,34
19711,33
19711,34
19712,18
19713,98
19714,87
19715,44
19716,44
19717,44
19719,32
19720,32
19721,32
19722,33
19722,34
19723,18
19723,23
19723,44
19724,33
19724,34
19725,23
19726,103
19727,23
19728,18
19728,77
19729,33
19729,34
19730,33
19730,34
19731,33
19731,34
19732,18
19732,44
19736,77
19737,18
19737,23
19740,18
19741,18
19741,23
19742,18
19742,23
19743,33
19743,34
19744,18
19744,23
19745,33
19745,34
19746,69
19748,33
19748,34
19749,33
19749,34
19750,18
19750,33
19750,34
19750,77
19751,69
19752,69
19753,69
19754,69
19755,109
19756,69
19757,69
19758,69
19759,69
19760,69
19761,18
19761,33
19761,34
19761,44
19762,18
19762,33
19762,34
19762,44
19763,8
19764,18
19764,33
19764,34
19764,44
19765,8
19766,69
19770,32
19771,46
19772,23
19773,23
19775,18
19775,33
19775,34
19775,77
19776,18
19776,33
19776,34
19776,77
19781,37
19783,37
19784,37
19785,37
19786,37
19789,97
19790,97
19791,97
19792,97
19793,97
19794,18
19796,18
19796,44
19797,97
19798,97
19799,97
19800,97
19801,97
19802,97
19803,97
19807,18
19808,18
19809,18
19809,44
19810,32
19811,18
19812,18
19813,109
19814,109
19815,109
19816,109
19817,109
19818,109
19819,109
19820,109
19821,109
19822,109
19823,109
19824,109
19825,109
19826,109
19827,109
19828,109
19829,109
19830,109
19831,109
19832,109
19833,33
19833,34
19834,109
19835,109
19836,109
19837,18
19837,44
19838,18
19838,44
19839,77
19840,97
19841,89
19842,69
19843,23
19844,23
19845,69
19846,69
19847,69
19848,71
19849,71
19850,69
19851,77
19852,69
19853,69
19854,69
19855,69
19860,18
19861,13
19861,18
19861,106
19862,77
19865,40
19865,43
19866,26
19867,26
19868,26
19869,18
19873,23
19874,23
19875,1
19875,92
19876,49
19877,49
19878,23
19880,69
19881,69
19882,69
19883,69
19884,69
19885,23
19886,32
19886,109
19887,44
19888,44
19889,44
19890,32
19890,109
19891,32
19891,109
19892,18
19893,18
19893,44
19895,32
19900,37
19900,71
19901,109
19903,21
19906,55
19907,18
19907,23
19908,18
19908,23
19909,18
19909,23
19910,18
19911,71
19912,71
19913,71
19914,69
19915,23
19916,71
19917,69
19918,71
19919,71
19920,71
19921,71
19922,59
19923,32
19924,77
19925,92
19926,109
19927,109
19928,23
19929,109
19930,18
19930,23
19930,44
19931,109
19932,109
19933,109
19934,109
19935,109
19937,44
19937,78
19938,43
19938,92
19952,23
19953,1
19953,37
19953,40
19953,43
19953,77
19953,92
19954,49
19955,49
19956,69
19957,18
19958,69
19959,23
19960,23
19967,21
19968,69
19969,18
19969,44
19970,11
19971,18
19972,11
19973,11
19974,11
19975,18
19976,18
19977,23
19977,44
19978,69
19979,18
19980,69
19982,103
19983,103
19985,69
19987,103
19988,103
19989,103
19990,69
19991,10
19992,46
19993,77
19994,18
19995,18
19996,18
19997,32
19997,69
19998,69
19999,32
19999,69
20000,33
20000,34
20001,95
20002,38
20002,109
20003,38
20003,109
20004,38
20004,109
20005,33
20005,34
20006,109
20007,109
20008,109
20009,109
20010,109
20011,109
20012,109
20013,109
20014,109
20015,109
20016,109
20017,109
20018,109
20019,109
20020,109
20021,109
20022,109
20023,109
20024,109
20025,109
20026,109
20027,49
20028,69
20029,69
20030,18
20031,69
20032,69
20033,69
20034,32
20035,33
20035,34
20036,33
20036,34
20037,33
20037,34
20038,69
20039,18
20039,44
20040,18
20040,44
20041,69
20042,18
20042,44
20043,44
20044,18
20044,44
20045,69
20046,69
20047,69
20048,69
20049,69
20050,69
20051,69
20052,69
20053,69
20054,69
20056,18
20057,40
20057,43
20059,69
20060,44
20061,56
20061,77
20062,9
20063,77
20064,8
20065,8
20068,44
20070,33
20070,34
20071,103
20072,103
20073,18
20073,44
20074,18
20074,44
20075,21
20076,21
20077,46
20078,46
20080,71
20081,71
20082,56
20082,77
20083,26
20084,26
20085,26
20086,59
20087,59
20088,1
20088,37
20088,40
20088,77
20088,92
20089,23
20090,23
20091,23
20092,23
20093,69
20094,69
20095,69
20096,23
20097,23
20098,69
20099,21
20100,18
20101,21
20102,21
20103,23
20104,23
20105,8
20106,50
20107,77
20109,69
20110,69
20111,77
20112,23
20113,18
20114,18
20114,23
20114,33
20114,44
20115,18
20116,18
20117,1
20117,37
20117,40
20117,43
20117,92
20118,105
20119,105
20120,105
20121,105
20122,33
20122,34
20123,23
20124,27
20124,43
20125,23
20125,44
20126,109
20127,109
20128,23
20129,23
20130,18
20131,18
20132,18
20133,33
20133,34
20136,109
20137,109
20138,109
20139,109
20140,109
20141,69
20142,69
20143,69
20144,69
20145,69
20146,69
20147,69
20148,69
20149,109
20150,109
20151,109
20152,109
20153,109
20154,109
20155,109
20156,21
20157,18
20159,18
20163,18
20167,18
20167,49
20168,18
20168,49
20169,69
20170,69
20171,69
20172,69
20173,69
20174,69
20175,32
20176,27
20176,43
20177,27
20177,43
20178,18
20179,18
20180,18
20181,18
20182,18
20183,18
20184,18
20185,18
20186,18
20187,18
20188,18
20189,18
20190,18
20192,37
20192,71
20193,18
20193,93
20194,18
20194,93
20195,18
20195,93
20196,37
20196,71
20197,71
20198,33
20198,34
20199,23
20200,77
20201,77
20202,77
20203,23
20203,34
20203,77
20204,77
20205,33
20206,109
20207,109
20208,109
20209,109
20210,109
20211,33
20211,34
20212,21
20213,21
20214,21
20215,69
20216,69
20217,23
20218,18
20219,18
20220,18
20221,18
20222,18
20223,97
20224,18
20228,84
20229,6
20230,18
20230,44
20231,18
20231,44
20232,18
20233,97
20234,97
20235,103
20236,84
20237,97
20238,58
20239,58
20240,58
20241,58
20242,58
20243,58
20244,58
20245,58
20246,58
20247,55
20248,44
20248,48
20249,44
20249,48
20250,8
20250,23
20251,23
20252,8
20252,23
20253,38
20254,32
20255,38
20256,109
20257,32
20258,109
20259,69
20260,44
20261,44
20262,44
20263,44
20264,11
20265,11
20266,18
20266,23
20267,33
20267,34
20267,44
20268,37
20268,71
20269,18
20269,23
20270,37
20270,71
20271,95
20272,18
20272,23
20273,77
20274,18
20275,18
20276,18
20277,18
20278,18
20279,18
20280,18
20281,18
20282,18
20283,18
20284,105
20285,105
20286,105
20287,18
20287,44
20288,40
20288,43
20288,77
20289,40
20289,77
20292,92
20293,18
20293,23
20295,44
20296,44
20297,18
20297,23
20298,26
20299,26
20300,26
20301,26
20302,26
20303,26
20304,50
20305,50
20306,49
20307,77
20308,18
20308,23
20310,32
20311,18
20311,44
20312,23
20313,33
20313,34
20313,44
20314,109
20315,109
20316,109
20317,109
20318,109
20319,109
20320,44
20321,23
20322,109
20323,18
20323,23
20323,44
20324,18
20325,18
20327,69
20328,69
20329,69
20330,69
20331,69
20332,69
20333,69
20334,69
20335,69
20336,37
20336,71
20337,37
20337,71
20338,37
20338,71
20339,37
20339,71
20340,23
20341,32
20342,32
20345,23
20346,23
20347,23
20348,23
20349,27
20349,43
20350,35
20350,97
20351,97
20352,97
20353,97
20356,18
20358,33
20358,34
20359,77
20360,18
20361,18
20362,18
20363,18
20364,18
20365,18
20366,18
20367,35
20368,35
20369,23
20369,49
20370,23
20370,49
20371,109
20372,23
20372,32
20372,46
20372,77
20373,23
20373,32
20373,46
20373,77
20374,23
20374,32
20374,46
20374,77
20375,23
20375,32
20375,46
20375,77
20376,23
20376,32
20376,46
20376,77
20377,18
20378,18
20379,23
20380,44
20381,44
20382,44
20383,44
20384,44
20385,44
20386,49
20387,44
20388,21
20389,21
20390,44
20391,21
20392,44
20393,44
20394,44
20395,21
20396,44
20397,44
20398,44
20399,44
20400,49
20401,49
20402,44
20404,44
20405,44
20406,44
20407,44
20408,44
20409,44
20410,44
20411,44
20412,18
20412,23
20412,33
20412,34
20412,44
20412,77
20413,32
20414,32
20416,69
20418,23
20419,77
20420,44
20420,59
20421,44
20421,59
20422,44
20422,59
20423,44
20424,18
20425,18
20426,18
20427,18
20428,33
20428,34
20429,103
20431,32
20433,23
20436,18
20436,97
20437,23
20437,33
20437,34
20437,49
20440,32
20440,105
20441,33
20441,34
20443,109
20444,109
20445,109
20446,109
20447,109
20448,109
20449,109
20450,109
20451,109
20452,109
20453,23
20455,6
20456,32
20458,11
20459,23
20460,95
20461,95
20462,109
20463,109
20464,32
20465,32
20466,59
20468,97
20469,44
20470,109
20471,109
20472,109
20473,109
20474,109
20475,109
20476,109
20477,109
20478,109
20479,109
20480,109
20481,109
20482,109
20483,109
20484,109
20485,109
20486,109
20487,109
20488,109
20489,49
20495,49
20495,71
20502,23
20503,44
20503,109
20504,109
20505,109
20506,109
20507,109
20508,109
20509,109
20510,109
20511,109
20512,109
20513,109
20514,109
20515,109
20516,109
20517,109
20518,109
20519,109
20520,109
20521,109
20522,109
20523,109
20524,109
20525,109
20526,109
20527,109
20528,109
20529,109
20530,109
20531,109
20532,23
20533,23
20534,23
20535,23
20536,23
20537,23
20538,23
20539,23
20540,23
20541,23
20542,23
20543,44
20543,93
20544,44
20544,93
20545,44
20545,93
20546,44
20546,93
20547,44
20547,93
20552,23
20553,109
20554,109
20555,109
20556,109
20557,32
20558,66
20559,32
20560,66
20562,66
20563,33
20564,18
20564,44
20565,49
20566,77
20567,23
20568,23
20570,18
20575,23
20576,23
20577,109
20578,109
20579,109
20580,109
20581,109
20582,109
20583,109
20584,109
20585,109
20586,109
20587,109
20588,109
20589,109
20590,97
20591,77
20593,77
20595,77
20597,49
20598,18
20599,49
20609,18
20609,32
20610,18
20610,32
20611,18
20611,32
20611,33
20611,34
20612,109
20613,109
20614,109
20615,109
20616,109
20617,109
20618,109
20619,109
20620,109
20621,109
20622,109
20623,109
20624,109
20625,109
20626,109
20627,109
20628,109
20629,109
20630,23
20631,33
20631,34
20633,21
20634,21
20635,21
20636,44
20637,44
20639,21
20640,21
20641,33
20641,34
20642,33
20642,34
20643,33
20643,34
20644,33
20644,34
20645,18
20645,32
20646,18
20647,18
20648,18
20649,18
20649,32
20650,18
20651,33
20651,34
20652,33
20652,34
20653,33
20653,34
20655,109
20656,109
20657,109
20658,109
20659,109
20660,109
20661,35
20662,18
20663,59
20664,38
20665,21
20666,38
20667,38
20668,1
20668,34
20668,37
20668,92
20669,18
20670,69
20671,38
20672,38
20673,18
20674,44
20675,23
20676,49
20681,18
20682,77
20683,77
20684,18
20684,32
20686,77
20687,18
20687,32
20688,77
20689,77
20690,77
20691,77
20692,77
20693,77
20694,77
20695,77
20696,77
20697,77
20698,77
20699,77
20700,77
20701,77
20702,77
20703,21
20704,89
20705,18
20706,18
20706,44
20707,23
20708,71
20709,55
20710,21
20711,18
20711,23
20711,33
20711,34
20712,18
20712,23
20712,33
20712,34
20713,109
20714,109
20715,109
20716,109
20717,77
20718,18
20718,23
20718,44
20719,18
20719,23
20719,33
20719,34
20720,109
20721,109
20722,69
20723,77
20724,44
20725,18
20726,27
20726,43
20726,56
20727,18
20728,18
20729,18
20730,18
20731,77
20732,77
20733,1
20733,43
20733,92
20734,77
20735,77
20736,77
20737,77
20739,77
20740,23
20741,23
20742,23
20743,23
20745,109
20746,77
20747,84
20748,95
20749,95
20750,95
20751,109
20752,18
20752,23
20753,18
20753,23
20754,18
20754,23
20755,18
20756,77
20757,23
20758,18
20759,6
20760,26
20761,18
20761,44
20762,18
20762,23
20762,33
20762,34
20763,18
20765,18
20766,18
20767,33
20767,34
20768,33
20768,34
20769,33
20769,34
20770,33
20770,34
20771,18
20771,34
20772,18
20772,34
20773,18
20773,34
20774,18
20774,34
20775,18
20775,34
20776,18
20776,34
20777,18
20777,34
20778,18
20778,34
20779,18
20779,34
20780,18
20780,34
20781,44
20782,44
20783,44
20784,18
20784,44
20785,44
20786,33
20786,34
20789,18
20789,23
20790,44
20791,44
20795,105
20796,105
20797,18
20802,105
20803,105
20811,109
20812,109
20813,109
20815,109
20816,109
20817,109
20818,103
20819,18
20820,18
20822,18
20823,18
20823,48
20824,18
20824,48
20825,18
20825,48
20826,18
20826,48
20827,13
20828,13
20829,18
20829,64
20830,98
20831,98
20832,23
20833,1
20833,37
20833,92
20834,18
20834,44
20835,49
20836,49
20837,18
20838,43
20839,32
20840,69
20841,77
20842,109
20843,109
20844,109
20845,109
20846,109
20847,109
20848,109
20850,109
20851,32
20853,77
20856,87
20857,87
20858,87
20859,32
20860,87
20861,87
20862,87
20863,87
20864,87
20865,87
20866,87
20867,23
20867,49
20868,23
20868,49
20869,23
20869,49
20870,49
20871,23
20871,49
20872,23
20873,55
20875,18
20875,23
20876,18
20876,23
20876,33
20876,34
20877,23
20881,1
20881,37
20881,92
20882,18
20890,97
20891,18
20897,18
20898,23
20899,23
20900,23
20901,23
20903,23
20904,23
20905,23
20906,23
20907,109
20908,109
20909,109
20910,109
20911,109
20912,109
20913,109
20914,109
20921,23
20923,18
20923,77
20924,18
20924,77
20925,18
20925,77
20926,18
20926,77
20927,18
20927,77
20928,18
20928,77
20929,18
20929,77
20930,109
20931,109
20932,109
20933,109
20934,109
20935,71
20936,109
20937,109
20938,109
20939,109
20940,109
20941,71
20942,109
20943,109
20944,109
20945,109
20946,109
20947,109
20948,109
20949,109
20950,109
20951,109
20952,109
20953,55
20954,32
20955,32
20956,23
20959,44
20960,44
20961,50
20962,18
20963,33
20963,34
20964,32
20964,33
20964,34
20964,44
20965,69
20966,69
20967,69
20968,23
20969,23
20970,23
20971,77
20971,109
20972,77
20972,109
20973,77
20973,109
20975,18
20975,44
20976,8
20976,32
20977,8
20978,8
20979,23
20980,33
20980,34
20982,97
20983,97
20984,77
20985,71
20986,71
20987,71
20988,109
20989,109
20990,109
20991,109
20992,109
20994,10
20995,18
20995,23
20996,109
20997,109
20998,34
20999,18
21000,18
21001,27
21001,43
21001,56
21002,18
21002,33
21002,34
21002,44
21005,77
21006,23
21007,23
21008,23
21009,23
21010,23
21011,23
21012,23
21013,32
21013,49
21014,18
21014,23
21014,33
21014,34
21015,97
21016,97
21017,97
21022,34
21023,18
21026,18
21027,27
21027,43
21027,56
21028,33
21028,34
21028,77
21029,18
21030,71
21031,18
21032,71
21033,71
21034,109
21035,109
21036,109
21037,109
21038,109
21039,109
21040,109
21041,109
21042,109
21043,18
21044,18
21045,18
21046,32
21047,32
21048,32
21049,44
21050,44
21051,32
21053,77
21054,97
21055,18
21056,18
21057,95
21058,95
21059,23
21059,32
21060,109
21061,109
21062,109
21063,109
21064,109
21065,78
21066,32
21067,18
21067,23
21068,23
21069,18
21069,23
21069,33
21069,34
21070,18
21070,23
21070,33
21070,34
21071,109
21072,18
21072,23
21073,109
21074,109
21075,11
21076,18
21076,33
21077,49
21078,49
21080,49
21081,49
21082,49
21083,49
21084,49
21086,18
21086,33
21086,34
21087,69
21088,69
21089,69
21090,69
21091,69
21092,69
21093,69
21094,69
21095,18
21096,18
21097,18
21104,32
21105,18
21106,23
21107,32
21108,32
21109,32
21110,32
21111,32
21112,32
21113,32
21114,71
21115,33
21115,34
21116,33
21116,34
21117,33
21117,34
21118,77
21119,6
21120,6
21121,6
21122,77
21123,32
21124,27
21124,43
21124,56
21125,18
21126,18
21127,18
21128,18
21128,44
21129,56
21130,27
21130,56
21130,87
21130,92
21131,67
21132,67
21135,44
21135,92
21136,44
21136,92
21137,18
21138,23
21139,109
21140,109
21141,109
21142,109
21143,109
21144,109
21145,40
21145,43
21146,23
21147,18
21148,109
21151,77
21152,77
21153,77
21154,77
21155,77
21156,77
21157,18
21157,23
21157,33
21157,34
21157,44
21158,33
21158,34
21159,18
21160,18
21161,18
21162,18
21164,18
21165,18
21166,18
21167,69
21168,23
21169,18
21170,18
21171,18
21172,18
21173,18
21174,18
21175,109
21176,109
21177,109
21178,109
21179,109
21180,109
21181,109
21182,109
21183,109
21184,109
21185,109
21186,109
21187,109
21188,109
21189,109
21190,109
21191,109
21192,18
21192,44
21193,33
21193,34
21194,105
21195,105
21197,77
21198,77
21199,103
21200,1
21200,23
21201,103
21202,105
21203,105
21204,105
21205,105
21206,105
21207,105
21208,105
21209,105
21210,105
21211,44
21211,69
21212,44
21212,69
21213,44
21213,69
21214,44
21214,69
21215,18
21216,18
21217,18
21218,32
21219,32
21220,32
21221,30
21222,30
21227,23
21230,49
21231,32
21232,33
21232,34
21233,32
21234,32
21235,32
21237,32
21239,32
21240,18
21240,23
21240,33
21240,34
21241,18
21241,44
21242,1
21242,92
21243,97
21244,97
21245,97
21246,97
21247,109
21248,97
21249,78
21250,78
21251,78
21252,35
21252,78
21253,33
21253,34
21254,78
21255,78
21256,69
21257,35
21257,78
21258,69
21259,109
21260,109
21261,109
21262,109
21263,109
21264,109
21265,109
21266,109
21267,109
21268,109
21269,109
21270,109
21271,109
21272,109
21273,109
21274,109
21275,1
21275,37
21275,77
21275,92
21276,1
21276,37
21276,77
21276,92
21277,103
21278,103
21279,23
21280,33
21280,34
21281,33
21281,34
21282,18
21282,23
21284,23
21285,87
21286,103
21287,18
21288,18
21289,18
21290,18
21291,103
21292,18
21293,18
21294,18
21294,33
21294,34
21295,52
21296,27
21296,43
21297,18
21298,18
21299,18
21300,18
21301,23
21302,18
21303,78
21304,18
21305,78
21312,1
21312,34
21312,37
21312,92
21313,78
21314,78
21315,49
21316,97
21317,23
21318,56
21318,77
21319,97
21320,18
21321,18
21322,21
21323,52
21324,21
21325,69
21326,69
21327,52
21328,40
21328,77
21328,92
21329,40
21329,77
21329,92
21330,40
21330,77
21330,92
21331,18
21331,44
21332,18
21333,109
21334,109
21335,109
21336,109
21337,109
21338,109
21339,109
21340,109
21341,109
21342,109
21343,37
21346,18
21346,44
21347,18
21347,44
21348,18
21348,44
21349,18
21351,18
21351,44
21352,23
21353,105
21354,18
21354,105
21356,77
21357,37
21357,77
21358,44
21359,21
21360,33
21360,34
21362,69
21363,69
21364,44
21365,21
21366,21
21367,1
21367,92
21368,21
21373,8
21373,18
21373,23
21373,33
21374,95
21375,18
21376,38
21377,40
21377,43
21378,18
21379,37
21379,71
21380,18
21380,44
21381,23
21381,44
21382,71
21383,18
21384,44
21384,93
21385,44
21385,93
21386,44
21386,93
21387,44
21387,93
21388,44
21388,93
21389,77
21391,97
21392,33
21392,34
21392,44
21393,18
21394,18
21395,44
21396,44
21397,1
21397,43
21397,92
21398,44
21399,1
21399,37
21399,92
21400,37
21400,71
21401,105
21402,105
21403,18
21404,109
21405,109
21406,109
21407,109
21408,109
21409,32
21410,32
21411,56
21412,18
21412,23
21413,23
21414,23
21415,11
21416,69
21418,1
21418,37
21418,77
21418,92
21419,97
21421,103
21422,103
21423,21
21430,18
21430,23
21430,44
21430,109
21431,18
21432,18
21433,18
21434,18
21435,18
21436,18
21437,18
21439,18
21440,92
21441,77
21442,77
21463,8
21466,18
21466,23
21469,18
21470,18
21471,18
21472,32
21474,77
21479,18
21480,78
21483,66
21484,69
21485,78
21486,97
21488,18
21490,33
21490,34
21491,109
21492,109
21493,109
21494,109
21495,97
21496,97
21497,33
21497,34
21498,109
21499,33
21499,34
21500,97
21501,109
21502,109
21503,18
21504,32
21507,23
21509,32
21510,6
21511,69
21513,109
21515,18
21516,10
21517,23
21517,44
21518,44
21519,44
21520,109
21521,109
21522,109
21523,109
21524,10
21525,18
21526,18
21527,23
21530,23
21531,23
21532,37
21533,37
21534,77
21535,23
21536,55
21537,55
21538,1
21538,37
21538,77
21538,92
21539,1
21539,37
21539,77
21539,92
21540,18
21541,109
21542,32
21543,23
21544,77
21545,18
21546,21
21547,18
21553,23
21554,27
21554,56
21555,27
21555,43
21555,56
21556,27
21556,43
21556,56
21557,69
21558,69
21559,18
21560,44
21561,33
21561,34
21561,49
21562,23
21563,18
21565,8
21566,18
21567,18
21568,18
21569,23
21570,23
21571,32
21571,49
21572,33
21572,34
21575,95
21576,95
21577,78
21578,78
21579,78
21582,18
21582,23
21583,78
21584,56
21585,49
21586,44
21587,44
21588,23
21589,23
21590,109
21591,109
21592,109
21593,109
21594,109
21595,109
21596,109
21597,23
21598,23
21599,23
21600,32
21601,23
21602,23
21603,23
21604,23
21605,23
21606,23
21607,23
21608,23
21609,23
21610,23
21611,23
21612,23
21613,23
21614,8
21617,12
21618,46
21619,46
21620,46
21621,69
21622,49
21623,69
21625,59
21626,59
21627,59
21628,59
21629,59
21630,69
21631,69
21632,69
21633,59
21634,59
21635,59
21636,59
21637,59
21638,59
21639,59
21640,69
21641,69
21642,49
21643,69
21644,59
21645,59
21646,59
21647,59
21648,59
21649,59
21650,59
21651,69
21652,69
21653,69
21657,18
21658,18
21659,23
21660,32
21661,33
21661,34
21662,109
21663,109
21664,109
21665,33
21665,34
21666,1
21666,37
21666,77
21666,92
21667,9
21668,23
21669,26
21670,26
21671,26
21672,26
21673,26
21674,26
21675,26
21676,26
21677,109
21678,109
21680,109
21681,109
21682,109
21683,109
21684,109
21685,109
21686,109
21687,109
21688,109
21689,109
21690,109
21693,32
21693,33
21693,34
21694,33
21694,34
21696,77
21697,59
21698,59
21699,59
21700,59
21701,59
21702,59
21703,59
21704,59
21705,59
21706,59
21707,59
21708,59
21709,109
21710,109
21711,109
21712,109
21713,18
21713,109
21714,18
21715,18
21715,109
21716,18
21716,109
21717,18
21718,23
21719,23
21720,23
21721,23
21722,18
21723,18
21724,18
21724,105
21725,33
21725,34
21725,49
21726,33
21726,34
21727,33
21727,34
21729,32
21730,109
21732,18
21733,23
21734,23
21735,18
21736,18
21737,18
21738,18
21739,18
21740,33
21740,34
21741,33
21741,34
21742,44
21743,44
21744,44
21745,44
21746,44
21747,18
21748,23
21749,18
21749,23
21749,44
21750,23
21750,32
21751,77
21752,69
21753,69
21754,18
21755,40
21755,77
21755,92
21756,40
21756,77
21756,92
21757,23
21758,18
21759,109
21760,109
21761,33
21761,34
21762,109
21763,59
21764,59
21765,59
21766,59
21767,59
21768,59
21769,59
21770,27
21770,43
21771,18
21771,44
21772,18
21772,44
21773,18
21773,44
21777,109
21778,97
21779,109
21780,109
21781,109
21782,23
21782,49
21783,59
21784,44
21785,97
21786,1
21786,37
21786,40
21786,43
21786,92
21787,1
21787,37
21787,40
21787,43
21787,92
21788,1
21788,37
21788,40
21788,43
21788,92
21789,18
21790,23
21791,33
21791,34
21791,77
21792,26
21793,26
21794,26
21795,26
21796,26
21797,26
21798,26
21799,26
21800,37
21800,40
21801,18
21802,18
21803,18
21804,18
21814,35
21815,35
21816,18
21817,18
21818,95
21819,95
21820,78
21821,27
21821,56
21822,78
21823,35
21825,1
21825,34
21825,37
21825,40
21825,92
21826,103
21827,6
21828,103
21829,6
21830,33
21830,34
21831,33
21831,34
21832,33
21832,34
21833,33
21833,34
21836,69
21837,69
21838,69
21839,69
21840,77
21841,7
21842,18
21842,44
21843,18
21844,18
21845,18
21846,18
21847,18
21848,18
21849,18
21850,23
21854,77
21855,18
21855,44
21856,18
21856,44
21857,69
21858,69
21859,69
21860,69
21861,69
21862,1
21862,37
21862,92
21863,69
21866,32
21869,32
21875,23
21876,23
21877,1
21877,77
21877,92
21878,56
21878,92
21879,56
21879,92
21880,56
21880,92
21881,56
21881,92
21882,56
21882,92
21883,56
21883,92
21884,105
21885,18
21886,17
21887,33
21887,34
21888,33
21888,34
21896,77
21897,77
21898,105
21899,105
21900,44
21901,44
21902,44
21903,35
21905,35
21905,103
21906,44
21907,44
21908,44
21909,44
21910,44
21911,44
21912,44
21913,44
21914,44
21915,109
21916,109
21917,109
21918,109
21919,97
21920,97
21921,97
21922,109
21923,1
21923,37
21923,77
21923,92
21924,105
21927,26
21928,26
21929,26
21932,109
21933,109
21934,109
21935,33
21935,34
21936,33
21936,34
21937,35
21938,23
21939,18
21940,69
21941,18
21942,23
21943,89
21944,18
21944,33
21944,34
21945,33
21945,34
21947,18
21948,18
21950,18
21950,33
21950,34
21951,18
21951,33
21951,34
21952,18
21952,33
21952,34
21953,18
21953,33
21953,34
21954,23
21955,109
21956,109
21957,18
21958,18
21958,33
21958,34
21965,18
21966,109
21967,109
21968,33
21968,34
21969,77
21970,7
21971,7
21972,7
21973,69
21974,69
21975,18
21976,18
21977,18
21978,18
21979,18
21980,69
21982,18
21983,23
21984,18
21985,18
21986,18
21986,33
21986,34
21987,33
21987,34
21988,69
21988,109
21989,18
21990,32
21991,77
21992,21
21993,21
21994,21
21995,21
21996,18
21997,18
21997,23
21997,33
21997,34
21997,44
21997,77
21998,23
21998,44
21999,32
22000,32
22001,18
22002,18
22003,18
22003,23
22003,33
22003,34
22005,23
22006,8
22007,8
22008,32
22009,52
22010,23
22011,27
22011,43
22011,56
22013,52
22015,52
22016,77
22017,18
22018,32
22018,69
22019,52
22020,69
22021,18
22021,23
22021,33
22021,34
22022,18
22022,48
22023,18
22023,48
22024,18
22024,48
22025,18
22025,48
22026,18
22026,48
22027,18
22028,18
22029,18
22030,1
22030,37
22030,92
22031,1
22031,37
22031,92
22032,1
22032,37
22032,92
22033,1
22033,37
22033,92
22034,1
22034,37
22034,92
22038,18
22039,18
22040,18
22041,18
22042,23
22043,23
22045,44
22046,77
22047,18
22048,18
22049,1
22049,34
22049,37
22049,40
22049,92
22050,23
22051,49
22052,32
22052,33
22052,34
22053,40
22053,77
22055,1
22055,43
22055,92
22061,18
22061,23
22061,33
22061,34
22061,44
22061,77
22062,55
22063,18
22064,18
22065,18
22066,18
22066,23
22066,33
22066,34
22068,109
22069,109
22070,109
22071,77
22072,18
22073,18
22074,18
22075,97
22076,97
22077,69
22078,69
22080,18
22080,33
22080,34
22080,44
22081,18
22081,23
22081,33
22081,34
22082,18
22083,97
22084,69
22085,97
22086,69
22087,69
22088,69
22089,69
22092,44
22092,109
22093,44
22093,109
22094,44
22094,109
22095,1
22095,43
22095,92
22096,1
22096,43
22096,92
22097,35
22097,97
22098,18
22098,23
22099,97
22100,97
22103,44
22103,49
22104,109
22105,109
22106,109
22107,109
22108,109
22109,109
22110,109
22111,109
22112,109
22113,109
22114,23
22114,32
22116,69
22117,18
22123,18
22124,40
22124,77
22124,92
22125,40
22125,77
22125,92
22126,34
22127,18
22128,18
22130,97
22131,97
22133,18
22134,66
22135,23
22135,32
22136,66
22137,23
22137,32
22138,23
22138,32
22139,44
22140,66
22141,23
22142,33
22142,34
22142,77
22146,95
22147,95
22148,23
22149,23
22150,40
22150,77
22151,23
22152,40
22152,77
22153,40
22153,77
22154,40
22154,77
22155,18
22156,18
22157,69
22158,69
22159,69
22160,69
22161,69
22162,77
22163,69
22164,18
22164,23
22165,1
22165,92
22166,1
22166,92
22167,40
22167,77
22168,23
22169,23
22170,23
22171,23
22172,40
22172,77
22173,23
22174,40
22174,77
22176,18
22177,18
22178,18
22178,23
22179,32
22181,32
22181,33
22181,34
22182,32
22182,33
22182,34
22183,32
22183,33
22183,34
22184,32
22184,33
22184,34
22185,109
22186,109
22187,67
22188,23
22190,18
22190,23
22191,33
22191,34
22192,18
22192,93
22194,97
22195,97
22196,97
22199,18
22200,18
22201,18
22202,18
22203,18
22204,109
22205,109
22206,109
22207,109
22208,18
22208,44
22209,77
22210,59
22211,59
22212,59
22213,59
22214,59
22215,59
22216,18
22217,69
22218,69
22219,77
22220,18
22221,18
22222,18
22223,59
22224,59
22225,59
22226,59
22227,59
22228,69
22229,69
22230,18
22230,44
22231,18
22231,44
22232,18
22232,44
22233,18
22233,44
22234,23
22235,33
22235,34
22235,77
22236,33
22236,34
22236,77
22237,33
22237,34
22237,77
22238,33
22238,34
22238,77
22240,44
22242,33
22242,34
22243,23
22244,23
22245,33
22245,34
22246,18
22246,23
22247,69
22248,69
22249,23
22250,69
22253,69
22254,77
22257,23
22258,18
22259,18
22260,59
22261,59
22262,59
22263,18
22264,18
22264,44
22265,18
22266,18
22268,18
22269,77
22272,18
22273,6
22273,18
22274,6
22274,18
22275,6
22275,18
22276,18
22277,18
22278,18
22279,23
22280,33
22280,34
22281,44
22283,77
22284,23
22285,23
22286,23
22287,23
22288,18
22289,18
22290,18
22291,33
22291,34
22292,18
22293,18
22294,18
22295,23
22296,23
22297,18
22298,18
22299,23
22300,109
22301,109
22302,109
22303,109
22304,109
22305,109
22306,18
22306,33
22306,34
22306,44
22307,18
22307,33
22307,34
22307,44
22308,23
22308,32
22310,18
22311,55
22312,109
22313,109
22314,109
22315,109
22316,109
22317,109
22318,18
22318,44
22319,18
22319,44
22320,33
22320,34
22321,33
22321,34
22322,109
22323,109
22324,109
22325,109
22327,59
22328,59
22329,59
22330,59
22331,77
22332,59
22333,59
22334,59
22340,10
22341,10
22342,34
22343,44
22344,34
22345,1
22345,37
22345,92
22346,1
22346,37
22346,92
22347,1
22347,37
22347,92
22348,1
22348,37
22348,92
22350,18
22350,77
22351,44
22352,44
22354,109
22358,18
22359,1
22359,37
22359,40
22359,43
22359,92
22360,109
22361,59
22362,18
22363,49
22364,49
22365,49
22366,77
22367,18
22368,18
22369,49
22370,8
22370,49
22370,77
22371,8
22371,49
22371,77
22372,8
22372,49
22372,77
22373,8
22373,49
22373,77
22374,97
22375,8
22375,49
22375,77
22376,8
22376,49
22376,77
22377,49
22377,77
22378,49
22378,77
22379,49
22379,77
22380,49
22380,77
22381,23
22381,49
22381,77
22382,8
22382,23
22382,49
22382,77
22383,8
22383,23
22383,49
22383,77
22384,8
22384,23
22384,49
22384,77
22385,8
22385,18
22385,49
22385,77
22386,8
22386,18
22386,49
22386,77
22387,8
22387,18
22387,49
22387,77
22388,8
22388,18
22388,49
22388,77
22389,49
22389,77
22390,8
22390,18
22390,23
22390,49
22390,77
22391,8
22391,18
22391,23
22391,49
22391,77
22392,8
22392,18
22392,23
22392,49
22392,77
22393,8
22393,18
22393,23
22393,49
22393,77
22394,8
22394,49
22394,77
22395,8
22395,49
22395,77
22397,97
22398,18
22399,18
22400,18
22400,23
22401,33
22401,34
22403,109
22404,109
22405,109
22406,109
22407,109
22408,109
22409,109
22410,109
22411,109
22412,44
22413,18
22414,18
22415,44
22416,18
22417,44
22418,44
22419,18
22420,44
22421,18
22421,23
22421,33
22421,34
22421,44
22422,18
22423,18
22424,18
22425,18
22425,23
22425,33
22425,34
22425,44
22426,18
22427,18
22428,18
22429,18
22430,18
22431,18
22431,23
22431,33
22431,34
22431,44
22434,1
22434,37
22434,92
22435,32
22438,32
22438,109
22439,21
22440,1
22440,37
22440,40
22440,43
22440,92
22441,1
22441,43
22441,92
22442,17
22444,18
22445,40
22445,77
22445,92
22446,23
22448,1
22448,43
22448,56
22448,92
22449,18
22450,18
22451,23
22451,44
22452,59
22453,59
22454,59
22455,59
22456,59
22457,59
22458,59
22459,59
22460,59
22461,69
22462,1
22462,34
22462,37
22462,40
22462,92
22463,1
22463,34
22463,37
22463,40
22463,92
22464,77
22465,49
22465,77
22466,18
22467,18
22469,49
22470,49
22471,49
22472,49
22473,49
22474,49
22475,40
22475,43
22475,77
22476,59
22477,49
22478,49
22479,23
22479,49
22480,7
22486,49
22486,109
22487,23
22493,59
22494,59
22495,59
22496,59
22497,59
22498,59
22499,1
22499,37
22499,40
22499,43
22499,92
22500,18
22501,18
22502,33
22503,23
22504,69
22505,109
22506,109
22507,109
22508,109
22509,77
22510,23
22511,23
22512,23
22513,23
22514,69
22515,69
22516,18
22516,33
22516,34
22517,18
22517,33
22517,34
22519,69
22520,1
22520,37
22520,92
22521,8
22522,8
22523,8
22524,1
22524,37
22524,43
22524,92
22525,32
22526,77
22527,59
22528,23
22529,109
22538,44
22540,18
22541,18
22542,49
22543,23
22544,18
22544,44
22545,18
22545,44
22546,71
22550,23
22551,49
22552,69
22553,69
22554,23
22555,23
22556,23
22557,23
22558,23
22559,23
22560,23
22561,18
22562,103
22566,18
22567,18
22568,18
22569,18
22570,18
22571,23
22572,18
22573,18
22574,18
22575,18
22576,18
22577,77
22578,77
22579,77
22580,27
22580,43
22580,56
22585,40
22585,77
22586,69
22587,32
22588,37
22588,71
22589,56
22589,77
22597,105
22603,77
22606,18
22607,23
22608,23
22608,32
22613,59
22614,23
22614,49
22615,27
22615,43
22615,56
22616,18
22616,23
22616,44
22617,21
22618,109
22619,109
22620,109
22621,109
22622,77
22623,69
22624,18
22624,33
22624,34
22624,44
22625,97
22626,97
22627,35
22627,97
22628,97
22629,23
22633,18
22634,18
22635,32
22636,69
22637,69
22638,69
22639,69
22640,69
22641,69
22642,32
22643,18
22644,23
22645,109
22646,23
22647,97
22648,109
22649,69
22650,18
22651,109
22653,18
22654,18
22654,33
22654,34
22654,44
22655,18
22655,33
22655,34
22655,44
22656,18
22656,33
22656,34
22656,44
22657,23
22658,23
22659,23
22660,18
22660,23
22661,18
22662,1
22662,43
22662,92
22663,30
22663,43
22663,44
22663,56
22664,30
22664,43
22664,44
22664,56
22665,109
22667,109
22668,109
22669,109
22670,109
22671,109
22672,18
22673,18
22673,44
22674,18
22674,44
22675,23
22677,105
22677,109
22678,105
22678,109
22679,18
22679,105
22680,105
22681,18
22681,105
22682,105
22683,18
22683,105
22684,105
22685,105
22686,105
22687,105
22688,105
22689,23
22689,44
22690,23
22691,44
22691,105
22692,44
22692,105
22693,105
22694,23
22694,44
22695,23
22695,44
22696,30
22696,34
22696,44
22696,77
22696,92
22697,69
22698,69
22699,69
22700,69
22701,69
22702,69
22703,69
22704,69
22705,69
22706,23
22706,44
22708,105
22709,105
22709,109
22710,33
22710,34
22711,23
22712,23
22713,77
22714,77
22715,77
22716,59
22727,105
22727,109
22728,105
22728,109
22729,23
22730,18
22730,105
22731,18
22731,105
22732,18
22732,105
22733,18
22733,44
22736,77
22739,44
22739,105
22740,44
22740,105
22741,105
22742,105
22743,105
22744,105
22744,109
22745,105
22746,105
22747,105
22748,105
22749,105
22750,105
22751,23
22752,23
22753,23
22754,23
22755,23
22756,23
22757,23
22758,23
22759,23
22760,23
22761,23
22762,23
22763,23
22764,105
22765,105
22766,105
22767,105
22768,105
22769,105
22770,105
22771,105
22772,69
22773,69
22774,69
22775,77
22776,69
22777,69
22778,105
22779,105
22780,105
22781,105
22782,105
22783,105
22784,105
22785,105
22786,105
22787,105
22788,34
22788,92
22789,105
22790,105
22791,105
22792,105
22793,105
22794,105
22795,105
22796,105
22797,105
22798,105
22799,109
22800,6
22800,18
22801,6
22801,18
22802,105
22803,105
22804,105
22805,105
22806,105
22807,109
22808,109
22809,109
22810,33
22810,34
22810,77
22811,33
22811,34
22811,77
22812,33
22812,34
22812,77
22813,32
22814,105
22815,105
22816,105
22817,105
22818,105
22819,105
22820,105
22821,105
22822,105
22823,105
22824,105
22825,105
22826,105
22827,105
22828,105
22829,105
22830,105
22830,109
22831,105
22832,105
22833,105
22834,105
22835,105
22836,105
22837,105
22838,105
22839,105
22840,105
22841,105
22841,109
22842,105
22842,109
22843,105
22843,109
22844,105
22844,109
22845,105
22845,109
22846,105
22846,109
22847,105
22847,109
22848,105
22848,109
22849,44
22850,105
22851,105
22852,18
22852,105
22853,32
22855,32
22858,32
22859,32
22861,18
22861,105
22862,32
22863,32
22866,77
22867,23
22868,23
22869,23
22870,23
22871,46
22872,46
22873,46
22874,46
22875,18
22875,23
22876,109
22877,109
22879,98
22880,23
22881,69
22882,69
22883,69
22884,18
22884,23
22885,18
22885,23
22886,23
22887,18
22887,44
22888,18
22890,18
22890,44
22891,18
22891,44
22892,18
22892,44
22893,18
22893,44
22894,18
22894,44
22895,21
22899,23
22900,23
22901,23
22902,23
22903,23
22905,32
22906,23
22907,32
22908,18
22909,32
22910,23
22910,32
22911,23
22913,109
22914,109
22915,109
22916,18
22916,44
22917,32
22917,33
22917,34
22918,69
22919,98
22920,18
22920,93
22921,18
22922,18
22922,93
22923,18
22923,93
22924,18
22924,93
22925,18
22925,23
22925,33
22925,34
22926,49
22927,18
22928,21
22929,69
22930,69
22932,71
22933,69
22934,69
22936,69
22937,23
22938,33
22938,34
22939,33
22939,34
22941,109
22942,32
22943,32
22944,18
22945,18
22947,33
22947,34
22948,33
22948,34
22949,33
22949,34
22950,46
22951,18
22951,33
22951,34
22952,23
22953,18
22953,33
22953,34
22953,93
22954,18
22954,33
22954,34
22955,18
22956,18
22957,77
22958,77
22959,77
22960,69
22961,69
22962,69
22963,77
22964,18
22965,23
22966,10
22967,77
22968,77
22969,33
22969,34
22970,23
22971,109
22972,109
22973,97
22974,97
22975,97
22976,97
22977,97
22978,97
22979,97
22980,97
22981,97
22985,1
22985,37
22985,92
22986,18
22986,44
22987,44
22988,44
22989,44
22990,59
22991,59
22992,59
22993,18
22994,59
22995,18
22996,18
22997,49
23006,77
23007,77
23008,77
23009,77
23011,59
23012,32
23013,1
23013,37
23013,92
23014,66
23015,18
23015,34
23016,18
23016,34
23017,18
23017,34
23018,34
23019,18
23019,34
23020,18
23021,18
23022,18
23023,18
23024,18
23025,18
23026,18
23026,34
23027,18
23027,34
23028,18
23028,34
23029,77
23030,77
23031,77
23032,59
23033,59
23034,59
23036,97
23037,59
23038,59
23039,69
23040,97
23041,71
23041,97
23042,71
23042,97
23043,59
23044,59
23045,21
23046,18
23047,18
23048,18
23049,18
23050,18
23051,18
23052,18
23053,21
23054,18
23055,18
23056,18
23057,18
23058,18
23059,18
23060,33
23060,34
23061,18
23062,18
23064,18
23064,33
23064,34
23064,44
23066,33
23067,18
23068,18
23069,59
23070,18
23071,109
23072,109
23073,18
23074,109
23075,109
23076,109
23077,109
23078,109
23079,18
23080,18
23081,71
23082,37
23082,71
23083,37
23083,71
23084,37
23084,71
23085,37
23085,71
23086,37
23086,71
23087,18
23087,77
23088,37
23088,71
23089,37
23089,71
23090,37
23090,71
23091,18
23092,18
23093,18
23094,18
23095,18
23095,44
23096,32
23098,56
23098,77
23099,33
23099,34
23100,33
23100,34
23101,33
23101,34
23102,33
23102,34
23103,33
23103,34
23104,33
23104,34
23105,33
23105,34
23106,33
23106,34
23108,77
23110,18
23110,37
23110,44
23111,33
23111,34
23112,33
23112,34
23113,18
23113,37
23113,44
23114,33
23114,34
23115,18
23116,18
23117,18
23118,18
23120,109
23129,105
23130,105
23131,105
23132,18
23136,23
23137,66
23142,105
23143,23
23144,33
23144,34
23145,33
23145,34
23146,33
23146,34
23147,33
23147,34
23148,59
23149,32
23149,44
23150,109
23151,18
23152,18
23153,109
23154,109
23155,33
23155,34
23156,37
23156,71
23157,44
23158,109
23161,109
23162,44
23162,109
23163,23
23163,49
23164,23
23164,49
23165,18
23166,78
23167,69
23168,59
23169,18
23170,78
23171,78
23172,69
23174,23
23175,109
23176,109
23177,71
23178,18
23179,23
23180,77
23181,9
23182,109
23183,33
23183,34
23183,44
23185,109
23186,109
23187,109
23189,109
23190,109
23192,109
23195,109
23197,18
23198,18
23198,44
23199,32
23199,109
23200,32
23200,109
23201,23
23202,18
23202,44
23205,77
23206,77
23207,18
23208,18
23209,18
23210,18
23211,18
23212,32
23213,37
23213,71
23214,34
23215,9
23220,109
23221,44
23222,77
23223,18
23224,23
23225,23
23227,109
23228,109
23229,109
23230,109
23231,23
23231,77
23232,23
23232,77
23233,23
23233,77
23234,23
23234,77
23235,23
23235,77
23236,23
23236,77
23237,18
23237,93
23238,18
23238,93
23239,18
23240,18
23240,97
23241,18
23241,97
23242,18
23242,97
23243,18
23243,97
23244,18
23244,97
23245,18
23245,97
23246,18
23246,97
23247,18
23247,97
23248,18
23248,97
23249,18
23249,97
23254,23
23255,33
23255,34
23255,44
23256,69
23257,69
23258,69
23259,69
23260,69
23261,69
23262,69
23263,69
23264,69
23265,69
23266,37
23266,71
23267,37
23267,71
23268,18
23269,37
23269,71
23270,23
23271,105
23272,105
23273,105
23274,23
23275,105
23276,109
23279,23
23280,23
23281,23
23282,105
23283,105
23284,77
23285,109
23286,33
23286,34
23287,77
23288,77
23289,77
23290,109
23291,109
23293,49
23294,69
23294,77
23295,109
23296,23
23298,32
23299,18
23300,32
23304,1
23304,37
23304,85
23304,92
23305,23
23305,32
23306,18
23307,32
23308,32
23309,32
23310,32
23311,32
23312,32
23313,95
23314,18
23315,18
23316,18
23318,89
23319,18
23321,23
23323,77
23324,77
23325,1
23325,37
23325,40
23326,77
23327,77
23328,34
23329,6
23330,69
23331,18
23332,109
23333,109
23334,109
23335,109
23336,109
23337,109
23339,69
23339,78
23340,69
23340,78
23341,69
23342,69
23343,32
23344,23
23345,33
23345,34
23346,33
23346,44
23347,18
23347,23
23348,18
23349,18
23350,44
23351,18
23352,40
23352,77
23353,109
23354,109
23355,109
23356,33
23356,34
23357,109
23358,109
23359,33
23359,34
23360,109
23361,109
23362,23
23363,44
23364,44
23365,32
23365,109
23366,18
23367,18
23368,18
23369,18
23370,18
23371,18
23372,23
23372,109
23373,23
23373,109
23374,23
23374,109
23375,23
23375,109
23376,23
23376,109
23377,18
23378,18
23379,66
23380,66
23381,66
23382,66
23383,66
23384,66
23385,66
23386,66
23387,109
23388,43
23388,92
23391,49
23392,49
23393,69
23394,69
23395,69
23396,18
23396,23
23396,44
23397,69
23398,109
23399,109
23400,109
23401,109
23402,109
23403,109
23404,109
23405,109
23406,109
23407,109
23408,109
23410,18
23410,44
23411,18
23411,33
23411,34
23411,44
23412,109
23413,109
23414,109
23415,109
23416,109
23417,109
23418,109
23419,109
23420,8
23421,69
23422,69
23423,69
23424,8
23425,23
23425,44
23426,49
23427,23
23428,103
23429,103
23430,23
23430,77
23431,23
23431,77
23432,23
23432,77
23433,59
23434,27
23434,43
23434,56
23435,27
23435,43
23435,56
23436,27
23436,43
23436,56
23437,23
23437,77
23438,23
23438,77
23439,23
23439,77
23440,23
23440,77
23441,23
23441,77
23442,23
23443,27
23443,43
23443,56
23444,23
23444,77
23445,23
23445,77
23446,23
23446,77
23447,23
23447,77
23458,1
23458,37
23458,40
23458,77
23458,92
23459,23
23460,95
23461,23
23462,95
23463,18
23463,23
23463,33
23463,34
23463,44
23463,77
23464,23
23465,95
23466,6
23466,18
23492,49
23493,49
23494,66
23495,44
23495,48
23496,18
23497,66
23498,59
23499,66
23500,18
23501,37
23501,40
23501,43
23501,77
23502,37
23502,40
23502,43
23502,77
23503,37
23503,40
23503,43
23503,77
23504,37
23504,40
23504,43
23504,77
23505,37
23505,40
23505,43
23505,77
23506,37
23506,40
23506,43
23506,77
23507,40
23507,77
23507,92
23510,8
23525,77
23526,77
23527,44
23528,44
23529,18
23529,33
23529,34
23530,44
23531,44
23532,44
23533,44
23534,18
23534,33
23534,34
23535,23
23536,44
23537,44
23539,6
23540,6
23541,6
23542,18
23542,44
23543,6
23544,6
23545,6
23546,32
23547,23
23547,44
23549,23
23551,8
23552,109
23553,109
23554,109
23555,109
23556,109
23557,109
23558,8
23559,18
23559,64
23560,18
23560,64
23561,64
23562,32
23563,18
23563,64
23564,8
23565,33
23565,34
23566,84
23567,84
23568,84
23569,89
23570,18
23571,27
23571,43
23572,27
23572,43
23573,27
23573,43
23574,27
23574,43
23575,27
23575,43
23576,27
23576,43
23577,27
23577,43
23579,33
23579,34
23580,18
23581,18
23582,18
23583,18
23584,18
23585,18
23586,109
23587,109
23588,109
23589,81
23590,81
23591,81
23592,23
23593,23
23594,23
23595,109
23596,109
23597,23
23598,44
23599,44
23600,44
23601,44
23602,77
23603,37
23603,40
23603,43
23604,37
23604,40
23604,43
23605,37
23605,40
23605,43
23606,37
23606,40
23606,43
23607,27
23607,43
23608,27
23608,43
23609,27
23609,43
23610,27
23610,43
23611,27
23611,43
23613,27
23613,43
23614,27
23614,43
23615,27
23615,43
23616,27
23616,43
23620,18
23622,18
23623,69
23624,27
23624,43
23625,27
23625,43
23626,18
23626,44
23627,27
23627,43
23628,46
23628,71
23629,27
23629,43
23630,27
23630,43
23631,27
23631,43
23632,27
23632,43
23637,34
23638,23
23639,23
23640,23
23641,18
23641,33
23641,34
23641,44
23642,23
23642,44
23643,18
23643,44
23644,18
23644,44
23645,18
23645,44
23646,18
23646,44
23647,18
23647,44
23648,46
23651,46
23652,46
23653,69
23654,1
23654,37
23654,77
23654,92
23655,1
23655,37
23655,77
23655,92
23656,1
23656,37
23656,77
23656,92
23657,69
23658,1
23658,37
23658,77
23658,92
23659,46
23660,1
23660,37
23660,77
23660,92
23661,1
23661,37
23661,77
23661,92
23662,23
23662,77
23663,69
23664,1
23664,37
23664,77
23664,92
23665,46
23667,1
23667,37
23667,77
23667,92
23672,109
23673,109
23674,109
23675,109
23676,109
23677,109
23678,109
23679,109
23680,109
23681,109
23682,78
23683,78
23688,27
23688,43
23689,44
23690,23
23691,23
23692,97
23693,97
23694,97
23695,97
23696,37
23697,37
23698,37
23699,97
23700,37
23702,44
23703,1
23703,92
23705,23
23706,71
23707,71
23708,71
23709,71
23710,69
23711,18
23712,27
23712,43
23712,56
23714,69
23716,27
23716,43
23716,56
23717,6
23718,109
23719,109
23720,109
23721,109
23722,109
23723,109
23724,109
23725,109
23726,109
23727,109
23728,109
23729,109
23730,109
23731,23
23732,18
23732,105
23733,18
23733,105
23734,77
23735,77
23736,23
23737,12
23738,23
23739,23
23740,32
23741,32
23742,32
23743,32
23745,44
23745,48
23752,71
23753,71
23754,18
23754,23
23754,33
23754,34
23755,6
23756,69
23757,1
23757,43
23757,92
23758,1
23758,43
23758,92
23759,1
23759,43
23759,92
23760,69
23763,44
23764,44
23765,44
23766,69
23767,23
23768,23
23769,23
23770,37
23770,71
23771,59
23772,23
23773,69
23774,109
23775,109
23776,35
23777,18
23777,23
23778,109
23779,109
23780,109
23781,109
23782,109
23783,109
23784,69
23785,18
23785,23
23785,33
23785,34
23786,23
23787,109
23788,69
23789,18
23789,23
23790,98
23791,18
23792,109
23793,1
23793,77
23793,92
23794,109
23795,95
23799,18
23800,18
23801,71
23802,49
23803,23
23803,74
23804,23
23804,74
23805,23
23805,74
23806,23
23806,74
23807,98
23812,77
23813,77
23814,40
23814,77
23815,98
23816,98
23817,98
23818,98
23819,44
23820,44
23821,23
23822,44
23823,18
23824,23
23828,77
23830,69
23831,77
23832,77
23833,77
23834,77
23835,18
23835,23
23835,33
23835,34
23836,77
23837,18
23837,23
23837,33
23837,34
23838,77
23839,77
23840,18
23840,23
23840,33
23840,34
23841,77
23842,18
23843,27
23843,43
23843,56
23844,109
23845,109
23846,109
23847,109
23848,77
23849,35
23850,21
23851,33
23851,34
23852,33
23852,34
23853,18
23856,44
23857,18
23858,18
23859,18
23860,18
23861,34
23862,103
23863,103
23870,103
23871,103
23872,44
23875,44
23875,46
23876,44
23877,1
23877,37
23877,40
23877,43
23877,92
23878,97
23879,69
23880,56
23880,92
23881,69
23882,56
23882,92
23883,23
23884,23
23885,78
23887,1
23887,37
23887,92
23888,1
23888,43
23888,92
23889,23
23890,18
23890,33
23890,34
23893,98
23894,18
23895,18
23896,18
23898,69
23899,109
23906,44
23907,33
23907,34
23908,32
23909,23
23910,77
23911,69
23912,33
23912,34
23913,32
23914,32
23915,69
23916,32
23917,32
23918,32
23919,95
23920,1
23920,92
23921,41
23921,49
23922,41
23922,49
23923,41
23923,49
23924,41
23924,49
23925,18
23926,18
23927,23
23928,18
23929,8
23930,8
23931,8
23932,18
23933,77
23934,18
23935,18
23936,18
23937,18
23938,103
23939,103
23940,103
23941,69
23942,69
23943,69
23944,18
23945,69
23946,103
23947,18
23948,69
23949,18
23950,78
23951,18
23952,33
23952,34
23956,40
23956,77
23957,18
23957,23
23957,33
23957,34
23958,18
23959,69
23960,109
23961,109
23962,109
23963,109
23964,23
23965,49
23966,32
23966,33
23966,34
23967,49
23969,33
23969,34
23970,18
23971,33
23971,34
23972,33
23972,34
23973,23
23974,23
23975,23
23976,23
23977,33
23977,34
23978,33
23978,34
23979,33
23979,34
23980,33
23980,34
23981,33
23981,34
23982,33
23982,34
23983,23
23984,97
23985,97
23986,97
23987,69
23988,69
23989,69
23990,18
23991,1
23991,92
23992,23
23993,23
23994,18
23995,23
23996,18
23997,1
23997,43
23997,92
23998,1
23998,43
23998,92
24000,59
24001,67
24002,67
24003,32
24003,33
24003,34
24005,23
24007,23
24009,21
24010,21
24011,21
24012,18
24013,18
24015,18
24016,1
24016,92
24017,18
24018,18
24019,18
24020,33
24020,34
24021,33
24021,34
24022,33
24022,34
24023,33
24023,34
24024,33
24024,34
24025,67
24026,67
24027,18
24028,67
24029,77
24030,27
24031,27
24032,23
24033,23
24036,23
24037,32
24039,44
24040,77
24041,32
24042,32
24043,33
24043,34
24044,32
24045,59
24051,18
24052,18
24053,18
24054,33
24054,34
24055,18
24055,23
24056,49
24057,49
24058,18
24058,23
24059,49
24060,49
24061,18
24061,23
24062,49
24063,49
24064,49
24065,49
24066,18
24066,23
24067,49
24068,18
24068,23
24069,103
24070,103
24071,23
24072,18
24072,44
24073,18
24073,44
24074,23
24075,23
24076,23
24077,97
24078,97
24079,23
24080,23
24082,23
24083,97
24084,23
24085,23
24086,49
24087,49
24088,32
24089,32
24090,32
24091,69
24092,37
24092,40
24092,43
24092,77
24095,44
24097,33
24097,34
24098,23
24099,59
24100,23
24101,23
24102,23
24103,23
24104,23
24105,23
24106,23
24107,23
24108,23
24109,23
24110,23
24111,23
24112,44
24112,48
24113,44
24113,48
24114,33
24114,34
24115,33
24115,34
24117,77
24118,109
24119,109
24120,23
24121,37
24122,109
24123,109
24124,109
24125,109
24126,109
24127,109
24128,109
24129,109
24130,109
24131,109
24132,109
24133,109
24134,23
24135,59
24136,18
24137,18
24138,49
24139,109
24140,33
24140,34
24141,34
24142,33
24142,34
24143,18
24144,18
24146,18
24147,77
24148,77
24149,77
24161,26
24162,26
24163,26
24164,26
24165,26
24166,26
24167,26
24168,26
24169,26
24170,26
24171,26
24172,26
24173,26
24174,26
24175,26
24177,18
24178,18
24179,18
24180,18
24185,18
24185,44
24186,77
24187,18
24187,23
24187,33
24187,34
24188,95
24189,95
24190,95
24191,95
24192,95
24193,95
24194,33
24194,34
24195,109
24196,109
24197,109
24198,23
24199,37
24199,71
24200,32
24201,32
24202,32
24205,32
24206,109
24207,109
24208,109
24209,109
24210,23
24221,23
24223,23
24224,33
24224,34
24226,8
24227,33
24227,34
24228,23
24229,69
24230,34
24231,33
24231,34
24232,33
24232,34
24233,18
24233,44
24234,23
24235,32
24236,32
24237,32
24238,18
24239,18
24240,109
24241,23
24242,23
24243,23
24244,23
24245,23
24246,77
24247,77
24255,44
24257,77
24258,40
24258,43
24258,77
24259,32
24260,32
24261,32
24262,6
24263,108
24264,108
24265,108
24266,18
24267,108
24268,18
24269,108
24270,108
24271,8
24272,18
24273,108
24274,109
24275,109
24276,52
24277,49
24278,109
24279,23
24279,77
24280,109
24281,109
24282,109
24283,109
24284,49
24285,7
24286,7
24287,37
24287,40
24287,77
24288,37
24288,40
24288,77
24289,37
24289,40
24289,77
24290,37
24290,40
24290,77
24291,23
24291,32
24293,103
24294,59
24297,56
24297,77
24298,59
24300,30
24302,77
24303,8
24304,18
24304,23
24304,33
24304,34
24304,44
24305,18
24305,33
24305,34
24306,33
24306,34
24306,38
24306,59
24307,18
24308,23
24309,23
24310,23
24311,33
24311,34
24311,38
24311,59
24312,59
24313,59
24314,1
24314,37
24314,92
24321,55
24322,55
24330,1
24330,37
24330,40
24330,77
24330,92
24331,32
24332,23
24333,23
24334,33
24334,34
24337,23
24338,33
24338,34
24340,18
24341,18
24341,44
24342,18
24343,18
24344,18
24345,18
24346,23
24347,18
24348,69
24349,1
24349,37
24349,40
24349,77
24349,92
24350,97
24351,97
24352,23
24352,44
24353,44
24354,23
24354,44
24355,23
24355,44
24356,97
24357,97
24358,97
24359,69
24360,97
24361,44
24362,23
24362,44
24363,32
24364,32
24365,32
24366,32
24367,32
24368,32
24369,32
24370,32
24371,32
24372,32
24380,77
24381,77
24382,77
24383,77
24384,77
24385,18
24386,49
24387,37
24387,40
24387,43
24387,77
24388,37
24388,40
24388,43
24388,77
24390,23
24390,32
24391,37
24391,40
24391,43
24391,77
24392,18
24392,23
24392,33
24392,34
24393,23
24393,32
24394,23
24395,49
24396,49
24397,49
24398,49
24399,109
24400,109
24401,23
24402,69
24403,8
24404,109
24405,109
24406,109
24407,18
24408,18
24409,23
24410,18
24411,109
24412,109
24413,18
24414,69
24415,69
24416,23
24417,69
24418,69
24419,69
24422,69
24423,97
24424,35
24424,97
24425,69
24426,77
24427,69
24428,69
24430,69
24431,69
24432,69
24434,6
24435,6
24436,6
24437,6
24438,59
24439,6
24440,6
24441,6
24442,6
24443,6
24444,6
24445,6
24446,6
24447,59
24448,92
24449,6
24450,6
24451,6
24452,6
24453,6
24454,6
24455,33
24455,34
24456,78
24458,1
24458,37
24458,85
24458,92
24459,18
24460,18
24461,37
24461,71
24462,18
24463,18
24464,18
24465,1
24465,92
24477,23
24478,33
24478,34
24479,69
24480,69
24482,18
24482,93
24485,18
24485,93
24486,18
24487,18
24488,37
24488,71
24489,109
24490,109
24491,44
24492,6
24493,1
24493,43
24493,92
24494,15
24495,6
24501,97
24502,97
24503,97
24504,77
24505,77
24506,18
24506,33
24506,34
24507,18
24507,33
24507,34
24508,77
24510,59
24511,77
24513,77
24514,97
24515,44
24516,44
24516,109
24517,18
24517,93
24519,32
24519,93
24520,109
24521,109
24522,109
24523,109
24524,109
24525,109
24526,109
24527,77
24528,77
24529,109
24530,109
24531,109
24532,23
24533,109
24534,109
24535,109
24536,23
24537,23
24538,77
24539,77
24540,77
24541,77
24542,77
24543,50
24543,71
24544,50
24544,71
24545,50
24545,71
24546,50
24546,71
24547,50
24547,71
24548,50
24548,71
24549,77
24550,50
24550,71
24552,109
24553,109
24554,109
24555,109
24556,109
24557,109
24558,109
24559,109
24560,109
24561,109
24562,109
24563,109
24564,109
24565,97
24566,109
24567,109
24568,109
24569,109
24570,18
24571,50
24571,71
24572,50
24572,71
24573,50
24573,71
24574,50
24574,71
24575,50
24575,71
24576,77
24577,18
24578,23
24581,18
24582,18
24583,23
24584,18
24585,44
24586,18
24586,33
24586,44
24587,18
24588,77
24589,23
24589,33
24589,34
24590,23
24590,33
24590,34
24591,59
24592,77
24593,40
24593,43
24593,77
24594,18
24595,18
24596,18
24597,18
24598,18
24599,18
24600,18
24601,18
24602,18
24602,23
24604,18
24605,18
24605,23
24605,33
24605,34
24606,18
24606,44
24607,18
24607,44
24608,18
24608,44
24609,27
24609,43
24609,56
24610,49
24611,77
24612,18
24613,18
24614,18
24615,18
24616,18
24616,33
24616,44
24617,18
24617,27
24617,43
24617,56
24618,18
24618,27
24618,43
24618,56
24619,18
24619,27
24619,43
24619,56
24620,8
24620,32
24621,8
24621,32
24622,18
24622,33
24622,44
24623,18
24624,18
24625,33
24625,34
24626,49
24627,18
24628,18
24629,18
24630,18
24631,8
24631,32
24633,37
24633,40
24633,43
24633,77
24634,37
24634,40
24634,43
24634,77
24636,6
24637,77
24638,77
24639,77
24640,77
24641,77
24642,77
24643,109
24644,109
24645,109
24646,109
24647,109
24648,109
24649,109
24650,18
24650,33
24650,44
24651,40
24651,77
24652,77
24653,77
24654,77
24655,77
24656,18
24656,32
24657,33
24657,34
24658,77
24659,77
24660,18
24660,32
24661,18
24661,32
24662,77
24663,77
24664,77
24665,32
24666,18
24666,32
24667,18
24667,32
24668,18
24668,32
24669,95
24670,95
24671,95
24672,95
24673,95
24674,95
24675,109
24676,109
24677,95
24678,95
24679,1
24679,37
24679,77
24679,92
24680,95
24681,95
24682,1
24682,37
24682,40
24682,43
24682,92
24683,109
24684,95
24685,49
24686,33
24686,34
24687,18
24687,32
24688,18
24688,32
24689,18
24689,32
24691,33
24691,34
24692,6
24693,18
24693,32
24694,18
24694,32
24695,18
24695,32
24696,18
24696,32
24697,34
24698,18
24698,32
24699,18
24699,32
24700,18
24700,32
24701,18
24701,32
24702,18
24702,32
24703,18
24703,32
24704,18
24704,32
24705,49
24706,18
24707,6
24708,18
24708,34
24709,18
24711,23
24712,23
24713,33
24713,34
24714,77
24715,77
24716,77
24717,17
24718,17
24719,17
24720,77
24721,33
24721,34
24722,17
24723,17
24724,77
24725,23
24725,33
24725,34
24726,23
24726,33
24726,34
24727,69
24728,7
24729,59
24730,77
24731,44
24732,33
24732,34
24733,18
24733,23
24734,77
24735,7
24736,69
24738,69
24739,77
24740,77
24741,69
24742,69
24743,23
24743,44
24744,18
24745,23
24747,18
24748,23
24748,44
24749,23
24750,33
24750,34
24750,44
24751,18
24752,18
24754,18
24755,77
24756,23
24757,59
24758,59
24759,59
24760,59
24761,59
24762,18
24763,69
24764,87
24765,69
24766,59
24767,18
24768,18
24768,44
24769,23
24770,18
24770,23
24770,33
24770,34
24771,69
24772,23
24773,44
24774,97
24775,97
24776,23
24777,44
24778,44
24780,97
24781,23
24783,97
24784,97
24785,97
24786,23
24787,18
24788,109
24789,109
24791,23
24793,18
24794,18
24795,33
24795,34
24797,18
24798,97
24799,23
24799,32
24801,103
24802,108
24803,18
24803,23
24805,18
24805,23
24806,18
24806,23
24807,18
24807,23
24808,44
24808,71
24809,23
24810,23
24811,95
24812,27
24812,56
24812,87
24812,92
24813,18
24814,33
24814,34
24815,33
24815,34
24816,33
24816,34
24817,18
24818,44
24819,77
24821,23
24821,32
24823,23
24823,32
24830,33
24830,34
24831,18
24831,33
24831,34
24831,44
24838,18
24838,77
24839,69
24840,23
24841,23
24844,8
24845,18
24851,69
24852,69
24853,44
24856,109
24857,109
24858,109
24859,109
24860,32
24861,32
24862,8
24862,23
24863,8
24863,23
24864,77
24865,8
24865,23
24866,69
24867,8
24867,23
24868,8
24868,23
24869,69
24870,15
24871,8
24871,23
24872,6
24873,6
24874,18
24874,33
24874,34
24875,59
24876,69
24876,77
24877,18
24877,33
24877,34
24878,49
24879,18
24879,33
24879,34
24880,69
24880,77
24881,18
24882,69
24882,77
24883,18
24884,18
24885,18
24886,18
24886,23
24886,44
24887,18
24887,23
24887,44
24888,23
24888,44
24889,69
24889,77
24890,69
24890,77
24891,69
24891,77
24892,77
24893,69
24893,77
24894,69
24894,77
24895,69
24895,77
24896,69
24896,77
24897,69
24897,77
24898,69
24898,77
24899,69
24899,77
24900,69
24900,77
24901,23
24904,23
24905,32
24906,10
24907,44
24908,77
24909,77
24910,18
24911,18
24912,23
24913,49
24913,77
24915,49
24916,23
24917,77
24918,77
24919,77
24920,44
24921,18
24922,33
24922,34
24923,44
24924,32
24925,18
24926,77
24927,77
24928,77
24929,77
24930,77
24931,77
24932,77
24933,109
24934,109
24935,8
24936,77
24937,6
24938,109
24939,109
24941,109
24942,109
24943,109
24944,23
24945,23
24946,23
24947,23
24948,23
24949,71
24950,71
24951,46
24952,23
24953,23
24954,23
24955,71
24956,46
24957,23
24958,23
24959,23
24960,46
24961,23
24962,71
24963,71
24964,71
24965,77
24966,32
24970,18
24970,33
24970,34
24971,87
24972,87
24973,87
24974,1
24974,37
24974,77
24974,92
24975,87
24976,87
24977,87
24978,87
24979,87
24981,18
24982,18
24983,18
24985,23
24987,23
24988,95
24989,95
24990,95
24991,95
24992,95
24993,95
24994,18
24994,23
24995,10
24996,18
24996,23
24996,44
24997,18
24997,23
24997,44
24998,18
24998,23
24998,44
24999,18
25000,77
25001,23
25002,33
25002,34
25002,46
25003,33
25003,34
25003,46
25004,33
25004,34
25004,46
25005,23
25006,21
25007,23
25008,23
25009,33
25009,34
25009,46
25010,21
25011,21
25012,21
25013,18
25014,1
25014,37
25014,92
25015,6
25016,6
25017,1
25017,37
25017,92
25018,6
25019,6
25020,6
25021,6
25022,1
25022,37
25022,92
25023,56
25023,77
25024,18
25025,69
25026,69
25027,49
25028,49
25029,21
25031,44
25032,37
25032,40
25032,43
25032,77
25034,18
25035,37
25035,40
25035,43
25035,77
25036,23
25037,109
25038,109
25039,109
25040,109
25041,109
25042,109
25043,109
25044,109
25045,109
25046,109
25047,109
25048,109
25049,109
25050,109
25051,109
25052,109
25053,109
25054,109
25056,77
25057,77
25058,95
25059,95
25060,95
25061,69
25062,23
25063,69
25065,32
25066,49
25067,49
25067,109
25068,49
25069,49
25070,49
25071,49
25072,49
25073,49
25074,49
25075,69
25076,69
25077,93
25078,93
25079,49
25080,93
25081,8
25082,49
25083,49
25084,69
25085,18
25086,18
25087,18
25088,18
25089,18
25090,18
25091,49
25092,49
25093,49
25094,18
25095,18
25096,18
25097,18
25098,18
25099,18
25100,18
25100,48
25103,95
25104,95
25105,15
25106,18
25107,18
25108,77
25109,18
25112,32
25114,32
25115,44
25116,18
25118,58
25119,23
25120,23
25121,37
25121,40
25121,43
25121,77
25122,1
25122,37
25122,40
25122,43
25122,92
25123,37
25123,40
25123,43
25123,77
25124,18
25124,44
25125,18
25125,77
25126,23
25127,32
25128,77
25135,18
25136,18
25137,18
25138,77
25139,46
25140,18
25141,109
25142,109
25143,109
25144,109
25145,105
25146,109
25147,109
25148,23
25149,49
25151,97
25152,97
25154,32
25155,32
25156,32
25157,97
25158,78
25159,97
25160,77
25161,97
25162,97
25165,33
25165,34
25166,8
25167,33
25167,34
25168,69
25169,59
25170,59
25171,97
25172,105
25173,105
25174,105
25175,105
25176,18
25177,59
25178,97
25179,18
25180,97
25181,47
25182,97
25183,23
25184,18
25185,32
25186,32
25187,44
25188,32
25189,32
25190,109
25191,109
25192,109
25193,69
25194,109
25195,87
25196,109
25197,109
25198,69
25199,69
25200,18
25201,69
25202,18
25203,10
25204,10
25205,69
25206,23
25207,18
25207,105
25209,18
25209,105
25210,95
25211,95
25212,18
25213,18
25214,18
25214,44
25215,55
25216,97
25217,87
25218,87
25219,109
25220,109
25221,49
25222,60
25223,77
25224,18
25224,23
25225,23
25226,109
25227,109
25228,109
25229,109
25230,77
25231,77
25232,109
25233,109
25234,18
25234,23
25234,33
25234,34
25236,32
25237,1
25237,37
25237,92
25238,32
25239,7
25240,32
25241,18
25241,105
25242,18
25242,105
25243,18
25243,105
25244,18
25244,105
25245,18
25245,105
25246,18
25246,105
25247,18
25247,105
25248,18
25248,105
25253,69
25255,23
25257,69
25258,69
25261,32
25262,32
25263,33
25263,34
25264,32
25265,32
25266,37
25266,71
25267,23
25268,33
25268,34
25269,109
25270,109
25271,109
25272,109
25273,109
25274,109
25275,109
25276,109
25277,109
25278,7
25279,97
25281,38
25284,38
25285,38
25286,38
25287,23
25288,23
25289,23
25290,44
25291,10
25292,18
25293,23
25294,18
25295,38
25296,23
25297,23
25298,38
25299,23
25300,38
25301,23
25302,23
25304,55
25305,89
25306,37
25306,71
25307,52
25308,97
25309,69
25311,69
25312,37
25312,71
25313,52
25314,18
25315,18
25316,77
25317,77
25318,77
25319,18
25319,44
25320,18
25320,44
25321,18
25321,44
25322,18
25322,44
25323,18
25323,44
25324,33
25324,34
25325,23
25327,23
25328,6
25329,23
25330,18
25331,18
25332,77
25333,109
25334,109
25335,6
25336,109
25337,109
25338,109
25339,56
25339,77
25340,6
25341,23
25343,23
25344,32
25345,1
25345,37
25345,92
25346,35
25346,97
25347,35
25347,97
25348,35
25348,97
25349,35
25349,97
25350,35
25350,97
25351,35
25351,97
25352,35
25352,97
25353,97
25354,18
25354,33
25354,34
25355,97
25356,35
25356,97
25357,35
25357,97
25358,35
25358,97
25359,35
25359,97
25360,35
25360,97
25361,35
25361,97
25362,35
25362,97
25363,97
25364,35
25364,97
25365,35
25365,97
25366,97
25367,35
25367,97
25368,35
25368,97
25369,97
25370,35
25370,97
25371,77
25372,35
25372,97
25373,97
25374,97
25375,97
25376,35
25376,97
25377,35
25377,97
25378,32
25379,32
25381,77
25382,10
25382,18
25384,10
25384,18
25385,10
25385,18
25388,18
25389,35
25389,97
25390,97
25391,35
25391,97
25392,35
25392,97
25393,35
25393,97
25394,35
25394,97
25395,35
25395,97
25399,23
25400,35
25400,97
25401,97
25402,35
25402,97
25403,35
25403,97
25404,35
25404,97
25405,97
25406,97
25408,35
25408,97
25409,97
25410,97
25411,35
25411,97
25412,35
25412,97
25413,35
25413,97
25414,35
25414,97
25415,35
25415,97
25416,35
25416,97
25417,35
25417,97
25418,34
25419,109
25420,32
25421,18
25421,33
25421,34
25422,18
25422,33
25422,34
25423,18
25423,33
25423,34
25424,18
25424,33
25424,34
25425,18
25425,33
25425,34
25426,18
25426,33
25426,34
25427,18
25427,33
25427,34
25428,18
25428,33
25428,34
25431,59
25432,23
25432,33
25432,34
25433,18
25433,44
25433,59
25434,23
25435,23
25436,109
25438,18
25439,23
25440,23
25440,32
25441,18
25442,18
25443,109
25444,109
25445,109
25446,18
25447,77
25448,77
25449,23
25450,109
25451,109
25452,18
25453,44
25454,37
25454,40
25454,43
25454,77
25455,105
25456,18
25457,23
25458,23
25458,32
25459,18
25459,93
25460,103
25461,18
25462,18
25463,18
25464,7
25465,109
25466,109
25467,109
25468,109
25469,46
25475,18
25476,23
25477,77
25478,6
25479,18
25480,77
25481,18
25482,18
25483,23
25484,32
25489,23
25489,32
25491,23
25491,33
25491,34
25492,95
25493,18
25493,33
25493,34
25494,95
25495,7
25496,69
25497,109
25498,109
25499,109
25500,109
25501,84
25502,44
25502,90
25503,23
25504,44
25505,44
25507,44
25507,90
25508,44
25508,90
25509,97
25510,97
25514,32
25516,46
25517,46
25518,97
25519,37
25519,71
25520,44
25520,90
25521,97
25522,44
25522,90
25523,21
25524,1
25524,37
25524,40
25524,43
25524,92
25525,18
25526,18
25528,44
25528,90
25529,23
25530,90
25531,97
25532,1
25532,37
25532,92
25533,90
25534,109
25535,109
25536,109
25537,109
25538,109
25539,109
25540,97
25541,97
25542,109
25543,109
25544,109
25545,109
25546,109
25547,109
25548,109
25549,109
25550,97
25551,97
25552,109
25553,109
25554,109
25555,44
25555,90
25556,44
25556,90
25557,46
25558,46
25559,46
25560,1
25560,37
25560,92
25561,23
25562,46
25563,18
25563,44
25564,44
25564,90
25565,44
25565,90
25566,44
25567,23
25568,46
25569,1
25569,37
25569,92
25570,18
25570,44
25571,44
25571,90
25572,18
25572,44
25573,18
25573,44
25574,33
25574,34
25574,44
25577,44
25577,90
25578,44
25578,90
25579,18
25580,44
25580,90
25581,23
25581,32
25582,18
25582,44
25583,18
25583,44
25585,44
25585,90
25586,18
25587,97
25588,77
25589,77
25590,44
25590,90
25591,23
25592,18
25593,44
25593,90
25594,46
25595,46
25596,77
25597,77
25598,1
25598,43
25598,92
25604,77
25606,1
25606,43
25606,92
25607,1
25607,43
25607,92
25609,69
25613,77
25615,77
25617,69
25618,69
25619,69
25622,10
25623,77
25623,85
25624,69
25625,10
25627,69
25628,1
25628,37
25628,92
25629,77
25630,18
25631,77
25632,18
25633,77
25635,49
25636,49
25637,18
25637,23
25637,44
25640,49
25648,1
25648,37
25648,85
25648,92
25649,1
25649,37
25649,85
25649,92
25650,23
25650,32
25655,1
25655,37
25655,85
25655,92
25657,103
25658,44
25658,90
25659,87
25660,77
25661,23
25662,55
25663,18
25663,77
25665,97
25666,44
25666,90
25667,44
25667,90
25670,33
25670,34
25672,109
25673,77
25674,77
25677,109
25678,109
25680,103
25681,103
25682,103
25683,109
25684,109
25685,109
25686,109
25687,109
25688,37
25688,71
25689,37
25689,71
25690,103
25691,33
25691,34
25700,18
25701,18
25702,32
25702,109
25703,77
25704,77
25705,77
25706,77
25707,18
25708,44
25709,87
25710,1
25710,37
25710,40
25710,43
25710,92
25711,27
25711,43
25711,56
25712,18
25713,1
25713,37
25713,40
25713,43
25713,92
25714,27
25714,43
25714,56
25715,27
25715,43
25715,56
25716,44
25716,90
25717,1
25717,37
25717,40
25717,92
25718,32
25718,38
25719,1
25719,37
25719,77
25719,92
25720,32
25720,38
25721,1
25721,37
25721,77
25721,92
25722,1
25722,37
25722,77
25722,92
25723,44
25724,1
25724,37
25724,40
25724,92
25725,32
25725,38
25726,32
25727,32
25728,32
25729,77
25730,44
25731,44
25732,44
25733,18
25733,23
25733,33
25733,34
25735,33
25735,34
25736,33
25736,34
25737,77
25738,44
25739,44
25740,32
25740,109
25741,32
25741,109
25742,32
25742,109
25743,32
25743,109
25744,109
25745,109
25746,23
25747,23
25748,23
25749,103
25750,103
25751,35
25752,35
25753,27
25753,43
25753,56
25754,18
25755,6
25756,18
25757,33
25757,34
25758,32
25759,32
25760,32
25761,32
25762,84
25763,77
25764,18
25764,23
25764,33
25764,34
25766,87
25767,87
25768,87
25769,109
25770,77
25771,77
25772,77
25773,87
25774,77
25775,77
25776,77
25777,33
25777,34
25779,32
25780,103
25781,49
25782,23
25783,49
25784,18
25784,23
25785,23
25786,23
25787,18
25787,23
25787,33
25787,34
25788,18
25788,23
25789,56
25789,77
25790,49
25791,1
25791,92
25792,66
25793,103
25794,103
25795,66
25796,103
25797,103
25798,66
25799,103
25802,7
25803,7
25804,18
25805,18
25806,18
25807,18
25808,18
25809,18
25811,18
25811,23
25812,18
25812,23
25813,18
25813,23
25814,18
25814,23
25815,18
25815,23
25816,18
25816,23
25823,6
25824,6
25825,6
25826,6
25833,18
25833,23
25834,77
25835,77
25836,44
25836,90
25837,103
25838,49
25839,49
25840,1
25840,40
25840,43
25840,92
25841,33
25841,34
25842,33
25842,34
25844,77
25845,77
25846,77
25847,33
25847,34
25848,77
25849,77
25850,33
25850,34
25851,18
25851,44
25852,77
25853,49
25854,71
25854,109
25855,49
25856,49
25857,71
25857,109
25858,109
25859,109
25860,109
25861,109
25862,109
25864,18
25865,66
25866,18
25866,23
25866,33
25866,34
25867,18
25868,69
25869,59
25870,23
25870,32
25871,18
25872,77
25873,18
25874,97
25884,23
25884,49
25885,18
25886,18
25887,18
25888,18
25889,97
25890,44
25890,48
25891,97
25893,18
25894,97
25895,52
25896,49
25898,21
25899,44
25900,8
25901,8
25902,8
25903,8
25904,8
25905,8
25906,33
25906,34
25907,87
25908,87
25909,87
25910,87
25911,87
25912,87
25913,87
25914,87
25915,109
25916,109
25917,109
25918,109
25919,109
25920,109
25921,109
25922,109
25923,109
25924,37
25924,71
25925,97
25926,97
25927,7
25928,7
25929,7
25930,77
25931,18
25931,23
25932,23
25933,59
25934,18
25934,23
25935,23
25935,32
25936,23
25936,32
25937,97
25938,23
25938,32
25939,23
25939,32
25940,32
25941,23
25941,32
25942,23
25942,32
25943,18
25943,23
25944,1
25944,43
25944,92
25945,1
25945,43
25945,92
25946,35
25946,97
25949,37
25949,40
25949,77
25950,1
25950,43
25950,92
25952,1
25952,37
25952,92
25955,1
25955,37
25955,92
25956,1
25956,37
25956,92
25957,1
25957,37
25957,92
25958,1
25958,37
25958,92
25959,1
25959,37
25959,92
25960,44
25961,97
25963,69
25964,18
25965,18
25966,69
25967,23
25968,69
25969,69
25970,18
25971,18
25972,67
25973,18
25974,34
25974,77
25975,67
25976,18
25977,18
25978,67
25979,23
25980,18
25980,44
25981,18
25983,18
25983,33
25984,18
25984,33
25985,18
25985,33
25986,18
25986,33
25987,18
25987,33
25988,18
25988,33
25989,59
25990,18
25990,33
25990,34
25990,44
25991,44
25991,90
25992,44
25992,90
25993,69
25994,1
25994,37
25994,92
25995,69
25996,109
25997,69
25999,18
25999,33
26000,18
26000,33
26001,32
26001,109
26002,32
26002,109
26003,18
26003,33
26004,32
26004,109
26005,32
26005,109
26006,18
26006,33
26007,18
26007,33
26008,69
26009,109
26010,109
26011,109
26012,109
26013,109
26014,109
26015,109
26016,109
26017,109
26018,109
26019,109
26020,109
26021,109
26022,15
26023,109
26024,109
26025,109
26026,109
26027,109
26028,18
26029,18
26030,18
26031,37
26031,40
26031,43
26033,44
26034,37
26034,40
26034,43
26034,77
26035,37
26035,40
26035,43
26035,77
26036,44
26037,37
26037,40
26037,43
26037,77
26040,33
26040,34
26041,46
26042,35
26044,35
26045,59
26046,69
26047,69
26048,18
26049,18
26050,18
26051,18
26052,18
26053,18
26054,40
26054,43
26054,77
26057,18
26057,33
26057,34
26057,44
26058,77
26059,109
26060,109
26061,109
26062,18
26068,18
26069,18
26070,69
26078,18
26080,49
26084,23
26085,66
26086,69
26087,69
26088,18
26089,18
26090,18
26091,1
26091,43
26091,92
26092,44
26094,44
26097,23
26097,32
26098,18
26102,32
26104,18
26105,18
26106,18
26107,18
26108,18
26109,18
26110,18
26111,69
26112,69
26113,69
26114,49
26115,69
26116,103
26117,69
26117,77
26118,69
26118,77
26119,18
26119,109
26120,77
26121,33
26121,34
26122,33
26122,34
26123,33
26123,34
26124,18
26125,109
26126,109
26127,66
26128,66
26129,109
26130,109
26131,109
26132,109
26133,1
26133,37
26133,40
26133,43
26133,92
26134,15
26135,18
26136,33
26136,34
26137,33
26137,34
26138,109
26139,109
26140,109
26141,109
26142,109
26143,109
26144,1
26144,37
26144,77
26144,92
26145,109
26146,109
26147,109
26148,109
26149,109
26150,18
26151,18
26152,18
26153,18
26154,18
26155,18
26156,18
26157,18
26158,18
26159,18
26160,1
26160,37
26160,92
26161,1
26161,37
26161,92
26162,1
26162,37
26162,92
26163,18
26164,1
26164,37
26164,92
26165,49
26166,49
26167,49
26167,69
26168,49
26169,49
26170,49
26171,18
26172,18
26173,18
26174,18
26175,18
26176,37
26176,40
26176,43
26176,77
26177,33
26177,34
26178,18
26178,23
26178,33
26178,34
26179,69
26180,34
26181,109
26182,109
26183,109
26184,18
26184,44
26185,77
26186,109
26187,109
26188,109
26190,109
26191,109
26192,109
26193,109
26194,109
26195,18
26195,44
26196,109
26197,109
26198,109
26199,109
26200,109
26201,109
26202,109
26203,109
26204,109
26205,109
26206,109
26207,109
26208,109
26209,109
26210,109
26211,109
26212,109
26213,109
26214,109
26215,109
26216,23
26217,109
26218,109
26219,103
26220,109
26221,109
26222,109
26223,109
26224,109
26225,109
26226,109
26227,109
26228,109
26229,109
26230,109
26231,109
26232,109
26233,109
26234,109
26235,109
26236,109
26237,109
26238,109
26239,109
26240,109
26241,109
26242,109
26243,109
26244,33
26244,34
26245,109
26246,109
26247,109
26248,109
26249,109
26250,109
26251,109
26252,109
26253,109
26254,109
26255,109
26256,109
26257,109
26258,109
26259,109
26260,109
26261,109
26262,44
26262,46
26263,109
26264,18
26265,109
26266,109
26267,109
26268,109
26269,109
26271,33
26271,34
26272,109
26273,18
26273,33
26273,34
26273,44
26274,18
26274,23
26275,109
26276,109
26277,109
26278,109
26279,109
26280,44
26280,46
26281,109
26282,103
26284,109
26285,109
26286,109
26287,18
26287,44
26288,109
26289,109
26290,109
26291,109
26292,109
26293,109
26294,109
26295,109
26296,109
26297,109
26298,109
26299,109
26300,109
26301,109
26302,109
26303,109
26304,103
26305,27
26305,43
26306,109
26307,109
26308,109
26309,109
26310,109
26311,109
26312,109
26313,109
26314,109
26315,109
26316,109
26317,32
26317,109
26318,7
26319,109
26320,109
26321,109
26322,109
26323,109
26324,109
26325,109
26326,109
26327,109
26328,32
26329,109
26330,109
26331,109
26334,109
26340,23
26342,32
26343,49
26344,49
26347,49
26348,23
26351,1
26351,37
26351,40
26351,77
26351,92
26352,23
26354,33
26354,34
26355,23
26355,44
26356,33
26356,34
26356,44
26357,33
26357,34
26358,33
26358,34
26358,44
26359,1
26359,37
26359,92
26360,23
26360,44
26361,33
26361,34
26361,44
26362,33
26362,34
26363,33
26363,34
26364,33
26364,34
26365,18
26365,23
26366,1
26366,92
26367,87
26368,95
26369,95
26370,95
26371,95
26372,95
26373,18
26373,23
26374,1
26374,37
26374,92
26375,18
26375,44
26376,1
26376,37
26376,92
26377,1
26377,37
26377,92
26378,1
26378,37
26378,92
26379,8
26380,23
26381,23
26382,23
26383,18
26384,77
26385,18
26385,77
26386,33
26386,34
26387,97
26388,77
26389,77
26390,77
26391,77
26392,77
26394,35
26394,97
26395,35
26395,97
26397,77
26399,109
26400,109
26401,109
26402,109
26403,109
26404,23
26404,32
26405,77
26406,77
26407,77
26408,77
26410,23
26413,18
26414,95
26415,95
26416,49
26417,49
26418,49
26419,23
26420,33
26420,34
26421,34
26422,34
26423,34
26424,34
26425,34
26426,34
26427,34
26431,69
26432,69
26434,69
26435,59
26436,69
26437,23
26438,23
26439,69
26440,33
26440,34
26441,23
26442,7
26444,18
26444,44
26445,109
26446,109
26447,23
26448,78
26449,105
26450,32
26452,23
26454,33
26454,34
26455,33
26455,34
26456,77
26457,109
26458,1
26458,43
26458,92
26459,23
26459,32
26460,23
26461,109
26462,109
26463,109
26464,109
26465,109
26466,109
26467,77
26468,23
26469,18
26469,23
26469,77
26470,18
26470,23
26470,77
26471,18
26471,77
26472,18
26472,23
26472,77
26473,18
26473,23
26473,77
26474,18
26474,23
26474,77
26475,18
26475,44
26477,69
26478,23
26481,23
26481,32
26482,18
26482,23
26483,23
26484,92
26485,77
26486,77
26487,27
26487,43
26487,56
26488,27
26488,43
26488,56
26489,23
26489,32
26492,59
26493,71
26495,18
26496,33
26496,34
26498,32
26498,33
26498,34
26508,33
26508,34
26509,33
26509,34
26510,18
26511,18
26512,18
26513,18
26514,18
26515,18
26516,18
26517,18
26518,18
26519,18
26520,18
26521,103
26522,95
26523,33
26523,34
26524,18
26525,18
26526,44
26527,43
26527,77
26529,95
26530,18
26531,18
26532,44
26533,44
26535,32
26535,93
26537,95
26538,18
26539,44
26540,32
26540,93
26541,95
26542,33
26542,34
26543,33
26543,34
26544,33
26544,34
26545,33
26545,34
26546,32
26547,55
26548,27
26548,43
26548,56
26555,23
26556,77
26557,23
26558,18
26560,33
26560,34
26560,49
26561,49
26562,18
26563,18
26564,18
26565,1
26565,43
26565,92
26566,77
26567,77
26568,23
26569,18
26570,23
26571,33
26571,34
26571,49
26572,33
26572,34
26572,49
26573,49
26574,18
26575,7
26576,33
26576,34
26577,18
26578,18
26579,18
26580,109
26581,109
26582,109
26583,109
26584,109
26585,78
26586,37
26586,71
26587,77
26589,77
26590,77
26591,37
26591,71
26592,37
26592,71
26594,105
26595,97
26596,37
26596,71
26597,37
26597,71
26599,37
26599,40
26599,43
26600,105
26601,23
26602,37
26602,40
26602,43
26603,105
26604,105
26605,103
26606,23
26607,71
26608,33
26608,34
26609,18
26610,18
26611,109
26612,18
26613,33
26613,34
26614,18
26615,23
26615,44
26616,23
26616,32
26617,23
26617,44
26618,23
26618,33
26618,34
26619,27
26619,43
26620,109
26621,109
26622,109
26623,18
26624,18
26625,109
26626,109
26627,18
26628,18
26629,18
26630,33
26630,34
26631,33
26631,34
26632,33
26632,34
26633,23
26634,33
26634,34
26635,33
26635,34
26636,33
26636,34
26637,33
26637,34
26639,32
26640,32
26641,1
26641,43
26641,92
26642,1
26642,43
26642,92
26643,1
26643,43
26643,92
26645,109
26646,44
26649,109
26650,109
26651,109
26652,59
26653,35
26653,97
26655,33
26655,34
26655,97
26656,77
26657,33
26657,34
26657,97
26658,95
26659,95
26660,95
26661,33
26661,34
26662,33
26662,34
26662,97
26663,109
26664,109
26665,109
26666,109
26667,109
26668,109
26669,109
26670,109
26671,109
26672,109
26673,109
26674,109
26675,109
26676,109
26677,109
26678,109
26679,37
26679,71
26680,18
26681,18
26682,18
26683,18
26684,18
26684,48
26685,23
26685,44
26686,23
26686,44
26688,23
26689,18
26689,33
26689,34
26689,44
26690,23
26691,33
26691,34
26692,35
26692,97
26695,33
26695,34
26696,33
26696,34
26697,33
26697,34
26698,109
26699,18
26700,18
26701,18
26702,69
26703,69
26704,18
26705,69
26706,32
26707,109
26708,109
26709,109
26710,109
26711,109
26712,109
26713,109
26714,95
26715,37
26715,71
26716,18
26717,32
26718,59
26719,109
26720,109
26721,109
26722,109
26723,109
26724,109
26725,109
26726,23
26727,23
26728,32
26729,18
26730,71
26731,109
26732,109
26733,18
26734,38
26739,109
26740,109
26741,109
26742,109
26743,109
26746,109
26747,109
26748,32
26749,32
26750,109
26751,109
26752,18
26752,23
26752,44
26753,44
26753,48
26754,8
26754,18
26755,23
26756,23
26757,23
26758,32
26758,109
26759,32
26760,44
26760,48
26761,38
26762,69
26765,18
26766,32
26767,32
26768,44
26768,48
26769,32
26769,33
26769,34
26770,32
26771,23
26772,23
26782,92
26783,23
26784,59
26787,105
26788,49
26789,105
26790,18
26792,105
26793,44
26794,18
26799,18
26801,33
26801,34
26802,18
26804,18
26805,18
26811,71
26812,44
26813,44
26814,27
26814,43
26814,56
26816,71
26817,44
26818,33
26818,34
26819,109
26820,71
26832,77
26833,77
26835,23
26836,37
26836,71
26838,69
26839,69
26841,18
26841,77
26842,33
26842,34
26844,18
26845,78
26846,78
26847,33
26847,34
26848,109
26849,109
26850,109
26851,109
26853,27
26853,43
26853,56
26854,27
26854,43
26854,56
26855,18
26855,23
26855,33
26855,34
26856,109
26857,27
26857,43
26857,56
26858,109
26859,49
26860,49
26861,109
26862,49
26863,109
26864,18
26864,23
26865,109
26866,109
26867,18
26867,23
26868,18
26868,23
26869,18
26869,23
26871,109
26872,69
26873,109
26875,109
26876,69
26877,69
26878,69
26879,69
26880,69
26881,23
26882,18
26883,109
26884,46
26886,109
26887,18
26888,18
26889,18
26892,46
26898,18
26899,78
26900,78
26901,66
26902,46
26909,59
26910,109
26911,109
26912,109
26913,92
26914,109
26915,109
26916,109
26917,44
26918,109
26919,109
26920,109
26921,109
26922,109
26923,18
26923,44
26924,18
26925,109
26926,109
26927,32
26927,33
26927,34
26928,109
26929,109
26930,109
26931,109
26932,109
26933,18
26934,18
26935,23
26936,23
26937,18
26938,18
26939,109
26940,109
26941,18
26941,44
26942,109
26943,109
26944,109
26945,109
26946,109
26947,109
26948,109
26949,44
26950,109
26951,109
26952,18
26953,18
26954,109
26955,109
26956,23
26957,109
26958,109
26959,109
26960,33
26961,49
26962,109
26963,109
26964,109
26965,77
26966,109
26967,33
26967,34
26968,109
26969,109
26970,18
26971,109
26972,109
26973,18
26973,44
26974,33
26974,34
26976,109
26978,109
26979,109
26980,18
26981,109
26982,109
26983,109
26984,43
26984,77
26985,109
26986,109
26987,7
26988,44
26989,18
26989,23
26989,44
26990,49
26991,18
26992,18
26992,23
26993,18
26996,109
26997,109
26999,109
27000,109
27001,109
27002,18
27003,18
27004,109
27006,109
27007,109
27008,109
27009,109
27010,18
27010,23
27010,44
27011,18
27011,23
27011,44
27013,18
27013,23
27013,44
27014,18
27014,23
27014,44
27020,37
27020,40
27020,77
27022,77
27024,77
27025,47
27026,18
27027,47
27028,44
27029,44
27030,98
27031,44
27032,32
27033,44
27034,32
27035,32
27036,32
27037,32
27038,32
27039,109
27040,109
27041,109
27042,109
27043,109
27044,27
27044,43
27045,32
27046,32
27047,109
27048,109
27049,103
27050,32
27051,32
27052,69
27053,69
27054,69
27055,44
27056,44
27057,18
27059,18
27060,18
27061,18
27063,18
27064,18
27065,77
27066,27
27066,43
27066,56
27067,27
27067,43
27067,56
27068,27
27068,43
27068,56
27069,27
27069,43
27069,56
27076,77
27077,37
27077,71
27078,37
27078,71
27080,109
27081,109
27082,35
27082,97
27086,69
27087,69
27088,18
27089,44
27089,90
27090,37
27090,71
27091,109
27092,32
27093,37
27093,71
27094,32
27095,37
27095,71
27097,23
27099,23
27100,77
27101,109
27102,109
27103,109
27107,18
27108,18
27109,18
27110,18
27111,18
27111,93
27112,18
27113,32
27114,32
27115,32
27116,32
27117,32
27118,32
27119,109
27120,18
27120,44
27121,18
27121,44
27122,18
27122,44
27128,33
27128,34
27129,18
27129,44
27134,109
27135,41
27136,18
27136,44
27137,18
27137,44
27138,18
27142,41
27143,33
27143,34
27144,49
27145,69
27146,49
27147,49
27148,69
27149,69
27150,69
27151,32
27151,44
27152,60
27155,109
27156,109
27157,109
27158,109
27159,109
27160,109
27161,109
27162,109
27163,18
27163,23
27163,33
27163,34
27164,109
27165,109
27166,109
27167,109
27170,18
27170,109
27171,109
27172,109
27173,109
27174,77
27177,18
27177,109
27178,18
27178,109
27179,109
27180,109
27181,109
27182,109
27183,77
27184,109
27185,109
27186,77
27187,77
27188,77
27189,23
27190,23
27191,109
27192,109
27195,95
27196,95
27197,87
27198,44
27199,95
27200,44
27201,87
27202,18
27203,18
27204,18
27205,18
27205,23
27206,18
27206,23
27207,49
27208,109
27209,109
27210,109
27211,32
27212,32
27213,32
27214,32
27215,33
27215,34
27216,33
27216,34
27217,33
27217,34
27217,77
27218,33
27218,34
27218,77
27219,33
27219,34
27219,77
27220,33
27220,34
27220,77
27221,33
27221,34
27221,77
27222,33
27222,34
27223,33
27223,34
27224,33
27224,34
27226,27
27226,43
27226,56
27227,84
27228,23
27228,32
27229,18
27230,18
27231,18
27235,18
27236,18
27237,18
27238,18
27239,18
27240,18
27244,18
27245,18
27246,18
27247,18
27248,18
27250,18
27254,18
27255,18
27256,18
27257,78
27258,78
27259,78
27260,18
27261,27
27261,43
27261,56
27262,23
27263,23
27264,27
27264,43
27264,56
27265,69
27266,69
27267,50
27268,77
27269,18
27269,93
27271,27
27271,43
27271,56
27272,18
27272,93
27273,23
27274,92
27275,30
27277,27
27277,43
27277,56
27278,32
27278,49
27279,32
27280,32
27281,77
27282,18
27282,44
27283,77
27285,71
27286,77
27287,18
27288,18
27289,59
27290,59
27298,23
27299,23
27300,44
27312,27
27312,43
27312,56
27313,59
27314,32
27316,59
27317,59
27318,59
27321,59
27322,18
27322,44
27323,77
27324,77
27325,109
27326,109
27327,23
27328,109
27329,109
27330,109
27331,6
27332,66
27333,66
27334,66
27335,18
27335,33
27335,34
27336,18
27337,66
27338,18
27339,44
27340,97
27341,97
27342,52
27343,52
27346,23
27347,23
27348,23
27349,69
27350,109
27351,109
27352,18
27353,18
27354,18
27355,109
27356,109
27357,69
27358,109
27359,109
27360,18
27360,44
27361,23
27363,23
27363,69
27364,23
27365,69
27366,23
27367,23
27368,23
27369,23
27370,23
27371,49
27372,49
27373,46
27374,87
27376,18
27376,23
27376,33
27376,34
27376,44
27376,77
27377,18
27377,23
27377,33
27377,34
27377,44
27377,77
27378,18
27379,97
27380,105
27381,105
27382,37
27383,105
27384,1
27384,37
27384,92
27385,97
27386,105
27387,105
27388,105
27389,97
27390,97
27391,23
27401,55
27402,55
27403,55
27407,32
27408,32
27409,32
27410,32
27411,32
27413,109
27414,44
27414,90
27415,18
27416,44
27416,90
27418,18
27419,77
27420,18
27420,23
27420,33
27420,34
27421,18
27421,23
27421,33
27421,34
27422,97
27423,35
27423,97
27424,35
27424,97
27425,35
27425,97
27426,18
27427,18
27428,18
27429,77
27431,35
27431,97
27432,35
27432,97
27433,35
27433,97
27434,35
27434,97
27435,35
27435,97
27436,18
27437,18
27438,59
27439,59
27440,21
27442,35
27442,97
27443,18
27444,18
27451,21
27452,21
27453,21
27455,21
27456,21
27459,18
27459,44
27460,18
27460,44
27461,18
27461,44
27462,18
27462,44
27464,18
27464,23
27465,23
27467,23
27467,32
27468,23
27468,32
27469,18
27470,59
27471,59
27472,23
27473,18
27473,23
27474,18
27474,23
27475,59
27476,59
27477,23
27478,33
27479,23
27480,23
27481,23
27482,33
27482,34
27483,59
27485,109
27486,109
27487,109
27488,18
27490,109
27491,109
27492,109
27493,109
27494,109
27495,109
27496,109
27497,109
27498,32
27499,32
27500,18
27502,1
27502,37
27502,77
27502,92
27503,59
27505,18
27506,69
27507,69
27508,69
27509,69
27510,69
27511,18
27512,109
27513,109
27514,109
27515,109
27516,109
27517,77
27518,109
27519,109
27520,109
27521,109
27522,23
27523,71
27524,40
27524,43
27525,1
27525,43
27525,92
27526,1
27526,43
27526,92
27527,1
27527,43
27527,92
27528,1
27528,43
27528,92
27529,1
27529,43
27529,92
27530,23
27531,1
27531,37
27531,40
27531,43
27531,92
27532,1
27532,37
27532,40
27532,43
27532,92
27534,1
27534,37
27534,40
27534,43
27534,92
27535,1
27535,37
27535,40
27535,43
27535,92
27536,10
27537,18
27538,18
27539,18
27542,23
27543,23
27543,32
27544,18
27545,69
27546,109
27547,109
27548,109
27549,109
27550,8
27550,77
27551,8
27551,77
27553,8
27553,77
27555,18
27556,109
27557,109
27558,8
27558,77
27559,8
27559,49
27559,77
27560,8
27560,77
27561,8
27561,77
27562,8
27562,77
27563,8
27563,77
27564,8
27564,77
27565,8
27565,77
27566,8
27566,77
27567,8
27568,18
27569,6
27570,6
27571,23
27571,32
27572,23
27572,32
27574,23
27574,32
27578,23
27578,32
27579,59
27580,59
27581,59
27582,46
27583,59
27584,40
27584,43
27584,77
27585,46
27586,46
27587,59
27588,49
27589,49
27590,49
27591,49
27592,49
27593,49
27594,18
27594,23
27595,18
27595,23
27596,77
27597,77
27598,77
27599,77
27600,77
27601,23
27601,33
27601,34
27601,49
27619,77
27620,33
27620,34
27621,18
27621,44
27623,77
27624,18
27625,18
27626,18
27627,23
27629,18
27631,33
27631,34
27632,33
27632,34
27633,18
27633,93
27635,109
27636,18
27636,33
27636,34
27637,33
27637,34
27639,57
27641,18
27641,44
27643,109
27644,33
27644,34
27645,33
27645,34
27646,18
27647,71
27648,71
27649,109
27650,109
27651,109
27652,44
27653,109
27654,18
27655,18
27656,8
27656,77
27657,27
27657,43
27657,56
27658,27
27658,43
27658,56
27659,18
27660,8
27660,77
27662,8
27663,18
27664,23
27664,44
27665,18
27667,18
27668,32
27669,32
27670,32
27671,32
27672,32
27673,32
27674,23
27675,18
27678,77
27679,49
27680,33
27680,34
27681,33
27681,34
27682,33
27682,34
27684,49
27685,49
27686,8
27686,77
27687,49
27688,33
27688,34
27689,33
27689,34
27690,33
27690,34
27691,49
27693,33
27693,34
27694,33
27694,34
27695,49
27696,49
27697,49
27698,49
27699,49
27700,30
27701,49
27702,49
27703,49
27704,49
27705,44
27706,49
27710,49
27712,44
27713,44
27714,44
27715,49
27716,49
27719,23
27720,23
27721,49
27723,78
27726,23
27727,23
27728,49
27729,49
27730,77
27731,49
27732,77
27733,49
27734,1
27734,43
27734,92
27735,77
27736,77
27737,44
27737,90
27738,44
27738,90
27739,44
27739,90
27740,18
27741,109
27742,109
27743,18
27744,33
27744,34
27745,33
27745,34
27746,18
27746,44
27749,44
27750,23
27751,69
27752,23
27753,23
27754,69
27755,23
27756,69
27757,23
27758,18
27759,32
27760,18
27761,44
27762,18
27763,66
27764,18
27765,18
27766,77
27767,109
27768,109
27769,32
27770,33
27770,34
27771,33
27771,34
27772,33
27772,34
27773,33
27773,34
27774,33
27774,34
27775,33
27775,34
27776,33
27776,34
27777,33
27777,34
27778,33
27778,34
27779,33
27779,34
27780,33
27780,34
27781,33
27781,34
27782,33
27782,34
27783,33
27783,34
27784,18
27785,77
27786,33
27786,34
27787,33
27787,34
27788,33
27788,34
27789,33
27789,34
27790,33
27790,34
27791,33
27791,34
27792,33
27792,34
27793,33
27793,34
27794,33
27794,34
27795,33
27795,34
27796,90
27797,33
27797,34
27798,33
27798,34
27799,33
27799,34
27800,23
27801,23
27802,33
27802,34
27803,33
27803,34
27804,33
27804,34
27805,33
27805,34
27806,33
27806,34
27807,33
27807,34
27808,33
27808,34
27809,33
27809,34
27810,18
27810,23
27811,18
27811,23
27812,66
27813,18
27814,18
27815,77
27820,77
27821,77
27823,23
27823,33
27823,34
27824,109
27825,109
27826,109
27827,109
27828,109
27829,44
27829,48
27830,23
27830,33
27830,34
27831,109
27832,109
27833,109
27834,109
27835,109
27836,23
27836,32
27837,109
27838,109
27839,109
27840,44
27841,18
27842,18
27842,23
27842,33
27842,34
27842,44
27843,18
27844,77
27845,18
27845,23
27845,33
27845,34
27845,44
27846,18
27846,23
27846,33
27846,34
27846,44
27847,44
27848,18
27849,18
27850,44
27851,25
27852,77
27853,18
27854,23
27855,23
27857,23
27859,33
27859,34
27860,33
27860,34
27861,33
27861,34
27862,33
27862,34
27863,33
27863,34
27864,18
27865,18
27867,18
27868,18
27869,33
27869,34
27870,18
27870,33
27870,34
27872,32
27873,46
27873,97
27874,23
27875,23
27876,23
27877,69
27879,33
27879,34
27880,32
27881,44
27886,18
27887,18
27888,18
27889,18
27890,33
27890,34
27890,44
27891,32
27892,32
27893,32
27894,32
27895,97
27896,97
27897,97
27899,92
27900,32
27901,18
27902,97
27903,37
27903,71
27904,87
27905,18
27905,44
27906,32
27907,18
27908,32
27909,32
27910,23
27910,44
27911,23
27911,44
27912,77
27913,33
27913,34
27914,23
27915,23
27916,23
27917,23
27918,32
27919,23
27920,23
27921,23
27922,18
27923,37
27923,71
27924,46
27925,46
27927,71
27928,27
27928,43
27928,56
27929,27
27929,43
27929,56
27930,97
27932,37
27932,71
27933,78
27934,23
27934,32
27935,37
27935,71
27936,46
27937,18
27938,44
27939,37
27939,71
27940,109
27941,109
27942,109
27943,109
27944,109
27945,109
27946,23
27946,32
27947,21
27948,21
27949,92
27950,23
27950,32
27951,92
27952,92
27953,77
27958,93
27959,77
27967,32
27968,69
27971,77
27972,21
27973,78
27974,77
27975,77
27976,50
27977,8
27977,69
27978,18
27979,18
27979,33
27981,97
27982,18
27983,18
27983,33
27984,32
27985,97
27986,18
27986,33
27987,18
27987,33
27988,97
27989,34
27990,34
27991,18
27992,32
27994,18
27994,33
27994,34
27994,44
28006,89
28014,89
28015,18
28017,18
28018,18
28019,18
28020,18
28021,23
28023,18
28023,44
28024,18
28024,44
28025,71
28026,37
28026,71
28027,37
28027,71
28028,37
28028,71
28029,18
28029,23
28031,109
28032,109
28035,109
28036,78
28037,78
28038,18
28038,23
28039,109
28040,109
28041,109
28042,109
28043,78
28044,109
28045,27
28045,43
28045,56
28046,109
28048,109
28049,109
28050,27
28050,43
28050,56
28051,37
28051,71
28052,37
28052,71
28053,18
28054,1
28054,37
28054,40
28054,43
28054,92
28055,109
28056,109
28057,109
28058,109
28059,109
28060,109
28061,109
28062,18
28062,23
28063,89
28064,34
28065,109
28066,49
28067,109
28068,109
28069,109
28070,109
28071,109
28073,109
28074,109
28075,109
28076,109
28077,109
28078,33
28078,34
28079,18
28080,77
28081,23
28082,23
28083,23
28084,109
28085,109
28086,109
28087,109
28088,109
28089,59
28090,18
28091,23
28092,77
28093,77
28094,77
28095,32
28095,34
28097,109
28098,109
28099,77
28100,33
28100,34
28101,33
28101,34
28103,18
28103,48
28104,18
28105,105
28106,105
28107,105
28108,105
28109,18
28109,23
28109,33
28109,34
28111,105
28112,58
28112,105
28113,6
28114,44
28115,109
28120,77
28121,109
28122,109
28123,109
28124,109
28125,109
28126,109
28127,109
28128,109
28129,109
28130,10
28131,10
28132,10
28133,10
28140,109
28141,109
28142,109
28143,109
28144,109
28145,109
28146,10
28147,109
28148,109
28149,109
28157,33
28157,34
28159,109
28160,109
28161,109
28162,109
28163,109
28164,109
28165,109
28166,109
28167,23
28168,18
28168,33
28168,34
28169,18
28169,33
28169,34
28170,18
28170,33
28170,34
28171,21
28172,32
28173,18
28174,18
28175,18
28176,18
28176,77
28177,8
28177,23
28177,49
28177,77
28178,77
28179,21
28179,71
28180,21
28180,71
28181,71
28182,71
28183,109
28184,109
28185,23
28185,32
28186,89
28187,23
28187,32
28188,109
28189,109
28190,89
28192,109
28193,109
28194,109
28195,21
28196,109
28198,109
28199,109
28201,103
28202,103
28203,27
28203,49
28204,32
28205,23
28206,103
28207,103
28208,109
28209,109
28210,109
28211,18
28212,18
28213,69
28214,103
28215,103
28216,103
28217,23
28218,109
28219,109
28220,109
28221,103
28222,77
28223,69
28224,103
28225,103
28226,23
28227,109
28228,109
28229,109
28230,103
28231,103
28232,18
28233,27
28233,49
28234,27
28234,49
28235,27
28235,49
28236,27
28236,37
28236,60
28237,109
28240,109
28241,109
28242,109
28243,109
28244,27
28244,49
28245,18
28246,23
28246,32
28247,27
28248,27
28248,37
28248,60
28249,27
28249,49
28250,27
28250,37
28250,60
28251,109
28252,109
28253,109
28254,109
28255,109
28256,109
28257,109
28258,109
28259,109
28260,109
28261,109
28262,109
28263,109
28264,23
28265,18
28266,23
28266,32
28267,44
28268,18
28268,44
28269,109
28270,109
28271,23
28272,18
28272,44
28273,18
28273,44
28274,7
28275,23
28276,32
28277,109
28278,109
28279,109
28280,23
28281,18
28281,44
28282,7
28284,109
28285,109
28286,109
28287,18
28287,33
28287,34
28287,44
28288,69
28289,27
28289,43
28289,56
28290,77
28291,18
28291,93
28295,37
28295,71
28296,18
28296,93
28298,18
28298,93
28299,40
28299,56
28299,77
28300,77
28301,6
28302,6
28303,32
28304,33
28304,34
28305,55
28307,6
28308,71
28309,95
28310,95
28311,18
28311,23
28311,33
28311,34
28312,18
28312,23
28312,33
28312,34
28313,18
28313,23
28313,33
28313,34
28314,18
28314,23
28314,33
28314,34
28315,95
28316,18
28317,32
28318,32
28319,32
28320,18
28321,18
28322,18
28323,23
28324,23
28325,69
28326,32
28327,32
28328,59
28329,32
28330,32
28331,32
28332,32
28333,18
28334,18
28335,69
28336,27
28336,49
28340,44
28341,18
28341,44
28342,23
28342,33
28342,34
28343,77
28344,23
28344,44
28345,23
28346,77
28347,44
28348,23
28348,44
28349,23
28349,44
28350,23
28350,44
28351,23
28351,44
28352,23
28352,44
28353,18
28353,33
28353,34
28353,44
28354,18
28354,33
28354,34
28354,44
28355,18
28355,44
28356,23
28356,44
28357,23
28357,44
28358,18
28358,44
28359,23
28359,33
28359,34
28360,23
28360,33
28360,34
28361,77
28362,23
28363,23
28363,44
28364,23
28365,23
28365,109
28366,23
28367,23
28367,44
28368,23
28368,44
28369,18
28370,18
28371,18
28372,32
28372,109
28373,32
28373,109
28374,32
28374,109
28375,18
28376,18
28377,23
28378,49
28379,18
28380,18
28381,18
28382,32
28382,109
28383,23
28384,32
28384,109
28385,18
28386,18
28387,23
28388,18
28389,18
28390,33
28390,34
28391,109
28392,23
28393,23
28394,18
28395,32
28395,109
28396,32
28396,109
28397,103
28398,44
28399,95
28400,23
28401,18
28402,18
28403,18
28404,18
28405,18
28406,18
28408,18
28409,18
28410,18
28411,18
28412,18
28413,18
28413,23
28413,33
28413,34
28413,44
28413,77
28414,18
28415,18
28416,18
28417,23
28418,7
28419,23
28419,44
28420,23
28421,18
28422,6
28423,23
28424,18
28425,18
28426,18
28428,18
28429,18
28430,18
28430,44
28431,18
28432,18
28433,18
28434,18
28435,18
28436,18
28437,46
28438,23
28439,23
28440,23
28441,46
28442,23
28443,46
28444,33
28444,34
28445,33
28445,34
28446,33
28446,34
28447,23
28448,69
28449,40
28449,43
28450,103
28451,44
28454,35
28454,97
28455,38
28456,18
28456,93
28457,18
28457,93
28459,89
28460,32
28461,32
28462,18
28462,93
28463,103
28464,35
28464,97
28465,32
28467,44
28468,44
28469,18
28470,18
28472,23
28473,18
28473,93
28474,50
28475,18
28475,93
28476,44
28477,50
28478,97
28479,14
28480,18
28480,93
28481,23
28482,23
28483,7
28484,18
28485,37
28485,71
28486,37
28486,71
28487,18
28487,23
28487,33
28487,34
28488,97
28489,97
28490,97
28491,97
28492,97
28493,109
28494,109
28495,109
28496,109
28497,109
28498,109
28499,109
28500,109
28501,109
28502,109
28503,109
28504,109
28505,109
28506,109
28507,109
28508,109
28509,109
28510,109
28511,109
28512,109
28513,109
28514,109
28515,109
28516,109
28517,109
28518,109
28519,109
28520,109
28521,109
28522,109
28523,109
28524,109
28525,109
28526,109
28527,23
28530,44
28531,44
28533,21
28533,71
28534,69
28535,69
28536,69
28537,69
28538,69
28539,69
28540,71
28541,71
28545,18
28545,44
28546,18
28547,32
28548,32
28551,18
28552,23
28553,18
28554,18
28555,18
28556,18
28557,18
28558,32
28559,18
28559,23
28560,97
28561,23
28562,23
28563,23
28564,23
28565,23
28566,18
28566,23
28567,23
28569,23
28570,23
28571,23
28572,40
28572,77
28574,18
28575,18
28575,44
28576,7
28577,7
28578,18
28579,12
28581,18
28582,109
28583,103
28584,103
28585,103
28586,33
28586,34
28587,109
28588,103
28589,49
28590,69
28591,21
28592,21
28593,109
28594,109
28595,18
28595,109
28596,69
28597,69
28598,69
28599,69
28601,77
28602,33
28602,34
28603,69
28604,21
28605,21
28606,8
28606,69
28607,8
28607,69
28608,23
28608,44
28609,69
28610,21
28611,21
28612,21
28613,21
28614,21
28615,109
28616,77
28617,21
28618,21
28619,77
28621,69
28622,32
28623,69
28623,77
28624,69
28624,77
28625,69
28626,35
28627,69
28627,77
28628,69
28628,77
28629,69
28630,69
28631,18
28631,33
28631,34
28632,18
28632,33
28632,34
28633,18
28633,33
28633,34
28634,1
28634,37
28634,92
28636,64
28637,18
28637,64
28638,64
28639,64
28640,35
28641,109
28642,109
28643,109
28644,18
28645,77
28646,32
28653,26
28654,26
28655,26
28657,18
28657,23
28657,33
28657,34
28658,18
28658,23
28659,77
28660,23
28660,44
28661,18
28662,33
28663,35
28664,109
28665,18
28666,44
28667,44
28668,69
28669,44
28670,44
28671,44
28672,43
28672,92
28673,18
28674,49
28675,109
28676,43
28676,92
28677,33
28677,34
28678,8
28679,69
28680,33
28680,34
28681,32
28683,23
28685,23
28687,8
28688,69
28689,6
28690,6
28692,97
28694,18
28694,33
28694,34
28694,44
28695,10
28697,10
28698,49
28699,71
28700,33
28700,34
28701,77
28702,71
28703,71
28704,18
28704,23
28705,44
28705,48
28705,109
28706,44
28706,48
28706,109
28707,44
28707,109
28708,44
28709,44
28709,109
28710,44
28711,18
28712,44
28712,48
28712,109
28713,69
28714,49
28715,71
28716,71
28717,71
28720,77
28723,44
28724,71
28725,71
28726,8
28728,77
28729,44
28729,109
28732,18
28733,18
28734,18
28736,18
28737,18
28739,18
28740,18
28741,18
28742,18
28744,27
28744,43
28744,56
28745,18
28747,18
28748,27
28748,43
28748,56
28749,18
28750,35
28751,18
28751,93
28752,23
28753,23
28754,6
28755,23
28756,23
28757,21
28758,56
28758,77
28759,35
28760,18
28761,44
28761,48
28762,23
28763,6
28764,6
28765,6
28766,35
28767,69
28768,21
28768,71
28769,23
28771,21
28772,18
28772,93
28773,1
28773,37
28773,40
28773,77
28773,92
28774,1
28774,43
28774,56
28774,92
28775,1
28775,37
28775,40
28775,77
28775,92
28776,109
28777,109
28778,18
28779,18
28780,18
28781,49
28782,49
28783,49
28784,59
28785,109
28786,109
28787,109
28788,109
28789,32
28790,77
28791,18
28792,18
28793,18
28794,77
28795,32
28795,109
28796,49
28797,59
28798,109
28799,109
28800,109
28801,109
28802,109
28803,77
28804,18
28805,23
28807,18
28809,35
28810,32
28811,32
28812,32
28813,32
28814,32
28815,32
28816,32
28817,32
28818,1
28818,43
28818,92
28820,109
28821,77
28822,77
28823,77
28824,77
28825,18
28825,33
28825,34
28832,1
28832,43
28832,92
28833,1
28833,43
28833,92
28837,109
28838,77
28839,77
28840,77
28851,77
28852,77
28853,77
28854,77
28855,77
28856,77
28857,18
28857,93
28858,103
28859,23
28860,33
28860,34
28861,33
28861,34
28862,33
28862,34
28863,1
28863,43
28863,92
28864,90
28865,33
28865,34
28866,37
28866,71
28867,18
28867,44
28868,32
28869,32
28870,32
28871,32
28872,6
28873,6
28874,18
28876,18
28878,1
28878,37
28878,77
28878,92
28879,23
28879,44
28880,18
28882,18
28883,18
28884,109
28887,109
28888,109
28889,109
28890,109
28891,109
28892,109
28893,18
28893,33
28893,34
28893,44
28894,46
28895,46
28896,77
28897,46
28899,109
28900,109
28901,27
28901,43
28902,27
28902,43
28903,27
28903,43
28904,27
28904,43
28907,77
28908,27
28908,43
28908,56
28909,27
28909,43
28909,56
28910,8
28911,27
28911,43
28911,56
28912,8
28913,8
28914,8
28915,69
28916,69
28917,69
28918,69
28919,8
28920,8
28921,6
28922,77
28923,1
28923,37
28923,92
28924,1
28924,37
28924,92
28925,59
28927,95
28928,95
28929,44
28930,95
28931,95
28933,23
28934,23
28935,44
28936,44
28938,23
28941,77
28942,32
28943,32
28944,32
28945,77
28946,32
28947,32
28948,18
28948,44
28949,77
28950,18
28950,44
28952,23
28953,59
28954,109
28955,109
28956,23
28957,18
28958,23
28961,32
28962,32
28963,32
28964,18
28965,109
28966,44
28967,18
28968,18
28969,18
28969,109
28970,18
28972,18
28973,109
28974,44
28975,44
28976,18
28977,44
28980,32
28980,33
28980,34
28980,44
28981,18
28983,23
28984,69
28985,69
28986,32
28987,32
28988,21
28989,21
28990,18
28990,33
28990,34
28990,44
28991,32
28992,32
28993,32
28994,32
28995,32
28996,18
28996,23
28996,33
28996,34
28996,44
28997,21
28998,32
28999,32
29000,32
29001,32
29002,32
29003,32
29005,23
29007,18
29008,18
29010,18
29011,23
29012,18
29013,18
29013,44
29014,71
29015,18
29016,23
29016,44
29017,23
29018,27
29018,43
29018,56
29019,18
29019,44
29020,18
29020,44
29021,59
29022,18
29023,18
29024,59
29025,59
29026,18
29026,44
29027,18
29028,23
29031,77
29032,7
29033,95
29034,109
29035,109
29036,109
29037,23
29038,109
29039,69
29040,23
29041,23
29042,23
29043,23
29044,77
29045,23
29046,109
29047,109
29048,109
29049,109
29050,109
29051,109
29052,109
29053,69
29054,109
29055,109
29056,109
29057,49
29058,18
29059,18
29060,18
29060,97
29061,18
29062,18
29063,18
29064,21
29065,21
29066,21
29067,18
29068,18
29069,18
29070,18
29071,18
29072,18
29073,18
29074,58
29075,58
29076,58
29077,58
29079,58
29080,58
29081,58
29082,18
29083,58
29084,23
29085,43
29086,33
29086,34
29087,33
29087,34
29088,18
29088,77
29089,18
29089,77
29091,23
29092,18
29092,77
29093,23
29094,35
29095,23
29096,97
29097,35
29097,97
29098,32
29100,23
29101,35
29101,97
29102,32
29103,33
29103,34
29103,44
29104,35
29104,97
29105,23
29106,32
29107,23
29108,23
29109,109
29110,109
29111,34
29111,77
29113,18
29115,23
29116,69
29117,23
29118,23
29119,23
29120,23
29121,33
29121,34
29122,49
29123,1
29123,43
29123,92
29124,59
29125,59
29126,59
29127,59
29128,23
29129,18
29130,18
29131,18
29132,18
29133,18
29134,23
29135,77
29136,23
29137,23
29138,77
29139,18
29141,13
29143,44
29144,44
29145,18
29145,23
29146,18
29147,23
29148,18
29149,30
29149,43
29149,44
29149,56
29150,77
29151,77
29152,77
29153,77
29154,109
29155,109
29156,69
29157,77
29158,18
29159,18
29160,77
29161,77
29162,77
29163,33
29164,49
29165,30
29165,43
29165,44
29165,56
29166,23
29167,23
29168,33
29169,77
29170,109
29171,109
29172,109
29173,109
29174,109
29175,87
29176,87
29177,87
29178,87
29179,87
29180,87
29181,33
29181,34
29182,23
29183,7
29184,18
29185,18
29186,77
29187,77
29188,77
29189,77
29190,77
29191,33
29191,34
29192,33
29192,34
29192,77
29193,18
29194,18
29195,18
29196,18
29197,18
29198,18
29199,18
29200,18
29201,18
29202,23
29203,23
29204,18
29206,18
29206,93
29207,23
29208,18
29210,23
29211,23
29212,27
29212,43
29212,56
29213,27
29213,43
29213,56
29215,18
29216,1
29216,43
29216,92
29217,1
29217,43
29217,92
29219,32
29220,32
29221,18
29222,18
29223,18
29224,18
29225,18
29226,18
29227,18
29228,18
29229,18
29230,18
29231,33
29231,34
29232,18
29232,23
29232,33
29232,34
29233,37
29233,67
29233,71
29234,18
29235,18
29236,18
29237,18
29237,23
29240,33
29240,34
29242,109
29243,109
29244,109
29245,109
29246,109
29247,109
29248,109
29249,109
29250,18
29250,44
29251,23
29252,77
29253,37
29253,71
29254,23
29255,37
29255,71
29256,38
29257,23
29258,18
29259,18
29260,18
29261,18
29262,18
29262,23
29262,44
29263,77
29264,59
29265,1
29265,43
29265,56
29265,92
29266,18
29267,32
29268,18
29270,69
29272,18
29273,18
29274,18
29275,109
29276,33
29276,34
29277,33
29277,34
29278,18
29278,23
29278,44
29279,59
29280,59
29281,49
29281,109
29282,109
29283,109
29284,109
29285,109
29286,49
29288,18
29289,77
29290,41
29294,18
29295,44
29296,44
29297,44
29299,55
29300,44
29301,18
29302,23
29306,18
29307,59
29308,59
29311,44
29313,59
29314,18
29315,18
29316,37
29316,92
29317,37
29317,92
29318,37
29318,92
29319,37
29319,92
29320,37
29320,71
29321,71
29322,23
29323,37
29324,37
29324,71
29325,23
29326,8
29327,8
29328,8
29329,8
29330,18
29331,8
29332,1
29332,37
29332,77
29332,92
29333,1
29333,37
29333,77
29333,92
29335,1
29335,37
29335,77
29335,92
29336,18
29337,1
29337,37
29337,77
29337,92
29338,33
29338,34
29338,44
29339,44
29340,44
29342,97
29345,66
29346,97
29347,18
29347,77
29348,18
29348,77
29349,18
29349,77
29353,34
29353,77
29355,59
29357,34
29357,77
29358,18
29358,77
29359,33
29361,1
29361,43
29361,92
29362,52
29364,10
29364,71
29367,7
29368,32
29369,10
29369,71
29370,23
29371,59
29372,10
29372,71
29373,10
29373,71
29374,52
29375,77
29377,18
29378,18
29378,93
29379,109
29381,18
29382,18
29383,95
29384,95
29385,109
29386,18
29386,23
29387,12
29388,18
29389,18
29390,18
29391,12
29392,12
29393,18
29394,18
29395,23
29397,18
29397,23
29398,23
29399,23
29400,23
29401,23
29403,18
29403,23
29403,33
29403,34
29403,44
29403,77
29404,18
29404,33
29404,34
29404,44
29405,18
29405,93
29406,18
29406,93
29407,18
29407,93
29408,18
29408,93
29409,32
29409,49
29410,32
29411,77
29412,18
29413,23
29414,32
29415,32
29418,77
29419,77
29421,44
29422,18
29422,33
29422,34
29423,18
29423,33
29423,34
29424,18
29424,33
29424,34
29425,44
29426,44
29427,44
29428,44
29429,44
29430,23
29431,33
29431,34
29432,49
29433,49
29434,44
29435,44
29436,44
29437,18
29437,33
29437,34
29438,18
29438,33
29438,34
29439,33
29439,34
29440,49
29441,49
29443,27
29443,56
29444,109
29445,77
29446,77
29447,77
29449,23
29449,32
29450,98
29451,98
29452,92
29453,23
29454,41
29455,18
29455,23
29455,33
29455,34
29456,18
29456,23
29456,33
29456,34
29462,109
29463,109
29466,44
29471,77
29473,49
29474,18
29474,44
29475,18
29476,49
29477,18
29478,18
29479,18
29480,18
29481,18
29482,33
29482,34
29483,18
29486,109
29487,109
29488,109
29489,109
29490,109
29491,109
29492,109
29493,109
29494,109
29495,109
29496,109
29497,109
29498,109
29499,18
29500,18
29501,18
29505,21
29506,21
29507,21
29508,21
29509,18
29510,18
29511,18
29512,1
29512,37
29512,40
29512,77
29512,92
29513,1
29513,37
29513,40
29513,77
29513,92
29514,1
29514,37
29514,40
29514,77
29514,92
29515,1
29515,37
29515,40
29515,77
29515,92
29516,59
29517,109
29518,109
29519,109
29520,109
29521,109
29522,35
29522,97
29523,6
29524,49
29525,49
29527,18
29527,23
29528,37
29528,71
29529,59
29530,109
29531,109
29532,109
29533,18
29534,18
29535,23
29536,32
29537,32
29538,59
29539,10
29540,18
29540,33
29540,34
29541,18
29542,18
29543,18
29544,18
29545,18
29547,32
29547,109
29554,18
29554,49
29556,18
29557,32
29558,32
29558,109
29559,32
29560,32
29560,109
29561,32
29561,109
29562,23
29563,23
29564,18
29565,8
29565,77
29566,8
29566,77
29567,8
29567,77
29568,8
29568,77
29569,27
29569,43
29569,56
29570,46
29571,49
29572,32
29593,23
29594,18
29595,18
29596,18
29597,44
29598,44
29599,33
29599,34
29599,77
29600,77
29602,18
29602,44
29604,18
29605,37
29605,40
29605,77
29606,37
29606,71
29607,103
29608,103
29609,103
29610,103
29611,103
29612,66
29613,66
29614,32
29614,109
29615,33
29615,34
29619,23
29621,38
29622,38
29623,109
29624,109
29625,109
29626,109
29627,109
29628,109
29629,109
29630,109
29631,109
29632,109
29633,43
29633,77
29635,109
29636,109
29637,109
29638,109
29639,109
29640,109
29641,109
29642,109
29643,109
29644,32
29645,10
29646,18
29646,44
29647,71
29648,18
29649,77
29650,35
29650,97
29651,35
29651,97
29652,35
29652,97
29657,77
29658,18
29658,23
29660,18
29660,44
29661,77
29662,18
29664,105
29665,105
29666,105
29667,23
29667,32
29675,49
29676,49
29677,23
29678,18
29679,18
29681,23
29682,18
29683,23
29684,23
29685,23
29686,23
29687,23
29688,23
29689,23
29690,18
29690,23
29697,18
29703,32
29703,33
29703,34
29704,97
29705,97
29706,97
29707,97
29708,18
29709,18
29710,18
29711,18
29715,23
29716,23
29717,18
29718,109
29719,1
29719,37
29719,77
29719,92
29725,97
29726,23
29727,23
29728,23
29729,95
29730,95
29731,95
29732,95
29733,95
29734,23
29735,23
29735,32
29739,49
29741,18
29743,23
29755,23
29756,1
29756,43
29756,92
29758,109
29759,109
29763,77
29764,8
29765,18
29766,69
29767,69
29768,69
29769,69
29770,69
29771,69
29772,69
29773,67
29774,109
29775,109
29776,109
29777,109
29778,109
29779,109
29780,109
29781,109
29782,109
29783,18
29784,18
29785,18
29785,44
29786,18
29786,44
29787,18
29788,18
29789,18
29790,18
29791,18
29792,18
29793,18
29794,18
29795,18
29796,69
29797,35
29798,23
29799,23
29800,23
29801,23
29802,23
29803,23
29804,23
29805,23
29806,23
29807,23
29808,23
29809,23
29822,18
29822,23
29823,18
29824,32
29825,32
29828,77
29829,105
29830,105
29831,105
29832,33
29832,34
29833,33
29833,34
29834,33
29834,34
29835,33
29835,34
29836,33
29836,34
29837,33
29837,34
29838,33
29838,34
29839,33
29839,34
29840,33
29840,34
29841,33
29841,34
29842,33
29842,34
29843,33
29843,34
29844,33
29844,34
29845,33
29845,34
29846,33
29846,34
29847,18
29847,23
29847,33
29847,34
29848,18
29848,23
29848,33
29848,34
29849,18
29850,18
29851,18
29852,18
29852,32
29853,44
29855,33
29855,34
29856,33
29856,34
29857,33
29857,34
29858,33
29858,34
29859,32
29860,32
29861,18
29861,44
29862,18
29862,44
29863,18
29863,44
29864,18
29864,44
29865,18
29865,44
29866,40
29866,43
29867,40
29867,43
29868,40
29868,43
29869,40
29869,43
29870,18
29871,18
29872,18
29873,18
29874,27
29874,43
29874,56
29875,1
29875,37
29875,40
29875,77
29875,92
29876,18
29876,44
29877,18
29877,44
29878,44
29879,18
29888,32
29889,32
29890,32
29891,32
29892,32
29893,44
29893,48
29894,44
29894,48
29896,69
29897,69
29898,69
29899,69
29900,69
29901,109
29902,97
29903,97
29907,23
29908,23
29909,18
29910,18
29910,23
29910,33
29910,34
29910,44
29910,77
29911,18
29912,55
29913,55
29914,23
29915,23
29919,66
29920,66
29921,66
29922,37
29922,71
29923,32
29924,33
29924,34
29924,77
29925,33
29925,34
29925,77
29926,33
29926,34
29926,77
29927,77
29928,77
29929,77
29930,32
29930,109
29932,18
29933,33
29933,34
29934,33
29934,34
29935,33
29935,34
29936,33
29936,34
29937,33
29937,34
29938,33
29938,34
29939,33
29939,34
29940,33
29940,34
29941,33
29941,34
29942,33
29942,34
29943,33
29943,34
29944,18
29945,18
29946,18
29947,18
29947,23
29947,33
29947,34
29948,18
29949,23
29950,23
29951,23
29952,23
29953,23
29954,49
29955,49
29957,49
29958,49
29959,49
29960,44
29961,44
29962,44
29963,44
29964,44
29965,44
29966,44
29967,44
29968,44
29969,44
29970,44
29971,44
29972,44
29973,50
29974,10
29975,49
29976,18
29976,23
29976,33
29976,34
29976,44
29976,77
29977,23
29978,53
29979,53
29981,18
29981,33
29981,44
29982,18
29984,26
29985,69
29986,69
29987,69
29988,109
29989,109
29990,109
29991,109
29992,109
29993,109
29994,109
29995,32
29999,77
30000,46
30000,50
30000,71
30002,69
30003,49
30004,109
30005,71
30006,69
30007,33
30007,34
30008,33
30008,34
30009,33
30010,33
30010,34
30011,33
30011,34
30012,33
30013,33
30013,34
30014,23
30015,18
30016,49
30017,23
30018,109
30019,109
30020,109
30021,33
30021,34
30022,23
30023,23
30024,1
30024,43
30024,56
30024,92
30025,77
30026,18
30027,18
30028,18
30029,18
30030,18
30031,18
30032,18
30033,18
30034,18
30035,18
30036,18
30037,27
30037,43
30037,56
30038,27
30038,43
30038,56
30039,27
30039,43
30039,56
30042,69
30043,37
30043,71
30044,37
30044,71
30045,37
30045,71
30046,37
30046,71
30047,71
30048,71
30049,71
30050,1
30050,43
30050,92
30051,109
30053,1
30053,37
30053,92
30054,18
30055,18
30056,18
30057,18
30058,18
30059,18
30060,18
30061,18
30062,18
30063,18
30064,18
30065,18
30066,18
30067,18
30069,49
30070,69
30071,69
30072,69
30073,69
30074,37
30074,71
30075,37
30075,71
30076,37
30076,71
30077,37
30077,71
30078,32
30079,32
30080,1
30080,43
30080,92
30081,1
30081,43
30081,92
30082,21
30083,18
30084,18
30085,18
30086,18
30087,18
30088,18
30089,18
30090,18
30091,23
30095,34
30096,23
30097,109
30100,109
30101,21
30102,21
30103,21
30104,21
30107,23
30108,84
30109,44
30109,90
30110,44
30110,90
30111,44
30111,90
30112,44
30112,90
30113,49
30114,49
30115,109
30116,109
30117,109
30118,109
30119,109
30120,109
30121,109
30122,109
30123,109
30124,32
30125,32
30126,32
30127,49
30130,32
30136,23
30138,77
30139,21
30140,21
30141,18
30142,6
30144,18
30144,23
30144,33
30144,34
30145,60
30146,23
30147,23
30148,32
30151,32
30151,109
30152,32
30153,32
30154,32
30155,32
30156,32
30160,1
30160,37
30160,40
30160,43
30160,92
30165,49
30166,33
30166,34
30167,32
30168,23
30169,23
30170,23
30171,97
30172,1
30172,37
30172,77
30172,92
30173,32
30174,32
30175,33
30176,33
30177,33
30178,33
30179,33
30180,18
30180,44
30181,33
30181,34
30182,33
30182,34
30183,44
30183,90
30184,44
30184,90
30185,44
30185,90
30192,95
30193,77
30194,77
30196,33
30197,33
30198,33
30200,109
30203,53
30204,53
30205,27
30205,43
30207,53
30208,27
30208,43
30209,71
30213,77
30214,71
30215,71
30216,49
30217,49
30218,49
30219,23
30220,18
30221,71
30222,109
30223,109
30224,109
30225,109
30226,109
30227,109
30228,109
30229,109
30230,109
30231,109
30232,109
30233,71
30234,71
30235,71
30236,71
30237,71
30238,71
30239,71
30240,71
30241,71
30242,71
30243,71
30244,71
30245,71
30246,71
30247,71
30248,71
30249,71
30250,40
30250,43
30250,77
30251,40
30251,43
30251,77
30252,40
30252,43
30252,77
30253,109
30254,109
30255,109
30256,7
30257,7
30258,7
30260,18
30260,49
30261,50
30262,50
30264,69
30265,33
30265,34
30266,33
30266,34
30267,33
30267,34
30268,33
30268,34
30269,33
30269,34
30270,33
30270,34
30271,33
30271,34
30272,33
30272,34
30273,18
30284,97
30285,97
30286,53
30287,23
30287,44
30288,18
30289,69
30290,77
30291,37
30291,71
30292,33
30292,34
30293,33
30293,34
30294,21
30295,21
30296,21
30297,21
30298,18
30300,97
30301,97
30302,97
30303,97
30305,97
30307,49
30308,49
30309,8
30310,8
30311,8
30311,44
30312,8
30313,8
30314,8
30315,8
30316,32
30317,32
30319,6
30320,6
30321,18
30321,44
30322,18
30322,44
30323,18
30323,44
30324,18
30324,44
30325,97
30326,97
30327,49
30328,49
30329,33
30329,34
30330,33
30330,34
30331,18
30331,23
30331,33
30331,34
30334,59
30335,59
30336,1
30336,43
30336,92
30337,21
30338,69
30339,69
30340,18
30341,18
30343,97
30344,97
30345,32
30346,13
30347,13
30348,27
30348,43
30348,56
30349,23
30350,23
30351,23
30352,8
30353,18
30354,18
30355,37
30355,92
30357,37
30357,77
30358,18
30358,23
30358,33
30359,18
30360,18
30361,69
30362,69
30363,69
30364,49
30365,69
30366,109
30367,109
30368,109
30372,44
30373,69
30374,69
30375,69
30376,18
30377,1
30377,37
30377,40
30377,92
30378,1
30378,37
30378,40
30378,92
30379,1
30379,37
30379,40
30379,92
30380,1
30380,37
30380,40
30380,92
30381,8
30382,8
30383,8
30384,77
30386,23
30387,77
30388,77
30389,77
30390,32
30391,69
30392,69
30393,69
30393,109
30394,69
30394,109
30395,23
30396,23
30396,32
30397,23
30397,32
30400,23
30400,32
30401,44
30402,32
30403,18
30403,23
30403,33
30403,34
30404,23
30405,23
30406,23
30407,1
30407,37
30407,77
30407,92
30408,1
30408,37
30408,77
30408,92
30409,1
30409,37
30409,77
30409,92
30410,18
30410,33
30410,34
30411,23
30412,32
30412,109
30413,109
30414,109
30415,109
30416,109
30417,109
30418,109
30419,109
30420,109
30421,32
30422,32
30423,32
30424,23
30425,49
30426,49
30427,49
30428,59
30429,59
30430,59
30431,27
30431,43
30431,56
30432,93
30433,93
30434,93
30435,18
30436,18
30438,18
30439,32
30439,33
30439,34
30440,71
30441,71
30442,71
30443,71
30444,6
30445,23
30446,23
30447,109
30448,44
30449,18
30449,33
30449,34
30449,44
30450,18
30451,18
30451,49
30452,18
30452,49
30453,109
30454,109
30455,18
30456,18
30458,46
30459,18
30461,40
30462,40
30463,21
30464,10
30465,10
30466,10
30467,23
30468,109
30469,33
30469,34
30470,32
30471,32
30472,32
30473,32
30474,77
30479,97
30481,109
30482,109
30483,109
30484,109
30485,109
30486,109
30487,109
30488,109
30489,41
30490,41
30491,41
30492,27
30492,43
30492,56
30493,27
30493,43
30493,56
30494,27
30494,43
30494,56
30495,27
30495,43
30495,56
30496,23
30497,77
30498,60
30499,60
30503,23
30503,32
30509,18
30510,18
30511,18
30512,18
30513,18
30514,18
30515,18
30516,18
30517,18
30518,18
30519,18
30520,18
30521,18
30522,18
30523,21
30524,21
30526,23
30528,32
30529,32
30530,1
30530,77
30530,92
30531,1
30531,77
30531,92
30532,1
30532,77
30532,92
30533,1
30533,37
30533,92
30534,7
30535,7
30536,44
30537,44
30538,44
30539,18
30540,18
30540,49
30541,18
30544,109
30545,109
30546,33
30546,34
30547,33
30547,34
30548,33
30548,34
30549,33
30549,34
30550,33
30551,33
30551,34
30552,32
30554,69
30555,77
30556,33
30556,34
30557,33
30557,34
30563,49
30564,69
30565,69
30566,69
30567,18
30568,109
30569,109
30570,109
30571,109
30572,77
30577,6
30578,6
30579,95
30582,23
30582,32
30583,97
30584,23
30584,37
30585,13
30586,13
30587,13
30588,18
30589,18
30590,18
30591,18
30592,18
30593,18
30594,18
30595,18
30596,18
30597,32
30598,32
30599,32
30600,32
30601,32
30602,32
30603,18
30603,33
30604,49
30605,49
30606,37
30606,71
30607,18
30607,44
30608,55
30609,55
30610,95
30611,1
30611,37
30611,77
30611,92
30612,1
30612,37
30612,77
30612,92
30613,1
30613,37
30613,77
30613,92
30614,21
30615,32
30616,32
30618,49
30619,23
30620,77
30621,18
30621,33
30621,34
30623,18
30624,18
30624,33
30624,34
30625,1
30625,92
30626,1
30626,92
30627,10
30628,23
30629,23
30630,23
30631,23
30632,44
30633,18
30633,44
30635,18
30636,59
30637,23
30638,23
30639,18
30640,18
30641,69
30642,69
30643,109
30644,78
30645,49
30646,49
30647,49
30648,49
30649,49
30651,23
30652,23
30653,77
30655,34
30655,71
30657,33
30657,34
30658,33
30658,34
30659,33
30659,34
30661,77
30662,21
30663,21
30664,21
30665,21
30666,21
30667,21
30668,21
30669,21
30670,21
30671,21
30672,21
30673,23
30674,23
30676,27
30676,43
30676,56
30677,27
30677,43
30677,56
30678,109
30679,109
30680,109
30681,109
30682,109
30683,109
30684,37
30684,71
30685,18
30685,23
30686,18
30689,18
30689,34
30699,33
30699,34
30700,33
30700,34
30701,33
30701,34
30702,33
30702,34
30703,33
30703,34
30704,33
30704,34
30705,18
30705,34
30706,18
30706,34
30707,18
30707,34
30709,23
30710,69
30711,52
30712,44
30713,95
30714,95
30715,89
30717,89
30718,89
30719,18
30720,18
30721,33
30721,34
30722,18
30723,18
30724,18
30725,18
30726,18
30727,6
30728,69
30729,69
30730,69
30735,49
30736,33
30736,34
30737,6
30738,71
30740,21
30741,21
30742,105
30743,32
30744,44
30744,49
30745,49
30746,44
30746,49
30747,21
30748,109
30749,109
30750,109
30751,109
30752,109
30753,109
30754,109
30755,109
30756,109
30757,109
30758,109
30759,18
30759,44
30760,18
30760,44
30761,33
30761,34
30761,44
30762,6
30763,6
30764,6
30765,6
30766,6
30767,77
30768,35
30769,35
30770,35
30771,44
30771,49
30772,44
30772,49
30773,49
30774,49
30775,23
30776,78
30777,18
30777,33
30777,44
30778,18
30778,33
30779,18
30779,33
30780,18
30781,18
30781,33
30782,18
30782,33
30783,6
30784,32
30785,32
30786,32
30787,32
30788,32
30789,23
30790,44
30791,37
30792,37
30793,37
30794,37
30794,71
30795,23
30796,18
30796,44
30797,18
30797,44
30798,18
30798,44
30799,18
30799,44
30800,18
30800,44
30801,18
30801,44
30802,18
30802,44
30803,18
30803,44
30804,18
30804,44
30805,18
30805,44
30806,18
30806,44
30807,18
30807,44
30808,33
30808,34
30809,27
30809,43
30809,56
30810,77
30811,35
30812,32
30813,60
30814,77
30815,77
30816,77
30817,77
30818,77
30819,18
30819,44
30820,18
30821,78
30824,95
30825,34
30826,34
30827,34
30828,34
30829,34
30830,18
30831,18
30832,18
30833,49
30834,49
30835,49
30836,49
30838,56
30838,77
30839,32
30839,33
30839,34
30840,35
30841,35
30842,21
30843,21
30844,33
30844,34
30845,109
30846,59
30847,27
30847,43
30847,56
30848,27
30848,43
30848,56
30849,27
30849,43
30849,56
30850,27
30850,43
30850,56
30851,8
30851,77
30852,18
30853,23
30853,32
30854,23
30854,32
30855,23
30856,23
30857,77
30858,21
30859,46
30860,46
30861,46
30862,46
30863,10
30864,69
30865,69
30866,69
30867,69
30869,34
30872,97
30872,109
30873,109
30874,109
30875,109
30876,109
30877,109
30878,109
30879,109
30880,109
30881,109
30882,109
30883,109
30884,109
30885,109
30886,18
30886,44
30887,18
30887,44
30888,18
30888,44
30889,1
30889,37
30889,40
30889,43
30889,92
30890,1
30890,37
30890,40
30890,43
30890,92
30891,1
30891,37
30891,40
30891,43
30891,92
30892,1
30892,37
30892,40
30892,43
30892,92
30893,23
30893,44
30894,69
30895,69
30896,69
30897,77
30898,18
30899,1
30899,37
30899,77
30899,92
30900,1
30900,37
30900,77
30900,92
30901,1
30901,37
30901,77
30901,92
30902,33
30902,34
30903,33
30903,34
30904,33
30904,34
30905,33
30905,34
30906,13
30907,18
30908,18
30909,27
30909,43
30909,56
30914,18
30915,18
30916,18
30917,18
30918,18
30919,18
30920,18
30921,77
30922,77
30923,77
30924,44
30925,18
30925,23
30925,33
30925,34
30926,18
30926,23
30926,33
30926,34
30928,77
30929,77
30930,18
30930,32
30930,44
30931,44
30931,90
30932,66
30933,66
30934,66
30935,66
30936,66
30937,66
30938,66
30939,66
30940,66
30941,66
30942,66
30943,66
30944,66
30945,66
30946,66
30947,6
30948,105
30949,105
30950,105
30951,105
30952,105
30953,105
30954,105
30955,105
30956,105
30957,105
30958,105
30959,105
30960,59
30961,18
30964,77
30965,1
30965,43
30965,92
30966,1
30966,43
30966,92
30967,1
30967,43
30967,92
30968,1
30968,43
30968,92
30969,49
30970,21
30971,21
30972,21
30973,109
30974,23
30974,32
30975,37
30975,71
30976,37
30976,71
30977,37
30977,71
30978,37
30978,71
30979,37
30979,71
30980,35
30980,97
30982,105
30984,27
30984,43
30984,56
30989,23
30989,44
30990,23
30990,44
30991,109
30992,109
30993,69
30993,109
30994,18
30996,18
30997,18
30998,32
30999,23
30999,44
31000,23
31000,44
31001,23
31001,44
31002,18
31002,44
31003,18
31003,44
31004,18
31004,44
31005,18
31005,44
31006,21
31007,23
31007,44
31008,23
31008,44
31012,23
31013,18
31014,18
31014,44
31015,18
31016,27
31016,43
31016,56
31017,27
31017,43
31017,56
31018,23
31018,32
31019,40
31019,77
31020,77
31021,87
31022,87
31023,87
31024,87
31025,87
31026,87
31027,87
31028,87
31029,87
31030,87
31031,87
31032,21
31033,69
31034,44
31035,44
31037,27
31037,43
31037,56
31038,27
31038,43
31038,56
31039,27
31039,43
31039,56
31040,18
31041,18
31042,18
31043,21
31044,21
31045,21
31046,21
31047,21
31048,21
31049,21
31050,21
31051,55
31052,55
31054,18
31055,18
31056,1
31056,37
31056,40
31056,77
31056,92
31058,18
31059,69
31060,1
31060,43
31060,92
31061,1
31061,43
31061,92
31062,1
31062,43
31062,92
31063,18
31063,23
31064,69
31064,77
31065,69
31065,77
31066,18
31066,23
31066,33
31066,34
31067,77
31068,27
31068,43
31068,56
31069,18
31070,103
31071,77
31072,95
31073,27
31073,43
31073,56
31074,27
31074,43
31074,56
31075,27
31075,43
31075,56
31076,27
31076,43
31076,56
31077,57
31078,57
31079,57
31080,57
31081,57
31084,23
31084,44
31085,23
31085,44
31086,21
31087,21
31088,21
31089,18
31090,23
31091,44
31092,18
31093,69
31094,69
31095,69
31096,69
31097,21
31098,21
31099,21
31100,69
31101,59
31103,33
31103,34
31104,33
31104,34
31105,97
31106,97
31107,97
31108,59
31109,97
31110,27
31110,43
31110,56
31111,27
31111,43
31111,56
31112,1
31112,37
31112,92
31113,18
31113,23
31114,44
31115,44
31116,23
31116,44
31117,23
31117,44
31118,23
31118,44
31119,18
31120,18
31121,1
31121,37
31121,40
31121,43
31121,92
31124,35
31125,35
31126,35
31127,27
31127,43
31127,56
31128,32
31130,8
31132,32
31133,32
31134,33
31134,34
31135,59
31138,59
31139,38
31140,38
31141,23
31141,32
31142,71
31143,71
31144,71
31145,109
31146,109
31147,18
31148,18
31149,18
31150,103
31151,103
31160,1
31160,23
31161,1
31161,23
31162,23
31163,105
31164,105
31165,33
31165,34
31166,23
31167,18
31168,23
31169,69
31170,69
31171,1
31171,43
31171,92
31172,1
31172,43
31172,92
31173,1
31173,43
31173,92
31174,1
31174,43
31174,92
31175,1
31175,43
31175,92
31176,18
31177,18
31178,69
31179,69
31180,69
31181,69
31182,49
31183,97
31184,97
31185,97
31188,7
31189,7
31190,71
31191,71
31192,34
31193,34
31194,34
31196,34
31197,69
31198,69
31199,77
31200,77
31201,21
31202,18
31203,18
31204,18
31205,18
31206,6
31207,92
31208,1
31208,43
31208,92
31209,18
31210,18
31211,18
31212,18
31213,18
31214,77
31215,18
31216,37
31216,71
31217,23
31218,23
31219,23
31220,23
31221,23
31222,40
31222,43
31223,40
31223,43
31224,40
31224,43
31225,40
31225,43
31226,40
31226,43
31227,32
31227,44
31227,59
31228,23
31229,18
31229,44
31230,49
31231,49
31232,66
31233,59
31234,78
31235,78
31236,37
31236,71
31237,18
31238,27
31238,43
31238,56
31239,27
31239,43
31239,56
31240,27
31240,43
31240,56
31241,27
31241,56
31242,21
31244,77
31245,77
31246,18
31246,77
31247,77
31248,77
31249,77
31250,37
31250,71
31253,18
31254,18
31255,18
31258,35
31258,97
31259,18
31260,109
31261,109
31262,69
31263,69
31264,69
31265,32
31266,69
31267,69
31268,69
31269,69
31270,69
31271,18
31271,23
31272,77
31273,23
31273,44
31274,23
31274,44
31275,23
31275,44
31276,23
31276,44
31278,23
31281,33
31281,34
31282,18
31282,23
31282,44
31293,71
31294,71
31295,71
31296,71
31297,71
31298,71
31299,71
31300,33
31300,34
31301,33
31301,34
31302,33
31302,34
31303,33
31303,34
31304,33
31304,34
31306,69
31307,37
31307,71
31308,109
31309,109
31310,109
31312,18
31313,23
31333,49
31334,109
31336,59
31337,33
31337,34
31338,33
31338,34
31339,18
31340,18
31340,93
31341,18
31341,93
31342,18
31342,93
31343,18
31343,93
31344,18
31344,93
31345,18
31345,93
31346,18
31346,93
31347,18
31348,23
31349,103
31350,103
31351,103
31352,44
31353,77
31356,23
31358,27
31358,43
31358,56
31359,27
31359,43
31359,56
31360,27
31360,43
31360,56
31361,109
31362,109
31363,46
31364,46
31365,46
31366,46
31367,8
31368,8
31369,95
31370,95
31371,95
31372,109
31373,109
31374,109
31375,109
31376,109
31377,109
31378,109
31379,69
31380,69
31381,18
31383,77
31384,95
31385,109
31386,77
31387,18
31387,23
31388,23
31388,33
31388,34
31389,23
31389,33
31389,34
31390,23
31391,44
31392,44
31393,23
31394,23
31395,23
31396,23
31397,23
31398,32
31398,109
31399,109
31400,109
31401,109
31402,109
31403,109
31404,109
31405,109
31406,109
31407,109
31408,109
31409,109
31410,109
31411,109
31412,109
31413,109
31414,109
31415,109
31416,109
31417,44
31419,23
31420,23
31421,18
31422,23
31423,23
31424,71
31425,18
31426,18
31427,18
31428,18
31429,23
31430,23
31431,23
31432,23
31433,23
31434,23
31435,23
31436,23
31437,23
31438,23
31439,46
31440,46
31441,23
31442,23
31443,23
31444,23
31445,27
31445,43
31445,56
31446,37
31446,71
31447,23
31448,71
31449,71
31452,1
31452,37
31452,92
31453,1
31453,37
31453,92
31454,1
31454,37
31454,92
31455,71
31456,1
31456,37
31456,92
31457,77
31458,77
31459,109
31460,23
31461,77
31462,23
31463,18
31463,44
31464,18
31464,97
31464,103
31465,23
31466,23
31467,77
31469,46
31470,47
31471,23
31471,32
31472,109
31474,37
31474,71
31475,23
31476,33
31476,34
31476,44
31477,33
31477,34
31477,44
31478,33
31478,34
31478,44
31479,18
31480,18
31483,37
31483,71
31484,109
31485,109
31486,109
31487,109
31488,18
31489,18
31490,18
31494,105
31495,105
31496,105
31497,105
31498,105
31499,105
31500,105
31501,105
31502,105
31503,105
31504,105
31505,105
31508,77
31510,59
31511,49
31512,49
31513,23
31514,32
31515,32
31516,32
31517,32
31518,32
31519,78
31520,78
31521,109
31522,109
31523,109
31524,109
31525,109
31526,109
31527,109
31528,109
31529,109
31530,77
31531,18
31531,23
31531,44
31532,18
31533,44
31533,77
31534,44
31534,77
31535,44
31535,77
31536,44
31536,77
31537,109
31538,23
31539,23
31542,37
31542,71
31543,49
31544,49
31545,44
31546,44
31547,44
31548,18
31548,44
31549,1
31549,92
31550,18
31551,18
31552,18
31553,44
31554,44
31555,1
31555,37
31555,92
31556,37
31556,71
31557,1
31557,37
31557,92
31558,18
31559,32
31560,23
31560,44
31561,18
31561,44
31563,77
31563,92
31564,1
31564,37
31564,40
31564,92
31565,1
31565,37
31565,40
31565,92
31566,1
31566,37
31566,40
31566,92
31567,23
31568,23
31569,23
31570,8
31571,8
31572,8
31573,8
31574,8
31575,8
31576,32
31577,37
31577,71
31578,18
31579,23
31580,16
31581,16
31582,16
31583,16
31584,16
31585,16
31586,18
31586,44
31587,18
31587,44
31588,18
31588,44
31589,1
31589,37
31589,40
31589,43
31589,92
31590,18
31591,49
31592,49
31593,33
31593,34
31594,33
31594,34
31595,33
31595,34
31596,33
31596,34
31597,33
31597,34
31598,33
31598,34
31599,33
31599,34
31600,33
31600,34
31601,33
31601,34
31602,33
31602,34
31603,33
31603,34
31604,33
31604,34
31606,23
31606,44
31607,23
31607,44
31614,44
31615,21
31616,27
31616,43
31616,56
31617,27
31617,43
31617,56
31618,18
31619,18
31620,27
31620,43
31620,56
31621,33
31621,34
31621,44
31622,27
31622,43
31622,56
31623,109
31624,109
31625,109
31626,109
31627,109
31628,109
31629,109
31630,109
31631,109
31632,109
31633,109
31634,27
31634,43
31634,56
31635,40
31635,77
31636,40
31636,77
31637,23
31638,32
31638,49
31639,32
31639,49
31640,23
31641,23
31642,23
31643,23
31644,23
31645,23
31646,77
31647,69
31648,69
31649,23
31649,44
31652,77
31653,26
31654,26
31655,26
31656,26
31657,26
31658,26
31659,26
31660,26
31661,26
31662,26
31663,26
31664,26
31666,18
31667,77
31668,77
31669,77
31670,1
31670,37
31670,77
31670,92
31671,77
31672,1
31672,37
31672,77
31672,92
31673,23
31674,18
31675,6
31681,18
31681,109
31682,18
31682,109
31683,109
31684,18
31685,18
31686,18
31687,18
31688,18
31688,33
31688,34
31689,18
31689,33
31689,34
31690,18
31690,33
31690,34
31691,18
31691,33
31691,34
31692,18
31692,33
31692,34
31693,18
31693,33
31693,34
31694,18
31694,33
31694,34
31695,18
31695,33
31695,34
31696,18
31696,33
31696,34
31697,105
31698,105
31699,18
31699,33
31699,34
31701,18
31701,33
31701,34
31702,18
31702,33
31702,34
31703,32
31703,109
31704,32
31704,109
31705,32
31705,109
31706,32
31706,109
31707,32
31707,109
31708,21
31709,32
31709,109
31710,33
31710,34
31712,27
31712,43
31713,37
31713,40
31713,77
31715,77
31716,77
31717,18
31717,93
31718,18
31718,93
31719,23
31721,55
31722,55
31723,55
31724,23
31725,23
31726,23
31727,97
31729,23
31739,32
31739,33
31739,34
31740,27
31740,43
31740,56
31741,32
31742,23
31746,33
31747,32
31748,32
31749,32
31750,37
31750,40
31751,40
31752,37
31752,40
31754,18
31755,18
31756,18
31758,77
31759,77
31760,77
31761,77
31762,55
31763,98
31764,98
31765,77
31766,77
31767,77
31768,109
31769,109
31770,109
31773,44
31774,37
31774,40
31775,37
31775,40
31776,37
31776,40
31777,37
31777,40
31779,35
31780,109
31781,109
31783,32
31784,32
31787,23
31788,23
31789,105
31790,105
31791,105
31792,69
31793,69
31794,69
31795,69
31796,69
31797,69
31798,69
31799,69
31800,69
31805,21
31806,49
31807,49
31808,27
31808,43
31808,56
31809,27
31809,43
31809,56
31810,18
31811,69
31812,8
31813,33
31813,34
31814,69
31815,32
31816,23
31817,84
31818,18
31820,23
31821,23
31824,18
31825,18
31826,95
31827,49
31828,49
31829,49
31830,44
31831,44
31832,49
31833,49
31834,49
31835,49
31836,23
31837,16
31838,16
31839,21
31840,97
31841,97
31842,97
31843,97
31844,23
31844,44
31845,109
31846,109
31847,109
31848,23
31849,23
31850,23
31851,23
31852,23
31853,23
31854,23
31855,69
31856,18
31857,18
31857,23
31858,109
31859,97
31860,23
31861,23
31862,23
31863,23
31864,23
31865,23
31866,1
31866,43
31866,92
31867,18
31868,32
31869,32
31870,33
31870,34
31871,59
31872,33
31872,34
31873,44
31873,90
31874,44
31874,90
31875,69
31876,69
31877,33
31877,34
31877,71
31877,105
31877,109
31878,33
31878,34
31878,71
31878,105
31878,109
31879,33
31879,34
31879,71
31879,105
31879,109
31880,33
31880,34
31880,71
31880,105
31880,109
31881,33
31881,34
31881,71
31881,109
31882,33
31882,34
31882,71
31882,105
31882,109
31883,33
31883,34
31883,71
31883,109
31884,33
31884,34
31884,71
31884,105
31884,109
31885,33
31885,34
31885,71
31885,105
31885,109
31886,33
31886,34
31886,71
31886,105
31886,109
31887,23
31888,23
31889,40
31889,43
31889,77
31890,18
31891,18
31892,18
31893,77
31895,77
31896,44
31897,44
31900,33
31900,34
31900,77
31901,23
31902,23
31903,23
31904,18
31904,23
31905,18
31906,23
31907,23
31908,32
31909,32
31910,32
31911,77
31912,27
31912,44
31913,27
31914,27
31914,43
31915,27
31916,21
31917,21
31918,23
31919,23
31920,23
31921,18
31922,109
31923,109
31924,109
31925,109
31926,109
31927,109
31928,32
31929,32
31930,32
31931,32
31932,32
31933,27
31933,43
31933,56
31934,1
31934,43
31934,92
31935,1
31935,43
31935,92
31936,1
31936,43
31936,92
31937,1
31937,43
31937,92
31941,18
31942,37
31942,71
31943,49
31944,49
31945,18
31946,18
31947,69
31948,33
31948,34
31949,33
31949,34
31950,33
31950,34
31951,23
31952,23
31953,23
31954,37
31954,71
31955,33
31955,34
31956,33
31956,34
31957,33
31957,34
31958,1
31958,37
31958,92
31959,21
31960,21
31961,21
31962,18
31962,64
31963,49
31964,49
31965,18
31966,77
31967,21
31968,21
31969,21
31970,21
31971,21
31972,21
31973,21
31974,21
31975,21
31976,21
31977,21
31978,21
31979,21
31980,21
31981,21
31985,37
31985,71
31986,37
31986,71
31987,37
31987,71
31988,18
31988,23
31991,50
31994,50
31997,27
31997,43
31997,56
31998,43
31998,92
31999,77
32004,37
32004,71
32005,49
32006,18
32006,77
32007,18
32008,18
32009,18
32010,77
32013,18
32014,18
32015,18
32016,18
32017,18
32018,18
32019,32
32020,32
32021,98
32022,69
32023,18
32023,93
32024,18
32024,93
32025,18
32026,77
32027,77
32028,109
32029,109
32030,97
32031,32
32032,32
32033,23
32034,23
32035,23
32036,23
32038,21
32039,18
32039,93
32040,18
32040,93
32041,27
32041,43
32041,56
32047,49
32048,49
32049,49
32050,49
32051,49
32053,18
32058,18
32059,23
32060,23
32061,23
32062,18
32062,93
32063,18
32063,93
32064,18
32064,93
32065,97
32066,97
32067,71
32068,71
32069,71
32071,77
32072,77
32073,77
32074,71
32075,71
32078,109
32079,109
32080,109
32081,109
32082,109
32083,109
32084,109
32085,109
32086,109
32087,109
32088,109
32090,71
32091,71
32092,71
32093,71
32094,18
32095,23
32096,23
32097,23
32098,23
32099,33
32099,34
32100,33
32100,34
32102,18
32103,18
32104,18
32105,18
32106,55
32107,18
32108,18
32110,49
32111,35
32111,97
32112,18
32113,92
32114,92
32115,92
32116,92
32117,92
32118,23
32119,23
32119,33
32119,34
32120,43
32120,92
32121,43
32121,92
32122,43
32122,92
32123,69
32124,18
32124,33
32125,109
32126,18
32127,103
32128,103
32130,77
32131,77
32132,32
32133,18
32134,18
32135,32
32136,32
32137,32
32138,23
32139,23
32140,109
32141,109
32142,109
32143,109
32144,109
32145,109
32146,109
32147,97
32148,97
32149,97
32150,97
32151,97
32152,7
32153,23
32154,23
32155,23
32156,23
32157,23
32158,23
32159,23
32160,23
32161,23
32162,23
32162,32
32163,109
32164,6
32166,18
32167,109
32168,109
32169,109
32170,109
32171,109
32172,109
32173,109
32174,109
32175,109
32176,109
32177,109
32178,109
32179,109
32181,37
32182,37
32183,37
32184,1
32184,37
32184,40
32184,92
32185,18
32186,44
32187,18
32188,109
32189,109
32190,109
32191,109
32192,109
32193,109
32194,109
32195,109
32196,109
32197,109
32198,109
32199,109
32200,109
32201,109
32202,33
32202,34
32203,109
32204,109
32205,109
32206,109
32207,109
32208,109
32209,109
32210,109
32211,109
32212,109
32213,109
32214,18
32214,44
32215,18
32215,44
32216,18
32217,18
32217,44
32218,18
32218,44
32219,18
32219,44
32220,33
32221,33
32222,109
32223,109
32224,109
32225,59
32226,77
32227,1
32227,37
32227,40
32227,92
32228,32
32229,23
32230,18
32231,44
32232,1
32232,37
32232,40
32232,92
32233,1
32233,37
32233,92
32234,1
32234,37
32234,40
32234,92
32235,1
32235,37
32235,40
32235,92
32236,1
32236,37
32236,40
32236,92
32238,18
32239,44
32240,32
32241,44
32242,1
32242,77
32242,92
32243,18
32243,23
32243,44
32244,27
32244,56
32245,18
32246,23
32246,32
32248,8
32249,69
32250,69
32251,69
32252,69
32253,69
32254,69
32255,18
32256,44
32257,44
32258,44
32259,44
32260,44
32261,18
32261,23
32261,44
32262,18
32262,23
32262,44
32263,18
32263,23
32263,44
32264,77
32265,77
32266,109
32267,109
32268,109
32269,97
32270,97
32272,38
32273,23
32274,109
32275,27
32275,43
32275,56
32276,66
32277,66
32278,66
32279,66
32280,109
32281,109
32282,109
32283,109
32284,109
32285,109
32286,109
32287,49
32288,109
32289,49
32290,66
32291,18
32291,44
32292,1
32292,37
32292,92
32293,23
32294,23
32295,23
32296,23
32297,49
32298,18
32298,44
32299,77
32300,69
32301,69
32302,69
32303,69
32304,18
32304,44
32305,18
32305,44
32306,18
32306,44
32307,18
32307,44
32308,18
32308,44
32309,18
32309,44
32310,18
32310,44
32311,18
32311,44
32312,18
32312,44
32313,18
32313,44
32314,23
32315,23
32316,23
32316,109
32317,23
32318,23
32318,109
32319,23
32319,109
32320,23
32320,109
32321,23
32321,109
32322,71
32323,23
32323,109
32324,23
32324,109
32325,23
32325,109
32326,23
32326,109
32327,23
32327,109
32328,23
32328,109
32329,23
32329,109
32331,1
32331,37
32331,40
32331,43
32331,92
32332,21
32333,21
32334,32
32334,44
32335,32
32335,44
32336,32
32336,33
32336,34
32336,44
32337,23
32338,23
32339,23
32340,23
32341,23
32342,32
32344,7
32345,32
32345,44
32346,33
32346,34
32347,33
32347,34
32348,33
32348,34
32349,33
32349,34
32350,33
32350,34
32351,33
32351,34
32352,33
32352,34
32353,21
32354,21
32355,21
32356,21
32357,21
32358,21
32359,18
32360,69
32361,44
32361,48
32362,33
32362,34
32363,23
32364,23
32365,27
32365,43
32365,56
32366,23
32367,21
32368,21
32369,23
32370,23
32371,38
32372,44
32373,38
32375,23
32376,23
32377,109
32378,69
32379,18
32379,44
32380,18
32381,18
32381,44
32382,92
32383,18
32384,18
32385,18
32386,109
32387,109
32388,18
32389,18
32390,109
32393,18
32394,18
32395,18
32396,18
32397,18
32398,18
32399,98
32400,18
32401,18
32402,18
32403,18
32404,18
32405,109
32406,1
32406,43
32406,92
32407,33
32407,34
32408,77
32409,95
32410,95
32411,95
32412,95
32413,23
32414,23
32415,23
32416,1
32416,43
32416,92
32417,18
32417,44
32418,41
32419,21
32420,21
32421,21
32422,21
32423,32
32423,44
32424,21
32425,21
32426,23
32426,44
32427,18
32428,18
32429,84
32430,77
32431,108
32432,6
32433,6
32434,6
32435,6
32436,6
32437,6
32438,21
32439,21
32440,21
32441,21
32442,21
32443,21
32444,21
32445,21
32446,21
32447,8
32448,6
32449,6
32450,6
32451,95
32452,95
32453,77
32454,32
32455,90
32456,21
32457,21
32458,21
32459,32
32460,32
32461,32
32462,32
32463,32
32465,32
32466,32
32467,1
32467,37
32467,40
32467,43
32467,92
32468,44
32468,48
32469,18
32470,18
32471,23
32472,44
32473,44
32474,44
32475,44
32476,44
32477,44
32478,44
32479,44
32480,44
32481,44
32482,44
32483,44
32484,44
32485,44
32486,44
32487,44
32488,44
32489,44
32490,44
32491,44
32493,44
32494,44
32495,44
32496,44
32497,23
32497,44
32498,44
32499,44
32500,44
32501,44
32502,95
32503,21
32508,23
32508,32
32510,18
32510,23
32511,6
32512,21
32513,44
32514,69
32515,109
32516,109
32517,109
32518,109
32519,109
32520,109
32524,95
32525,59
32526,59
32527,33
32528,23
32529,23
32530,23
32534,23
32535,23
32536,18
32537,18
32538,18
32539,18
32540,18
32541,18
32542,18
32543,18
32544,40
32544,43
32545,18
32547,23
32550,18
32551,18
32551,44
32552,44
32554,44
32554,48
32555,49
32556,49
32557,18
32558,18
32559,109
32560,23
32561,23
32562,32
32563,32
32564,18
32564,23
32564,33
32564,34
32566,97
32567,97
32568,97
32569,97
32570,46
32571,18
32572,44
32573,44
32574,44
32575,44
32576,44
32577,44
32578,44
32579,44
32580,44
32581,44
32582,44
32583,44
32584,44
32585,44
32586,44
32587,44
32588,44
32589,44
32590,44
32591,44
32592,44
32593,44
32594,44
32595,44
32596,44
32597,44
32598,44
32599,44
32600,44
32602,18
32603,18
32604,18
32605,109
32606,109
32607,109
32608,109
32609,109
32610,23
32611,23
32612,49
32613,49
32614,18
32614,23
32616,18
32617,18
32618,109
32619,109
32620,109
32621,109
32622,109
32623,109
32624,109
32625,109
32626,109
32627,109
32628,18
32629,18
32630,18
32631,35
32631,97
32632,35
32632,97
32633,35
32633,97
32634,35
32634,97
32637,18
32638,18
32639,109
32640,109
32641,109
32642,109
32643,109
32644,109
32645,109
32646,109
32647,109
32648,109
32649,109
32650,33
32650,34
32651,33
32651,34
32652,33
32652,34
32653,33
32653,34
32654,109
32655,109
32656,109
32657,109
32658,109
32659,109
32660,109
32661,109
32662,109
32663,109
32664,21
32665,21
32666,21
32667,21
32668,21
32669,109
32670,109
32675,18
32676,18
32677,18
32678,18
32679,18
32680,18
32681,18
32682,18
32683,18
32684,18
32685,18
32686,18
32687,18
32688,18
32689,10
32690,10
32691,18
32692,18
32693,109
32697,21
32698,23
32700,18
32701,18
32702,18
32703,105
32704,109
32705,109
32706,109
32707,109
32708,109
32709,109
32710,109
32711,109
32712,35
32712,97
32713,97
32714,35
32714,97
32715,35
32715,97
32716,49
32717,49
32718,49
32719,23
32720,23
32721,23
32722,23
32723,23
32724,18
32725,69
32726,69
32727,69
32728,109
32729,109
32730,109
32731,35
32731,97
32732,35
32732,97
32733,97
32734,35
32734,97
32735,23
32735,32
32736,23
32736,32
32737,18
32738,32
32747,44
32748,44
32749,49
32756,109
32757,109
32758,71
32759,35
32759,97
32760,35
32760,97
32761,77
32762,77
32763,32
32764,32
32765,23
32766,23
32767,23
32768,23
32769,23
32770,18
32771,18
32772,69
32773,69
32774,69
32775,69
32776,37
32776,71
32777,37
32777,71
32778,44
32778,48
32779,109
32780,109
32781,109
32782,109
32786,23
32789,23
32790,32
32791,49
32791,69
32791,77
32792,49
32792,69
32792,77
32793,49
32793,69
32793,77
32797,77
32799,18
32799,34
32800,23
32802,8
32803,69
32804,69
32805,32
32806,109
32807,109
32808,109
32809,23
32810,18
32811,32
32812,23
32812,32
32813,23
32813,32
32814,44
32814,90
32815,21
32816,32
32817,23
32819,95
32820,32
32821,18
32822,23
32823,23
32824,69
32825,44
32826,44
32836,44
32838,18
32839,35
32839,97
32840,35
32840,97
32841,109
32849,23
32850,23
32851,109
32852,109
32853,77
32855,49
32856,49
32857,35
32858,35
32859,49
32860,49
32861,8
32862,44
32863,21
32864,44
32864,109
32865,44
32874,32
32875,32
32876,32
32877,109
32878,109
32879,109
32880,109
32881,109
32882,109
32883,109
32884,109
32885,109
32886,109
32887,109
32888,44
32889,44
32890,44
32891,44
32892,18
32893,18
32894,18
32895,66
32896,69
32897,109
32898,109
32899,109
32900,109
32901,109
32902,18
32902,33
32902,34
32903,18
32903,33
32903,34
32904,18
32904,33
32904,34
32905,18
32905,33
32905,34
32906,18
32907,32
32910,92
32915,23
32916,69
32917,69
32918,49
32919,49
32921,18
32922,18
32923,33
32923,34
32924,1
32924,37
32925,103
32926,103
32927,103
32928,103
32929,69
32930,69
32937,77
32938,44
32939,49
32940,109
32941,21
32942,21
32943,38
32944,38
32945,38
32946,38
32947,38
32948,6
32949,21
32950,21
32951,21
32952,49
32955,18
32955,105
32956,18
32956,105
32957,18
32957,105
32958,18
32958,105
32959,18
32959,105
32960,18
32960,105
32961,18
32961,105
32962,18
32962,105
32963,105
32964,105
32965,105
32966,105
32967,105
32968,105
32969,105
32970,105
32971,18
32971,105
32972,18
32972,105
32973,18
32973,105
32974,18
32974,105
32975,77
32976,77
32977,71
32978,35
32980,18
32981,32
32982,109
32983,109
32984,109
32985,18
32985,93
32986,32
32987,33
32987,34
32988,23
32989,18
32990,18
32991,109
32992,109
32993,109
32994,109
32995,109
32996,109
32997,109
32998,77
32999,69
32999,109
33000,69
33001,69
33002,18
33002,23
33015,95
33016,95
33017,95
33018,105
33019,105
33020,8
33021,8
33022,8
33023,8
33024,8
33025,44
33026,23
33027,18
33027,109
33028,109
33029,17
33030,17
33033,38
33034,78
33035,78
33036,78
33037,21
33037,77
33038,78
33039,78
33040,78
33042,21
33042,77
33043,58
33048,58
33049,34
33051,18
33052,32
33053,32
33054,32
33055,32
33056,32
33057,1
33057,37
33057,92
33062,69
33065,18
33069,44
33069,77
33070,7
33071,18
33071,33
33071,34
33072,78
33076,71
33079,69
33080,69
33082,69
33092,21
33093,37
33093,71
33094,18
33095,18
33096,18
33097,18
33098,18
33099,18
33100,18
33101,18
33102,18
33103,18
33104,18
33105,18
33106,18
33107,18
33108,18
33109,18
33110,18
33111,18
33112,103
33113,17
33114,17
33115,18
33115,33
33115,34
33116,45
33120,23
33121,23
33122,18
33123,32
33123,49
33126,109
33127,109
33128,109
33129,109
33130,109
33131,109
33132,109
33133,109
33134,109
33135,109
33136,109
33137,109
33138,23
33139,109
33140,109
33141,109
33142,109
33143,109
33144,44
33144,109
33145,44
33145,109
33146,44
33146,109
33147,59
33148,59
33149,59
33150,59
33151,44
33152,44
33152,109
33153,44
33153,109
33154,44
33154,109
33155,44
33155,109
33156,38
33157,38
33158,38
33159,38
33160,38
33161,38
33162,38
33174,13
33176,92
33178,69
33179,69
33180,33
33180,34
33181,13
33182,23
33183,92
33184,21
33185,98
33186,98
33187,98
33188,98
33189,18
33190,98
33191,18
33191,44
33192,98
33193,98
33194,98
33195,98
33196,98
33197,98
33198,98
33199,18
33200,98
33201,98
33203,98
33204,98
33210,52
33211,77
33212,77
33213,77
33215,23
33216,18
33217,23
33218,105
33219,105
33220,105
33221,44
33221,48
33222,44
33222,109
33223,44
33223,109
33224,59
33225,59
33226,23
33227,35
33229,35
33230,90
33231,44
33231,90
33232,44
33232,90
33233,109
33234,109
33235,109
33236,109
33237,109
33238,109
33239,109
33240,109
33241,109
33242,109
33243,109
33244,109
33245,109
33246,109
33247,109
33248,109
33249,109
33250,109
33251,109
33252,109
33253,109
33254,109
33255,109
33256,109
33257,109
33258,109
33259,109
33260,109
33261,109
33262,109
33263,109
33264,109
33265,109
33266,109
33267,109
33268,109
33269,109
33270,109
33271,109
33272,109
33273,109
33274,109
33275,109
33276,109
33277,109
33278,109
33279,44
33280,44
33281,44
33282,44
33283,44
33284,44
33285,44
33286,109
33287,109
33288,109
33289,109
33290,109
33291,109
33292,109
33293,109
33294,109
33295,77
33296,23
33297,23
33298,37
33298,71
33299,18
33300,18
33301,97
33302,97
33303,32
33304,109
33305,109
33306,109
33307,109
33308,109
33309,109
33310,109
33311,109
33312,109
33314,109
33315,109
33316,109
33317,109
33318,109
33319,109
33320,109
33321,109
33322,109
33323,77
33324,109
33325,109
33326,109
33328,109
33329,77
33330,18
33331,109
33332,23
33333,23
33334,23
33335,23
33336,109
33337,109
33338,109
33339,109
33340,109
33341,109
33342,109
33343,109
33344,109
33345,109
33346,109
33347,109
33348,109
33349,109
33350,109
33351,109
33352,109
33353,109
33354,69
33355,69
33356,109
33357,69
33358,23
33359,69
33360,69
33361,109
33362,109
33363,109
33364,109
33365,109
33366,109
33367,109
33368,21
33369,21
33370,21
33371,109
33372,109
33373,109
33374,109
33375,109
33376,109
33377,109
33378,109
33379,109
33380,109
33381,27
33381,43
33382,109
33383,109
33384,109
33385,109
33386,109
33390,109
33391,109
33392,109
33393,109
33394,109
33395,109
33396,109
33397,109
33398,109
33399,109
33400,109
33401,109
33402,109
33403,18
33404,18
33405,18
33406,18
33407,18
33407,44
33408,18
33409,18
33411,23
33412,35
33413,35
33414,1
33414,37
33414,40
33414,92
33415,1
33415,37
33415,40
33415,92
33416,1
33416,37
33416,40
33416,92
33417,18
33418,49
33419,18
33420,18
33421,18
33423,18
33423,44
33424,21
33425,21
33426,18
33426,23
33426,33
33426,34
33427,34
33429,77
33430,77
33432,49
33433,23
33435,109
33436,109
33437,109
33438,109
33439,109
33440,109
33441,109
33442,109
33443,109
33444,109
33445,109
33446,109
33447,109
33448,109
33449,109
33450,109
33451,109
33452,109
33453,109
33454,109
33455,44
33457,44
33458,18
33459,32
33459,44
33460,18
33460,23
33461,69
33462,69
33463,69
33464,69
33465,69
33469,44
33470,109
33471,109
33472,109
33473,109
33474,49
33475,18
33475,44
33476,18
33476,44
33477,18
33477,44
33478,77
33479,77
33480,77
33481,44
33482,69
33483,69
33484,69
33485,78
33486,78
33487,78
33497,32
33499,109
33500,109
33501,109
33502,109
33503,109
33504,109
33505,109
33506,109
33507,109
33508,109
33509,109
33510,109
33511,109
33512,109
33513,109
33514,109
33515,109
33516,23
33517,23
33518,1
33518,43
33518,92
33519,59
33520,59
33521,1
33521,40
33521,43
33521,92
33524,21
33525,21
33530,109
33531,109
33532,69
33533,18
33534,18
33535,8
33536,8
33537,32
33538,8
33539,77
33540,37
33541,37
33542,37
33543,109
33544,109
33545,6
33546,6
33547,8
33548,23
33549,103
33550,32
33551,32
33552,32
33553,8
33554,8
33555,8
33556,8
33557,23
33558,23
33559,18
33560,23
33561,23
33562,23
33563,32
33564,32
33565,32
33566,32
33567,6
33568,23
33568,32
33569,46
33570,33
33570,34
33571,46
33572,46
33573,46
33574,46
33575,46
33576,71
33577,71
33578,77
33579,67
33580,33
33580,34
33581,21
33582,23
33583,18
33584,18
33585,18
33586,18
33587,109
33588,109
33589,32
33590,21
33591,21
33592,23
33592,44
33593,18
33593,23
33594,44
33594,48
33595,44
33595,48
33596,44
33597,44
33598,18
33606,18
33607,1
33607,37
33607,92
33608,40
33608,77
33608,92
33609,40
33609,77
33609,92
33610,69
33611,40
33613,37
33613,71
33614,37
33614,71
33615,37
33615,71
33616,109
33617,18
33618,18
33619,18
33620,18
33621,18
33622,21
33623,27
33623,43
33623,56
33624,69
33625,33
33626,109
33627,21
33628,21
33629,87
33630,18
33631,27
33631,43
33631,56
33632,27
33632,43
33632,56
33633,33
33633,34
33634,1
33634,37
33634,92
33635,21
33636,21
33637,21
33638,21
33639,37
33639,71
33640,32
33641,23
33641,77
33642,23
33643,23
33644,23
33645,23
33646,23
33648,77
33649,18
33653,18
33654,95
33655,95
33656,95
33657,109
33658,109
33659,109
33660,109
33661,44
33661,48
33662,44
33662,48
33663,77
33664,77
33665,77
33666,77
33667,18
33668,18
33669,40
33669,43
33670,40
33670,43
33671,40
33671,43
33672,40
33672,43
33673,69
33674,69
33675,23
33678,18
33678,44
33679,18
33679,44
33680,18
33680,44
33681,33
33681,34
33682,109
33687,21
33688,21
33692,69
33693,32
33694,32
33695,18
33696,33
33696,34
33697,33
33697,34
33698,109
33699,18
33702,32
33703,32
33704,32
33705,32
33706,32
33707,32
33708,40
33708,77
33709,18
33710,44
33711,44
33712,44
33713,44
33714,44
33715,8
33716,8
33717,8
33718,8
33719,8
33720,46
33721,46
33722,109
33723,109
33724,6
33725,69
33726,44
33727,44
33728,109
33729,1
33729,37
33729,40
33729,92
33730,23
33731,1
33731,37
33731,40
33731,92
33732,23
33733,71
33734,105
33735,59
33736,33
33737,33
33737,34
33740,23
33741,40
33741,77
33742,109
33743,109
33744,109
33745,38
33746,23
33747,23
33748,23
33749,18
33750,18
33751,18
33752,21
33753,21
33754,21
33756,49
33757,66
33758,66
33759,66
33760,109
33761,109
33762,1
33762,37
33762,77
33762,92
33763,1
33763,37
33763,77
33763,92
33764,1
33764,37
33764,77
33764,92
33765,1
33765,37
33765,77
33765,92
33766,109
33767,109
33768,23
33768,32
33769,23
33769,32
33770,23
33770,32
33771,23
33771,32
33772,23
33772,32
33773,23
33773,32
33774,77
33775,44
33776,109
33777,109
33778,109
33779,109
33780,6
33781,109
33782,109
33783,109
33784,109
33785,109
33786,109
33787,18
33787,33
33787,34
33787,44
33788,1
33788,37
33788,92
33789,1
33789,37
33789,92
33790,18
33790,64
33791,35
33791,97
33792,7
33796,109
33797,109
33798,109
33799,18
33799,64
33800,109
33801,69
33802,18
33803,18
33804,18
33805,18
33806,18
33806,23
33806,33
33806,34
33818,23
33818,32
33819,105
33820,37
33820,71
33821,66
33822,66
33823,66
33824,18
33824,77
33825,30
33825,92
33826,30
33826,92
33827,30
33827,92
33828,30
33828,92
33829,77
33830,21
33831,1
33831,37
33831,40
33831,92
33833,21
33834,21
33835,18
33835,66
33836,18
33836,66
33837,18
33837,66
33838,18
33838,66
33839,18
33839,66
33840,18
33840,66
33841,18
33841,66
33842,18
33843,10
33846,13
33847,77
33848,77
33849,77
33850,77
33851,34
33851,77
33852,34
33852,77
33853,34
33853,77
33854,77
33855,77
33856,77
33857,77
33858,77
33859,44
33860,109
33861,44
33861,109
33862,109
33863,109
33864,109
33865,109
33866,109
33867,109
33868,33
33868,34
33868,77
33869,23
33870,32
33871,32
33872,32
33873,32
33874,32
33875,32
33876,32
33877,32
33878,32
33879,1
33879,37
33879,40
33879,43
33879,92
33880,59
33881,35
33881,97
33882,35
33882,97
33883,109
33884,109
33885,109
33886,33
33886,34
33887,32
33888,6
33890,18
33891,18
33892,21
33893,18
33894,18
33895,8
33896,8
33898,59
33899,44
33899,90
33900,44
33900,90
33901,18
33901,23
33901,33
33901,34
33902,18
33903,35
33903,97
33905,109
33906,109
33907,109
33908,109
33909,77
33910,1
33910,37
33910,92
33911,1
33911,37
33911,92
33912,21
33912,71
33913,21
33913,71
33914,23
33915,6
33917,69
33918,69
33919,69
33920,21
33921,21
33922,21
33923,21
33924,21
33925,21
33925,77
33926,109
33927,18
33927,44
33928,1
33928,43
33928,92
33929,21
33930,21
33931,32
33931,77
33932,32
33932,77
33933,32
33933,77
33934,32
33934,77
33935,37
33935,71
33937,44
33937,93
33938,49
33939,37
33939,71
33940,32
33940,49
33942,18
33943,40
33943,43
33944,40
33944,43
33945,23
33946,23
33947,44
33948,1
33948,43
33948,92
33949,77
33950,77
33951,77
33952,18
33956,32
33957,18
33958,18
33960,95
33961,95
33971,1
33971,43
33971,92
33972,32
33973,109
33974,109
33975,109
33976,109
33977,109
33978,109
33979,109
33980,109
33982,9
33983,69
33984,69
33986,109
33987,109
33988,109
33989,43
33990,44
33991,44
33992,44
33993,32
33994,32
33998,18
33998,66
33999,66
34000,66
34004,66
34005,66
34006,23
34006,44
34007,23
34008,23
34008,44
34009,23
34010,87
34011,23
34012,23
34013,23
34014,18
34014,44
34015,18
34016,18
34017,18
34018,18
34018,23
34018,44
34019,109
34020,77
34021,18
34021,23
34022,18
34022,23
34023,109
34024,109
34025,109
34026,109
34027,109
34028,109
34029,44
34031,109
34032,109
34033,109
34034,66
34036,32
34038,18
34038,44
34039,18
34039,44
34040,32
34041,32
34042,27
34042,43
34042,56
34043,32
34044,71
34045,32
34046,32
34047,32
34048,32
34049,69
34052,69
34053,23
34055,1
34055,37
34055,92
34056,77
34059,32
34060,32
34061,55
34062,69
34063,6
34064,21
34066,44
34067,44
34068,95
34069,95
34070,103
34071,103
34072,1
34072,37
34072,40
34072,43
34072,92
34073,59
34073,109
34074,59
34075,32
34076,32
34077,32
34078,32
34079,32
34080,23
34081,23
34083,77
34084,77
34085,77
34086,77
34087,18
34087,23
34087,33
34087,34
34088,109
34089,95
34090,95
34091,95
34092,23
34093,18
34094,1
34094,37
34094,92
34095,1
34095,37
34095,92
34119,46
34120,46
34121,18
34122,18
34123,109
34124,109
34125,109
34126,109
34127,109
34128,23
34132,32
34133,35
34133,97
34134,35
34134,97
34135,35
34135,97
34136,103
34137,35
34137,97
34138,77
34139,77
34140,18
34141,18
34141,44
34142,32
34143,32
34144,32
34145,32
34147,49
34148,18
34149,18
34150,18
34156,18
34156,23
34157,32
34158,32
34159,32
34160,32
34161,32
34162,32
34163,18
34163,109
34164,18
34164,109
34165,69
34166,77
34167,77
34168,1
34168,37
34168,92
34169,78
34170,78
34171,52
34172,1
34172,37
34172,92
34173,59
34174,18
34175,18
34175,23
34175,33
34175,34
34175,44
34175,77
34176,105
34177,105
34178,69
34179,33
34179,34
34180,18
34180,44
34181,18
34181,44
34182,109
34183,77
34184,33
34184,34
34185,23
34185,32
34186,23
34186,32
34189,109
34190,18
34190,44
34191,1
34191,92
34192,109
34193,59
34195,109
34196,109
34200,23
34200,44
34201,23
34202,23
34203,23
34204,23
34205,18
34205,44
34207,32
34209,18
34209,64
34210,18
34210,64
34211,18
34211,64
34214,23
34214,32
34215,21
34216,37
34216,71
34217,38
34218,38
34219,69
34220,23
34220,44
34221,44
34221,93
34222,18
34223,18
34224,18
34225,18
34226,18
34227,18
34228,18
34229,40
34229,43
34230,40
34230,43
34231,69
34232,69
34237,69
34245,18
34245,93
34246,18
34246,93
34247,18
34247,93
34248,18
34248,93
34251,105
34252,18
34252,33
34252,34
34252,44
34253,18
34253,77
34254,23
34255,32
34256,32
34257,60
34258,33
34258,34
34259,33
34259,34
34260,33
34260,34
34261,33
34261,34
34262,33
34262,34
34263,33
34263,34
34264,33
34264,34
34265,33
34265,34
34266,18
34267,49
34268,18
34269,23
34269,32
34270,109
34271,109
34272,109
34273,109
34274,109
34275,109
34276,109
34277,109
34278,109
34288,23
34288,44
34289,23
34289,44
34290,18
34291,18
34291,23
34291,33
34291,34
34292,23
34292,32
34294,23
34294,44
34295,18
34301,69
34302,18
34302,23
34302,33
34302,34
34303,18
34303,23
34303,33
34303,34
34304,69
34305,18
34306,18
34308,77
34309,32
34310,32
34311,32
34312,23
34313,23
34314,18
34315,18
34316,18
34317,18
34318,18
34319,18
34320,40
34320,43
34320,77
34322,18
34323,18
34324,18
34325,18
34326,18
34327,18
34328,18
34331,49
34332,18
34332,93
34333,8
34334,49
34335,77
34336,109
34337,44
34338,44
34339,44
34340,44
34341,44
34342,44
34343,44
34344,44
34347,109
34348,109
34349,109
34350,18
34351,23
34352,105
34352,109
34353,105
34353,109
34354,105
34354,109
34355,109
34357,18
34358,18
34359,18
34360,18
34361,18
34363,18
34363,23
34364,56
34364,77
34365,56
34365,77
34366,33
34366,34
34367,69
34368,18
34369,77
34370,77
34371,77
34372,77
34373,18
34379,18
34380,18
34380,33
34380,34
34381,1
34381,37
34381,40
34381,43
34381,92
34382,1
34382,37
34382,40
34382,43
34382,92
34383,1
34383,37
34383,40
34383,43
34383,92
34384,32
34385,55
34386,55
34387,55
34388,55
34393,32
34394,23
34395,23
34396,69
34397,109
34398,109
34399,71
34400,44
34401,69
34402,1
34402,37
34402,40
34402,43
34402,92
34403,23
34403,44
34406,103
34407,109
34408,109
34409,109
34410,109
34411,18
34412,18
34413,18
34417,23
34418,23
34419,77
34420,77
34421,77
34422,23
34422,44
34424,109
34426,95
34427,95
34428,95
34429,95
34430,8
34431,8
34432,18
34433,97
34434,97
34435,18
34436,18
34437,18
34438,18
34439,18
34440,18
34441,18
34442,18
34442,100
34442,105
34443,105
34444,105
34445,105
34446,105
34447,105
34448,23
34449,49
34450,37
34450,92
34451,18
34453,18
34453,100
34453,105
34454,18
34454,100
34454,105
34455,18
34455,100
34455,105
34456,18
34456,105
34457,18
34457,105
34458,18
34458,105
34459,18
34459,105
34460,18
34460,105
34461,33
34461,44
34462,33
34462,34
34462,44
34465,33
34465,34
34466,33
34466,34
34467,33
34467,34
34468,33
34468,34
34469,33
34469,34
34470,33
34470,34
34471,33
34471,34
34472,18
34473,18
34474,18
34475,18
34476,18
34477,18
34478,18
34479,18
34480,18
34481,18
34482,23
34483,23
34484,32
34485,32
34486,32
34487,32
34488,97
34489,97
34490,97
34491,97
34492,97
34493,40
34493,43
34494,40
34494,43
34495,40
34495,43
34496,40
34496,43
34497,35
34498,109
34499,109
34500,109
34501,109
34502,109
34503,109
34504,109
34505,109
34506,109
34507,109
34508,109
34509,109
34510,109
34511,109
34512,109
34513,109
34514,109
34515,77
34516,56
34516,77
34517,56
34517,77
34518,18
34518,23
34519,109
34520,109
34521,109
34522,109
34523,109
34524,109
34525,109
34526,109
34527,109
34528,109
34529,109
34530,109
34531,109
34532,109
34533,109
34534,109
34535,109
34536,109
34537,109
34538,109
34539,109
34540,109
34541,109
34542,109
34543,109
34544,109
34545,109
34546,109
34547,109
34548,23
34549,23
34549,49
34550,69
34551,69
34554,32
34555,32
34556,32
34557,32
34558,32
34559,32
34560,109
34561,109
34562,109
34563,59
34564,18
34564,23
34565,109
34566,109
34567,109
34568,23
34569,23
34570,84
34571,58
34572,58
34573,58
34574,32
34574,33
34574,34
34575,32
34575,33
34575,34
34576,32
34576,33
34576,34
34577,32
34577,33
34577,34
34578,32
34578,33
34578,34
34579,32
34579,33
34579,34
34580,105
34581,105
34582,105
34583,69
34585,49
34586,49
34587,18
34588,32
34589,32
34590,1
34590,23
34591,18
34592,6
34593,1
34593,23
34594,1
34594,23
34596,49
34597,49
34598,97
34599,97
34600,23
34600,77
34601,23
34602,89
34605,44
34605,78
34606,44
34606,78
34607,43
34607,78
34608,10
34609,23
34610,23
34611,32
34612,18
34613,18
34614,18
34615,18
34616,37
34616,71
34617,37
34617,71
34618,69
34620,18
34620,44
34621,18
34622,35
34623,18
34623,44
34624,18
34625,18
34626,18
34630,69
34631,23
34632,109
34633,109
34634,109
34635,109
34636,109
34637,109
34638,109
34639,109
34640,109
34641,109
34642,109
34643,109
34644,109
34645,109
34646,18
34647,18
34648,69
34649,69
34650,23
34650,44
34651,23
34651,44
34652,23
34652,44
34653,18
34653,23
34654,69
34655,69
34656,69
34657,69
34658,27
34658,43
34658,56
34660,69
34665,23
34666,92
34667,92
34668,92
34669,92
34670,92
34671,105
34672,105
34673,105
34674,18
34676,18
34677,23
34678,18
34679,18
34680,97
34681,97
34683,69
34691,55
34692,18
34692,44
34693,18
34693,44
34694,18
34694,44
34695,18
34695,44
34696,18
34697,44
34699,32
34700,109
34701,109
34702,109
34703,109
34704,18
34704,44
34704,49
34705,18
34705,44
34706,18
34706,44
34706,59
34706,109
34707,18
34707,59
34707,109
34708,18
34708,44
34708,59
34708,109
34709,18
34709,44
34709,49
34710,18
34710,44
34711,18
34712,18
34712,44
34713,18
34713,49
34714,18
34715,18
34715,44
34715,109
34716,18
34716,44
34716,59
34716,109
34717,18
34718,18
34718,44
34718,59
34718,109
34719,18
34719,44
34719,59
34719,109
34720,37
34720,71
34721,34
34722,32
34727,23
34727,49
34728,59
34729,18
34730,18
34730,100
34730,105
34731,57
34732,57
34733,57
34734,57
34735,23
34735,32
34736,23
34737,33
34737,34
34737,77
34738,33
34738,34
34738,77
34739,33
34739,34
34739,77
34740,33
34740,34
34740,77
34741,10
34742,71
34743,18
34743,33
34743,34
34744,18
34744,33
34744,34
34745,18
34745,33
34745,34
34746,18
34746,33
34746,34
34747,18
34747,33
34747,34
34748,18
34748,33
34748,34
34749,18
34749,33
34749,34
34750,18
34750,33
34750,34
34751,18
34751,33
34751,34
34752,18
34752,33
34752,34
34753,18
34753,33
34753,34
34754,18
34754,33
34754,34
34755,18
34755,33
34755,34
34756,44
34757,44
34758,77
34759,77
34761,18
34764,77
34765,77
34766,77
34767,77
34768,6
34769,18
34770,49
34771,49
34772,49
34773,49
34774,49
34775,33
34775,34
34786,52
34787,32
34788,32
34789,32
34791,44
34791,48
34792,109
34793,105
34794,92
34795,49
34796,32
34797,32
34798,32
34799,27
34799,43
34799,56
34800,95
34801,95
34802,95
34803,95
34804,95
34805,33
34805,34
34806,33
34806,34
34807,33
34807,34
34808,109
34809,1
34809,37
34809,92
34810,105
34811,105
34812,105
34813,18
34813,44
34816,23
34817,23
34818,23
34819,77
34820,77
34821,8
34822,18
34823,69
34824,33
34824,34
34825,33
34825,34
34826,18
34827,18
34828,18
34829,18
34830,18
34831,18
34832,18
34833,18
34834,18
34835,18
34836,18
34837,109
34838,109
34839,109
34840,109
34841,109
34842,109
34843,109
34844,109
34845,109
34846,23
34846,32
34847,23
34847,32
34848,109
34849,18
34850,77
34851,77
34852,27
34852,43
34852,56
34853,18
34854,18
34855,18
34856,23
34856,49
34857,105
34858,105
34859,105
34860,105
34861,105
34862,8
34863,103
34864,34
34865,8
34866,34
34867,23
34869,109
34870,57
34871,69
34872,69
34873,18
34873,33
34873,44
34874,18
34874,33
34874,44
34875,21
34876,21
34877,21
34878,21
34879,21
34880,21
34881,21
34882,21
34883,21
34884,21
34885,10
34886,10
34887,18
34887,38
34888,23
34888,44
34889,18
34889,23
34889,34
34889,44
34890,18
34891,18
34892,18
34893,18
34894,23
34895,18
34895,23
34895,44
34896,18
34896,23
34896,44
34897,18
34898,23
34900,18
34900,109
34901,18
34901,109
34902,95
34903,109
34904,109
34905,109
34906,18
34907,23
34907,32
34908,49
34909,109
34910,109
34911,109
34912,109
34913,109
34914,32
34915,109
34916,59
34917,59
34924,18
34925,77
34927,23
34928,69
34929,69
34930,69
34931,69
34932,69
34933,109
34934,109
34935,109
34936,109
34937,109
34938,109
34939,109
34940,109
34941,109
34942,109
34943,109
34944,109
34945,23
34945,49
34946,23
34946,49
34947,23
34947,49
34948,23
34948,49
34949,23
34949,49
34950,23
34950,49
34951,23
34951,49
34952,23
34952,49
34953,23
34953,49
34954,23
34954,49
34955,23
34955,49
34956,23
34956,49
34957,23
34957,49
34958,23
34958,49
34960,18
34961,18
34962,18
34963,18
34964,18
34965,109
34966,109
34967,109
34968,18
34969,69
34970,69
34971,69
34972,69
34973,109
34974,97
34975,18
34975,23
34984,109
34985,23
34986,1
34986,92
34987,18
34988,37
34988,71
34989,37
34989,71
34990,21
34991,21
34992,14
34993,14
34994,14
34995,59
34996,59
34997,59
34998,59
34999,1
34999,43
34999,92
35000,59
35001,109
35002,59
35003,59
35004,59
35005,59
35006,40
35006,43
35007,18
35007,44
35008,18
35008,44
35009,37
35009,71
35010,37
35010,71
35011,37
35011,71
35012,37
35012,71
35013,37
35013,71
35014,37
35014,71
35015,37
35015,71
35016,37
35016,71
35017,44
35023,44
35025,18
35026,49
35027,49
35028,49
35029,49
35030,49
35031,49
35032,49
35034,21
35035,21
35036,21
35037,21
35038,18
35039,18
35040,59
35041,77
35042,109
35043,21
35044,33
35044,34
35045,33
35045,34
35046,33
35046,34
35047,33
35047,34
35049,23
35050,69
35051,6
35052,6
35053,18
35054,18
35055,32
35056,32
35057,32
35058,32
35059,32
35060,98
35061,59
35062,69
35063,69
35064,69
35065,32
35066,23
35066,32
35067,109
35068,109
35069,109
35070,109
35071,109
35072,109
35073,109
35076,109
35077,109
35079,109
35080,109
35081,109
35082,109
35083,109
35084,109
35085,21
35086,33
35086,34
35087,33
35087,34
35088,33
35088,34
35089,33
35089,34
35090,109
35091,109
35092,23
35093,18
35093,23
35093,33
35093,34
35094,18
35094,23
35094,33
35094,34
35095,18
35095,38
35096,18
35096,38
35098,18
35109,59
35119,77
35120,77
35125,1
35125,43
35125,92
35126,1
35126,43
35126,92
35127,1
35127,43
35127,92
35128,103
35129,103
35130,18
35130,23
35130,33
35130,34
35130,44
35130,77
35131,18
35131,23
35131,33
35131,34
35131,44
35131,77
35132,18
35132,23
35132,33
35132,34
35132,44
35132,77
35133,109
35134,109
35135,18
35135,33
35135,34
35136,18
35136,33
35136,44
35137,18
35137,33
35137,44
35138,18
35138,33
35138,44
35139,18
35139,33
35139,34
35141,21
35142,21
35143,21
35144,21
35145,21
35146,21
35147,21
35148,21
35149,103
35150,103
35151,103
35152,103
35153,109
35154,109
35155,7
35156,71
35157,21
35158,21
35159,21
35160,18
35160,33
35161,18
35162,18
35163,18
35165,23
35165,33
35165,34
35166,33
35166,34
35167,33
35167,34
35168,33
35168,34
35169,33
35169,34
35170,33
35170,34
35171,33
35171,34
35172,33
35172,34
35173,44
35174,44
35175,44
35175,59
35176,18
35176,44
35177,18
35177,44
35178,18
35178,44
35179,18
35179,44
35180,44
35181,18
35181,44
35182,44
35183,44
35184,32
35192,37
35192,71
35193,27
35193,37
35193,60
35194,21
35197,1
35197,43
35197,56
35197,92
35198,27
35198,43
35198,56
35199,32
35199,44
35200,32
35200,44
35201,32
35201,44
35202,8
35202,77
35203,8
35203,77
35204,8
35204,77
35205,8
35205,77
35206,8
35206,77
35207,8
35207,77
35208,8
35208,77
35209,8
35209,77
35210,8
35210,77
35211,8
35211,77
35212,8
35212,77
35213,8
35213,77
35214,8
35214,77
35215,32
35215,44
35216,32
35216,44
35217,18
35217,77
35218,49
35219,92
35220,92
35221,92
35222,92
35223,92
35225,66
35226,66
35227,66
35228,30
35228,34
35228,44
35229,109
35230,109
35231,109
35232,109
35233,109
35234,109
35235,109
35236,109
35237,109
35238,109
35239,109
35240,109
35241,43
35259,23
35260,23
35261,23
35263,18
35264,18
35269,69
35270,69
35271,40
35271,43
35271,77
35274,6
35275,6
35276,6
35277,6
35278,6
35279,6
35280,18
35280,44
35287,32
35288,23
35289,32
35290,32
35291,32
35292,32
35293,32
35294,32
35295,27
35295,43
35295,56
35296,18
35296,44
35297,77
35298,1
35298,37
35298,92
35299,21
35301,77
35302,109
35303,69
35304,33
35304,34
35305,109
35306,109
35307,109
35308,109
35309,109
35310,109
35311,109
35312,109
35313,109
35314,109
35315,109
35316,109
35317,109
35318,109
35319,109
35320,18
35321,18
35322,21
35323,37
35324,59
35325,59
35326,59
35327,37
35329,23
35330,18
35331,21
35332,21
35334,8
35335,23
35335,32
35336,109
35337,23
35337,33
35337,34
35338,44
35339,18
35341,23
35342,109
35343,109
35344,23
35345,109
35346,109
35347,23
35348,37
35349,23
35350,37
35351,33
35351,34
35352,109
35353,109
35354,69
35355,44
35355,109
35356,44
35356,109
35357,44
35357,109
35358,44
35358,109
35359,44
35359,109
35360,44
35360,109
35361,23
35363,95
35364,95
35365,77
35366,77
35367,77
35368,77
35369,77
35370,77
35371,59
35374,18
35374,23
35383,27
35383,43
35383,56
35388,93
35389,93
35391,77
35392,77
35393,77
35394,77
35395,49
35396,49
35397,49
35398,49
35399,37
35400,49
35401,49
35402,44
35403,109
35405,18
35406,49
35409,109
35410,109
35411,33
35411,34
35416,109
35417,33
35417,34
35418,44
35419,55
35425,1
35425,77
35425,92
35426,18
35426,77
35428,23
35429,97
35430,109
35431,109
35432,109
35433,109
35434,109
35435,109
35436,109
35437,77
35438,6
35439,1
35439,43
35439,56
35439,92
35440,1
35440,43
35440,92
35441,103
35442,105
35444,8
35445,18
35445,23
35446,23
35447,23
35447,44
35448,23
35448,44
35449,23
35449,44
35450,23
35450,44
35451,23
35451,44
35452,23
35452,44
35453,23
35453,44
35454,23
35454,44
35455,23
35455,44
35459,18
35460,18
35461,27
35461,43
35461,56
35462,23
35462,44
35463,44
35464,23
35464,44
35465,23
35465,44
35466,23
35466,44
35467,23
35467,44
35468,23
35468,44
35469,23
35469,44
35470,23
35470,44
35471,23
35471,44
35472,23
35472,44
35473,23
35474,71
35475,109
35476,109
35477,109
35478,109
35479,109
35480,109
35481,109
35482,109
35483,109
35484,109
35485,109
35486,109
35487,109
35488,109
35489,109
35490,109
35491,109
35492,109
35493,109
35499,109
35500,109
35501,109
35502,109
35503,109
35504,109
35505,109
35506,109
35507,109
35508,109
35509,109
35510,109
35511,109
35512,109
35513,109
35514,109
35515,109
35516,109
35517,109
35518,109
35519,109
35520,109
35521,109
35522,109
35523,109
35524,109
35525,109
35526,21
35527,21
35528,93
35529,77
35530,109
35531,109
35532,109
35533,109
35534,109
35535,109
35536,109
35537,109
35538,109
35539,109
35540,109
35541,109
35542,109
35543,109
35544,109
35545,109
35546,109
35547,109
35548,109
35549,109
35550,109
35551,109
35552,109
35553,109
35554,109
35555,109
35556,109
35557,109
35558,109
35559,109
35560,109
35564,18
35565,33
35565,34
35566,33
35566,34
35567,97
35568,97
35569,97
35570,35
35570,97
35571,97
35572,23
35577,35
35577,97
35578,35
35578,97
35579,18
35580,18
35581,23
35582,35
35582,97
35583,35
35583,97
35584,23
35585,23
35586,35
35586,97
35587,23
35588,23
35589,35
35589,97
35590,69
35591,57
35592,57
35593,57
35594,35
35594,97
35595,57
35596,57
35597,18
35598,18
35599,35
35599,97
35600,57
35601,35
35601,97
35603,35
35603,97
35609,23
35609,44
35610,23
35610,44
35611,23
35611,44
35612,8
35612,32
35614,23
35614,44
35616,23
35616,44
35617,23
35617,44
35618,23
35618,44
35619,23
35619,44
35620,23
35620,44
35621,23
35621,44
35622,23
35622,44
35623,23
35623,44
35624,23
35624,44
35625,23
35625,44
35626,23
35626,44
35627,23
35627,44
35628,23
35629,23
35629,44
35630,23
35630,44
35631,23
35631,44
35632,23
35632,44
35633,23
35633,44
35634,23
35634,44
35635,23
35635,44
35636,23
35636,44
35637,23
35637,49
35638,32
35639,44
35640,23
35641,37
35641,71
35642,32
35643,23
35650,32
35651,32
35652,55
35654,32
35656,32
35657,23
35658,32
35659,97
35660,35
35660,97
35661,18
35664,23
35664,44
35665,23
35665,44
35666,1
35666,37
35666,40
35666,43
35666,92
35667,1
35667,37
35667,40
35667,43
35667,92
35668,56
35668,77
35670,23
35671,23
35672,23
35673,23
35674,23
35675,23
35676,23
35677,23
35678,23
35679,23
35680,18
35681,23
35682,23
35683,23
35684,23
35685,23
35686,23
35687,23
35688,23
35689,23
35690,23
35691,109
35692,23
35693,109
35694,109
35695,23
35695,44
35696,23
35696,44
35697,23
35697,44
35698,23
35698,44
35699,109
35700,109
35701,109
35702,23
35702,44
35703,23
35703,44
35704,23
35704,44
35705,23
35705,44
35706,23
35706,44
35707,23
35707,44
35708,44
35712,6
35713,69
35714,32
35715,69
35716,33
35716,34
35717,6
35718,6
35719,6
35723,32
35723,109
35724,23
35725,23
35726,21
35727,21
35728,21
35730,109
35731,109
35732,109
35733,109
35734,18
35735,18
35736,23
35736,44
35737,23
35737,44
35738,23
35738,44
35739,23
35739,44
35740,23
35740,44
35741,23
35741,44
35742,23
35742,33
35742,34
35743,23
35743,33
35743,34
35744,18
35745,18
35746,18
35748,23
35748,44
35749,23
35749,44
35750,69
35751,109
35752,109
35753,109
35754,109
35755,49
35757,32
35758,32
35759,32
35760,32
35761,32
35762,97
35763,97
35764,97
35765,97
35766,32
35767,69
35768,69
35769,69
35770,23
35770,44
35771,34
35772,23
35772,44
35773,66
35774,35
35775,35
35776,35
35777,69
35778,6
35779,6
35780,18
35780,44
35781,52
35782,52
35783,23
35783,44
35784,21
35785,52
35786,18
35786,44
35787,18
35787,44
35788,44
35789,44
35790,44
35791,44
35794,1
35794,37
35794,92
35795,66
35796,66
35797,18
35798,44
35799,44
35800,44
35801,44
35802,44
35803,44
35804,23
35804,44
35805,44
35806,44
35807,44
35808,69
35809,69
35810,69
35811,69
35812,69
35814,109
35815,6
35816,23
35816,44
35818,23
35818,44
35819,23
35820,23
35821,23
35822,23
35823,23
35824,23
35825,109
35829,23
35830,69
35831,69
35835,109
35836,109
35837,109
35838,109
35839,109
35840,109
35841,109
35842,109
35843,109
35844,109
35845,109
35846,109
35847,109
35848,18
35848,44
35849,69
35850,37
35850,71
35851,32
35857,33
35857,34
35858,18
35859,18
35860,92
35861,23
35862,27
35862,43
35862,56
35863,27
35863,43
35863,56
35864,18
35865,77
35866,77
35867,77
35868,77
35869,66
35870,18
35871,44
35872,66
35873,66
35876,18
35877,18
35878,77
35879,109
35880,34
35881,34
35882,34
35883,34
35884,18
35884,44
35885,23
35885,44
35886,18
35886,44
35887,23
35887,44
35888,38
35889,38
35890,32
35891,21
35892,21
35893,21
35894,1
35894,43
35894,92
35895,1
35895,43
35895,92
35898,23
35899,21
35900,21
35901,21
35902,21
35903,21
35904,33
35904,34
35905,33
35905,34
35906,33
35906,34
35907,23
35907,33
35907,34
35908,23
35908,33
35908,34
35909,23
35909,33
35909,34
35910,23
35910,33
35910,34
35911,23
35911,33
35911,34
35912,23
35912,33
35912,34
35913,23
35913,33
35913,34
35914,23
35914,33
35914,34
35915,23
35915,33
35915,34
35916,69
35917,69
35918,69
35919,37
35919,71
35920,37
35920,71
35921,37
35921,71
35922,37
35922,71
35923,23
35923,33
35923,34
35924,23
35924,33
35924,34
35925,23
35925,33
35925,34
35926,23
35926,33
35926,34
35927,23
35927,33
35927,34
35928,23
35928,33
35928,34
35929,23
35929,33
35929,34
35930,23
35930,33
35930,34
35931,23
35931,33
35931,34
35932,23
35932,33
35932,34
35933,23
35933,33
35933,34
35934,23
35934,33
35934,34
35935,33
35935,34
35936,40
35936,43
35937,40
35937,43
35938,18
35939,18
35941,32
35943,109
35944,109
35945,1
35945,37
35945,92
35946,1
35946,37
35946,92
35955,40
35955,43
35956,109
35957,23
35958,59
35959,59
35960,59
35964,32
35964,44
35965,95
35966,95
35967,95
35968,95
35969,109
35970,109
35971,109
35972,109
35973,32
35974,18
35974,77
35975,77
35978,18
35979,18
35980,33
35980,34
35981,32
35982,32
35983,32
35984,32
35985,18
35985,23
35985,44
35986,69
35987,69
35996,23
35997,32
35998,44
35999,18
35999,44
36000,44
36001,97
36002,59
36002,97
36015,109
36016,109
36017,109
36018,21
36019,21
36020,21
36021,21
36022,21
36023,21
36024,21
36025,21
36026,18
36027,18
36028,109
36029,109
36030,109
36031,109
36032,109
36033,33
36033,34
36034,23
36034,32
36036,23
36036,32
36037,23
36037,32
36039,59
36040,59
36041,59
36042,23
36043,32
36043,109
36045,44
36048,109
36049,109
36050,109
36051,109
36052,109
36053,69
36054,69
36055,69
36056,69
36057,23
36058,71
36059,77
36060,18
36061,18
36062,18
36063,109
36064,18
36065,49
36066,18
36066,23
36067,23
36068,23
36069,23
36070,23
36071,49
36072,97
36073,97
36074,97
36075,97
36076,21
36077,109
36078,21
36079,21
36080,21
36082,21
36083,21
36084,21
36085,10
36086,52
36087,52
36088,109
36089,109
36090,109
36091,109
36092,109
36093,109
36094,109
36095,109
36096,109
36097,109
36098,23
36099,23
36100,109
36101,59
36102,59
36103,59
36104,33
36104,34
36105,97
36106,97
36107,97
36108,97
36109,40
36109,77
36110,18
36110,23
36111,105
36112,105
36113,18
36113,93
36114,18
36114,93
36115,18
36116,32
36117,32
36118,32
36119,32
36120,18
36120,93
36122,40
36122,43
36123,109
36124,66
36125,97
36126,97
36127,92
36128,18
36128,93
36129,18
36129,93
36130,109
36132,105
36133,105
36134,33
36134,34
36135,109
36136,109
36137,109
36138,109
36139,109
36140,109
36141,109
36142,109
36143,109
36144,109
36145,109
36146,109
36147,109
36148,109
36149,69
36150,69
36151,69
36152,58
36154,27
36154,43
36154,56
36155,97
36156,97
36157,97
36158,97
36159,97
36160,32
36160,44
36162,18
36162,44
36163,18
36163,44
36164,77
36165,77
36166,77
36167,77
36168,77
36169,77
36170,109
36171,109
36172,59
36173,59
36174,1
36174,37
36174,40
36174,92
36175,109
36176,7
36177,18
36177,23
36178,18
36178,23
36184,18
36185,23
36185,44
36186,18
36187,18
36188,58
36189,18
36189,44
36190,18
36190,44
36191,18
36191,44
36192,18
36192,37
36192,44
36193,33
36194,33
36195,33
36196,33
36197,33
36198,18
36199,18
36200,18
36200,33
36200,44
36201,18
36201,33
36202,18
36203,21
36204,21
36205,23
36205,32
36206,18
36206,23
36207,33
36208,66
36209,44
36210,44
36212,32
36212,33
36212,34
36213,69
36214,69
36215,69
36216,69
36217,37
36217,71
36218,23
36219,44
36220,27
36220,43
36220,56
36221,32
36222,32
36225,18
36226,77
36227,77
36228,77
36229,21
36230,21
36231,77
36232,77
36233,77
36234,77
36235,21
36236,21
36237,71
36238,71
36239,71
36243,49
36244,18
36245,18
36247,33
36248,44
36249,23
36250,44
36251,23
36252,77
36253,37
36253,71
36254,37
36254,71
36256,18
36256,23
36256,34
36257,44
36258,44
36259,44
36260,44
36261,40
36261,43
36262,69
36263,69
36264,1
36264,43
36264,92
36265,23
36266,23
36267,23
36268,23
36269,109
36271,23
36272,18
36272,23
36274,18
36275,32
36276,32
36278,32
36279,32
36280,32
36281,1
36281,43
36281,92
36282,33
36282,34
36283,33
36283,34
36284,33
36284,34
36285,33
36285,34
36286,18
36287,18
36288,18
36289,18
36294,18
36294,23
36295,18
36296,18
36296,23
36297,109
36298,109
36299,109
36300,109
36301,109
36303,1
36303,43
36303,92
36304,1
36304,43
36304,92
36305,1
36305,43
36305,92
36306,21
36307,59
36308,23
36309,23
36310,77
36313,77
36315,23
36316,23
36317,23
36320,109
36321,23
36321,32
36322,37
36322,71
36323,37
36323,71
36324,77
36325,97
36326,18
36326,23
36327,18
36327,23
36328,18
36328,23
36329,18
36329,23
36331,109
36332,109
36333,109
36334,109
36335,109
36336,33
36336,34
36337,23
36337,44
36338,23
36338,44
36339,23
36339,44
36341,105
36342,105
36343,105
36344,105
36345,105
36346,18
36347,18
36347,49
36348,69
36349,38
36350,38
36351,18
36352,18
36353,98
36354,32
36355,26
36356,26
36357,26
36358,26
36359,26
36360,26
36361,69
36362,18
36362,33
36362,34
36362,44
36363,77
36364,77
36365,26
36366,26
36367,26
36368,33
36368,34
36368,44
36370,37
36370,71
36371,77
36372,38
36373,18
36373,44
36373,59
36374,23
36375,109
36376,109
36377,109
36378,109
36379,109
36380,109
36381,109
36382,109
36383,109
36384,109
36385,109
36386,18
36387,32
36388,32
36389,32
36390,32
36391,32
36392,32
36393,32
36394,32
36395,32
36396,32
36397,27
36397,43
36397,56
36397,92
36398,27
36398,43
36398,56
36398,92
36399,27
36399,43
36399,56
36399,92
36401,71
36402,33
36402,34
36403,77
36404,49
36404,60
36405,49
36405,60
36406,49
36406,60
36407,49
36407,60
36408,18
36411,44
36412,97
36413,7
36414,7
36415,7
36416,7
36417,18
36418,18
36419,18
36420,18
36421,18
36422,18
36423,18
36424,18
36425,23
36426,27
36426,43
36427,27
36427,43
36427,56
36428,1
36428,27
36428,43
36428,56
36428,92
36429,1
36429,27
36429,43
36429,56
36429,92
36430,59
36431,44
36431,48
36432,109
36433,109
36434,44
36435,44
36436,44
36437,44
36438,44
36439,23
36439,49
36440,23
36440,49
36441,23
36441,49
36442,18
36442,23
36443,33
36443,34
36444,33
36444,34
36445,33
36445,34
36446,33
36446,34
36447,95
36448,95
36449,95
36450,95
36451,95
36452,18
36452,93
36453,18
36453,93
36454,18
36454,93
36455,18
36455,93
36456,69
36457,21
36459,23
36460,33
36460,34
36461,33
36461,34
36462,33
36462,34
36463,33
36463,34
36464,33
36464,34
36465,8
36466,49
36467,18
36468,18
36469,18
36470,18
36471,18
36472,18
36473,18
36474,23
36474,77
36475,23
36475,77
36476,33
36476,34
36477,18
36478,18
36478,32
36479,18
36479,44
36480,109
36481,109
36482,109
36483,33
36483,34
36484,77
36485,37
36485,71
36490,59
36491,32
36492,32
36493,27
36493,43
36493,56
36493,77
36494,37
36494,71
36495,23
36496,77
36497,55
36498,69
36499,18
36500,44
36501,23
36502,44
36503,38
36504,38
36505,18
36506,18
36507,109
36508,23
36509,56
36509,77
36510,56
36510,77
36511,56
36511,77
36512,56
36512,77
36513,49
36514,49
36515,46
36516,18
36517,18
36518,18
36519,18
36519,44
36520,23
36520,32
36521,23
36522,7
36523,49
36524,49
36525,49
36526,49
36527,23
36528,23
36529,23
36530,23
36531,23
36532,23
36533,23
36534,71
36535,109
36536,109
36538,1
36538,37
36538,40
36538,43
36538,92
36539,1
36539,37
36539,40
36539,43
36539,92
36540,1
36540,37
36540,40
36540,43
36540,92
36541,1
36541,37
36541,40
36541,43
36541,92
36542,18
36542,44
36543,44
36544,32
36544,49
36545,32
36545,49
36546,32
36546,49
36547,32
36547,49
36548,32
36548,49
36549,32
36549,49
36550,32
36550,49
36551,32
36551,49
36552,32
36552,49
36553,32
36553,49
36554,21
36555,23
36556,32
36556,49
36557,32
36557,49
36558,32
36558,49
36559,32
36559,49
36560,32
36560,49
36561,32
36561,49
36571,33
36571,34
36577,1
36577,43
36577,92
36578,18
36579,18
36580,1
36580,37
36580,92
36581,109
36582,109
36583,23
36584,23
36585,44
36585,109
36586,44
36586,109
36587,109
36588,109
36589,109
36591,23
36592,32
36593,32
36594,32
36595,32
36596,32
36598,18
36598,23
36600,23
36600,44
36601,23
36602,23
36603,23
36604,23
36605,23
36606,23
36607,23
36608,23
36608,32
36609,69
36610,69
36611,37
36611,71
36612,109
36613,109
36614,109
36615,109
36616,109
36617,109
36618,109
36619,109
36620,109
36621,109
36622,109
36623,109
36624,109
36625,18
36626,18
36626,93
36627,18
36627,93
36628,69
36629,21
36630,21
36631,21
36633,23
36633,32
36634,23
36635,18
36636,109
36637,109
36638,37
36638,71
36639,44
36639,90
36640,37
36640,71
36641,97
36642,23
36643,23
36645,32
36645,33
36645,34
36646,18
36646,33
36646,34
36647,18
36647,33
36647,34
36648,18
36648,33
36648,34
36649,18
36650,18
36650,33
36650,34
36651,92
36652,92
36653,92
36654,92
36655,92
36656,77
36657,77
36658,103
36659,37
36660,37
36666,1
36666,43
36666,92
36667,18
36667,23
36667,44
36668,23
36669,23
36669,32
36673,32
36674,8
36679,105
36680,109
36681,109
36682,109
36683,109
36684,109
36685,109
36686,109
36687,109
36688,109
36689,109
36690,40
36690,43
36694,23
36695,34
36696,33
36696,34
36696,44
36697,56
36697,77
36698,49
36699,49
36700,49
36701,49
36702,18
36702,44
36705,44
36706,49
36707,49
36708,32
36708,109
36710,1
36710,43
36710,92
36711,1
36711,43
36711,92
36712,44
36713,59
36714,59
36715,59
36716,59
36717,77
36718,77
36719,77
36720,77
36721,18
36722,18
36723,18
36724,23
36725,23
36726,23
36727,23
36729,18
36729,69
36731,109
36732,109
36733,44
36733,105
36734,23
36734,32
36735,1
36735,43
36735,92
36736,23
36736,32
36737,23
36737,32
36738,23
36739,23
36740,23
36741,23
36742,23
36743,23
36744,23
36745,33
36745,34
36745,44
36746,33
36746,34
36746,44
36747,33
36747,34
36747,44
36748,33
36748,34
36748,44
36749,33
36749,34
36749,44
36750,33
36750,34
36750,44
36751,33
36751,34
36751,44
36752,33
36752,34
36752,44
36753,18
36753,44
36754,33
36754,34
36755,40
36755,43
36756,59
36757,59
36758,59
36759,59
36760,18
36760,44
36761,18
36761,44
36762,18
36762,44
36763,18
36763,44
36764,18
36764,44
36765,18
36765,44
36766,18
36766,44
36767,18
36767,44
36768,18
36768,44
36769,18
36769,44
36770,18
36770,44
36771,18
36771,44
36772,55
36773,32
36774,32
36775,32
36776,32
36778,109
36779,109
36780,109
36781,18
36781,44
36782,1
36782,92
36783,109
36784,109
36785,109
36786,71
36787,23
36787,44
36788,71
36789,71
36790,18
36791,95
36792,95
36793,95
36794,1
36794,37
36794,92
36795,1
36795,37
36795,92
36796,18
36798,18
36798,23
36798,33
36798,34
36798,44
36798,77
36800,23
36800,32
36802,32
36803,23
36804,23
36805,23
36805,44
36806,18
36807,23
36807,44
36808,27
36808,43
36808,56
36809,27
36809,43
36809,56
36813,18
36813,105
36814,18
36814,105
36815,105
36818,23
36822,18
36823,18
36823,44
36824,109
36825,33
36825,34
36826,23
36827,23
36828,23
36829,23
36830,23
36831,77
36832,1
36832,37
36832,92
36833,32
36834,59
36835,37
36835,77
36836,77
36837,77
36838,27
36838,43
36838,56
36839,77
36840,77
36841,18
36842,1
36842,37
36842,92
36843,23
36845,23
36846,23
36847,23
36849,32
36852,109
36854,18
36855,44
36856,32
36857,18
36857,105
36858,18
36859,18
36859,105
36860,18
36860,105
36861,27
36861,43
36861,56
36862,18
36863,32
36863,109
36864,18
36865,18
36865,105
36866,18
36866,105
36867,18
36867,105
36868,32
36869,18
36869,105
36870,18
36870,105
36871,18
36871,105
36873,18
36874,18
36875,33
36875,34
36876,109
36877,18
36877,105
36878,18
36878,105
36879,18
36879,105
36880,18
36880,105
36881,18
36882,18
36882,105
36883,18
36884,18
36884,105
36885,18
36885,105
36886,18
36886,105
36887,18
36887,44
36888,77
36889,77
36890,77
36891,77
36892,9
36893,33
36893,34
36894,77
36895,77
36896,18
36896,44
36897,92
36898,92
36899,71
36900,32
36900,33
36900,34
36901,18
36901,93
36902,18
36902,93
36903,18
36903,93
36904,18
36904,93
36905,27
36905,43
36905,77
36907,23
36908,23
36909,23
36910,23
36912,8
36912,77
36913,8
36913,77
36914,8
36914,77
36915,8
36915,77
36916,8
36916,77
36917,8
36917,77
36918,8
36918,77
36919,8
36919,77
36920,8
36920,77
36921,8
36921,77
36922,8
36922,77
36923,8
36923,77
36924,8
36924,77
36925,8
36925,77
36926,44
36927,23
36928,44
36929,44
36930,44
36937,77
36938,8
36938,77
36939,77
36940,109
36941,109
36942,109
36943,109
36944,109
36945,109
36946,23
36947,97
36948,97
36949,18
36949,23
36949,33
36949,34
36950,23
36951,23
36955,7
36956,69
36957,69
36958,69
36959,69
36960,69
36961,69
36962,69
36963,69
36964,23
36965,23
36966,23
36967,33
36967,34
36968,33
36968,34
36969,33
36969,34
36970,33
36970,34
36971,33
36971,34
36972,33
36972,34
36973,18
36974,21
36975,33
36975,34
36976,21
36977,21
36978,21
36979,21
36981,103
36983,71
36984,71
36985,71
36986,71
36990,23
36990,32
36991,18
36992,23
37003,71
37004,69
37005,69
37006,69
37007,69
37008,1
37008,37
37008,92
37009,1
37009,37
37009,92
37010,1
37010,37
37010,92
37012,7
37013,33
37013,34
37014,32
37014,105
37015,18
37015,105
37016,18
37016,105
37017,18
37017,105
37018,18
37018,105
37019,27
37019,43
37020,23
37020,32
37021,49
37022,66
37023,18
37023,105
37024,18
37024,105
37025,18
37025,105
37026,18
37026,105
37027,27
37027,43
37027,56
37028,23
37029,27
37029,43
37029,56
37030,18
37030,105
37031,18
37031,105
37032,18
37032,105
37033,71
37034,18
37035,18
37036,18
37037,18
37038,18
37039,18
37040,18
37040,105
37041,18
37041,105
37042,18
37042,105
37043,18
37043,105
37044,18
37044,105
37045,18
37046,18
37047,71
37048,18
37049,18
37050,18
37050,105
37051,18
37051,105
37052,18
37052,105
37053,18
37053,105
37054,18
37054,105
37055,18
37056,18
37056,23
37057,18
37057,33
37057,34
37058,18
37058,33
37058,34
37059,18
37059,33
37059,34
37060,18
37060,33
37060,34
37061,109
37062,109
37063,109
37064,109
37065,109
37066,109
37067,46
37068,18
37068,105
37069,18
37069,105
37070,18
37070,105
37071,18
37071,105
37072,18
37072,105
37073,23
37074,40
37074,56
37075,27
37075,56
37076,40
37076,56
37076,77
37077,27
37077,56
37077,92
37078,32
37079,32
37080,18
37080,105
37081,18
37081,105
37082,18
37082,105
37083,18
37083,105
37084,18
37084,105
37085,14
37086,77
37087,18
37088,18
37089,32
37091,18
37091,105
37092,18
37092,105
37093,18
37093,105
37094,18
37094,105
37095,18
37095,105
37096,18
37096,105
37097,18
37097,105
37098,18
37098,105
37099,77
37100,77
37101,18
37101,105
37102,18
37102,105
37103,18
37103,105
37104,18
37104,105
37105,40
37105,43
37106,23
37107,18
37107,23
37108,23
37111,59
37112,59
37113,59
37114,59
37116,59
37117,59
37119,18
37120,18
37123,27
37123,43
37123,56
37124,23
37125,23
37127,109
37131,23
37132,23
37133,77
37134,40
37134,43
37135,49
37136,33
37136,34
37137,23
37137,44
37138,21
37139,33
37139,34
37140,1
37140,37
37140,92
37141,1
37141,37
37141,92
37142,77
37146,44
37148,18
37148,32
37150,44
37151,23
37152,44
37153,44
37154,44
37155,44
37156,32
37157,32
37158,32
37159,109
37160,105
37161,40
37161,77
37163,44
37163,49
37163,77
37164,18
37165,23
37165,32
37166,77
37167,77
37168,77
37169,77
37170,77
37171,18
37172,18
37173,98
37174,98
37175,98
37176,98
37177,21
37178,32
37180,69
37181,18
37182,18
37183,18
37184,18
37185,21
37186,77
37187,77
37188,23
37188,33
37188,34
37189,23
37189,44
37190,77
37195,33
37195,34
37196,33
37196,34
37197,33
37197,34
37198,1
37198,37
37198,40
37198,43
37198,92
37199,1
37199,37
37199,40
37199,43
37199,92
37200,59
37201,1
37201,37
37201,40
37201,43
37201,92
37202,59
37203,59
37204,1
37204,37
37204,40
37204,43
37204,92
37205,18
37206,77
37207,66
37213,23
37213,33
37214,103
37215,23
37216,23
37217,33
37217,34
37218,55
37219,18
37220,37
37220,40
37220,77
37221,23
37222,103
37223,23
37224,23
37225,103
37226,18
37227,18
37228,103
37229,103
37230,32
37230,49
37231,23
37232,8
37232,97
37233,8
37233,97
37234,32
37235,109
37236,109
37237,109
37238,109
37239,109
37240,109
37241,109
37242,109
37244,49
37245,18
37246,33
37246,34
37247,18
37248,23
37249,77
37250,105
37251,18
37252,18
37253,95
37254,77
37255,105
37256,109
37257,33
37257,34
37258,23
37259,23
37260,33
37260,34
37261,109
37262,109
37263,109
37264,109
37265,109
37266,95
37267,95
37268,23
37269,84
37270,23
37270,44
37271,105
37272,18
37273,18
37274,44
37275,109
37277,18
37278,32
37279,32
37280,32
37281,109
37282,109
37283,109
37284,109
37285,109
37286,109
37287,109
37288,109
37289,109
37290,109
37291,23
37292,59
37293,21
37294,21
37295,21
37296,77
37297,77
37298,18
37299,18
37300,18
37301,18
37302,18
37303,18
37304,18
37305,18
37306,18
37307,18
37308,18
37309,18
37310,18
37310,23
37311,18
37311,23
37312,18
37313,18
37314,109
37315,23
37316,32
37317,32
37318,77
37319,44
37320,44
37321,44
37322,23
37323,44
37324,77
37325,77
37326,23
37328,1
37328,43
37328,92
37329,1
37329,43
37329,92
37330,33
37330,34
37332,33
37332,34
37333,21
37334,21
37335,21
37336,18
37336,44
37337,18
37337,44
37338,18
37338,44
37339,18
37339,44
37340,18
37340,44
37341,44
37342,18
37342,44
37343,18
37343,44
37344,18
37344,44
37345,44
37346,44
37347,44
37348,109
37350,109
37351,58
37352,69
37353,69
37354,69
37355,69
37356,69
37358,18
37365,109
37366,109
37367,109
37368,109
37369,18
37369,23
37370,18
37370,23
37371,18
37371,44
37372,21
37373,109
37374,49
37375,40
37375,43
37376,18
37377,40
37377,43
37377,77
37378,18
37379,32
37381,97
37382,21
37382,97
37383,23
37384,97
37385,49
37386,49
37388,44
37389,23
37389,32
37390,33
37390,34
37391,77
37392,77
37393,77
37394,33
37394,34
37395,33
37395,34
37397,18
37398,18
37399,18
37400,18
37401,18
37406,33
37406,34
37407,49
37408,49
37409,44
37412,21
37414,44
37415,7
37416,109
37417,109
37418,109
37419,109
37420,109
37421,40
37421,43
37422,18
37423,69
37424,23
37425,33
37426,33
37427,33
37428,33
37430,1
37430,37
37430,77
37430,92
37432,33
37432,34
37433,44
37434,109
37435,109
37436,109
37437,32
37439,21
37440,69
37442,69
37443,95
37444,1
37444,43
37444,92
37445,1
37445,43
37445,92
37446,33
37446,34
37447,18
37447,58
37447,93
37447,105
37448,18
37448,93
37448,105
37449,105
37450,105
37451,105
37452,105
37453,105
37454,105
37455,59
37456,59
37457,59
37458,59
37459,59
37460,59
37461,69
37462,69
37463,105
37464,23
37465,18
37466,18
37466,23
37466,33
37466,34
37467,33
37467,34
37468,23
37471,21
37472,37
37472,71
37473,21
37474,18
37475,18
37476,18
37477,18
37479,18
37481,18
37482,18
37483,18
37484,10
37485,10
37492,56
37492,77
37493,18
37494,18
37494,44
37495,21
37507,105
37508,105
37509,105
37510,105
37511,105
37512,105
37513,105
37514,105
37515,105
37516,105
37517,105
37518,71
37518,105
37519,71
37519,105
37519,109
37524,18
37525,18
37526,18
37527,77
37528,18
37529,33
37529,34
37530,32
37531,33
37531,34
37532,33
37532,34
37534,109
37535,109
37536,109
37537,109
37542,58
37543,109
37548,109
37553,66
37554,33
37554,34
37555,33
37555,34
37556,109
37557,109
37563,109
37565,109
37570,18
37570,33
37570,34
37570,44
37574,44
37575,32
37576,32
37577,27
37577,43
37577,56
37578,32
37579,32
37580,32
37581,32
37582,32
37583,32
37584,32
37585,55
37586,23
37587,23
37588,23
37589,23
37590,77
37591,44
37592,44
37593,44
37594,44
37595,44
37596,18
37597,18
37598,1
37598,37
37598,40
37598,43
37598,92
37599,1
37599,37
37599,40
37599,43
37599,92
37600,32
37601,18
37602,18
37603,18
37604,69
37605,109
37606,109
37607,109
37608,109
37609,1
37609,37
37609,92
37610,109
37611,109
37612,109
37625,97
37626,97
37627,97
37628,32
37629,32
37630,32
37631,32
37632,34
37633,32
37634,32
37635,34
37636,32
37637,33
37637,34
37638,33
37638,34
37639,33
37639,34
37644,32
37645,109
37646,109
37647,109
37648,109
37649,32
37651,32
37652,109
37653,23
37654,77
37655,32
37656,32
37657,32
37658,32
37659,32
37660,32
37661,32
37662,32
37663,32
37664,21
37665,32
37666,32
37667,21
37668,21
37669,32
37670,32
37671,32
37672,34
37673,97
37674,23
37675,23
37676,23
37678,33
37678,34
37678,44
37680,18
37681,1
37681,37
37681,92
37682,109
37683,18
37684,18
37685,18
37686,18
37687,18
37688,18
37689,18
37690,18
37691,18
37692,44
37693,109
37694,109
37695,18
37696,109
37697,109
37698,109
37699,44
37700,27
37700,43
37701,44
37702,37
37703,37
37704,18
37704,23
37705,23
37706,1
37706,37
37706,40
37706,77
37706,92
37707,1
37707,37
37707,40
37707,77
37707,92
37708,1
37708,37
37708,40
37708,77
37708,92
37709,32
37710,18
37711,89
37712,89
37713,18
37714,89
37717,21
37718,18
37719,18
37720,23
37720,32
37721,77
37722,77
37723,77
37724,77
37725,21
37726,40
37726,43
37727,21
37728,69
37729,23
37730,23
37731,52
37732,52
37733,52
37734,23
37735,23
37736,52
37737,52
37739,1
37739,37
37739,40
37739,77
37739,92
37741,1
37741,37
37741,40
37741,77
37741,92
37743,1
37743,23
37743,37
37743,40
37743,77
37743,92
37746,18
37746,23
37747,18
37747,23
37748,18
37749,18
37750,35
37751,35
37752,95
37753,18
37754,58
37755,44
37756,18
37758,33
37758,34
37759,18
37770,18
37771,71
37772,23
37773,23
37774,46
37775,46
37776,46
37777,46
37778,46
37779,46
37780,46
37781,37
37781,71
37782,71
37783,23
37783,32
37784,1
37784,37
37784,92
37785,1
37785,43
37785,92
37788,44
37789,77
37790,32
37791,69
37792,69
37794,109
37795,109
37796,109
37797,109
37798,109
37799,109
37800,109
37801,109
37803,109
37804,44
37806,109
37807,109
37808,109
37809,109
37810,23
37811,23
37812,105
37813,105
37814,44
37815,33
37815,34
37817,97
37818,97
37823,37
37824,37
37825,44
37826,44
37827,32
37827,33
37827,34
37828,33
37828,34
37832,18
37833,49
37835,23
37836,23
37837,23
37839,44
37839,77
37840,44
37840,77
37841,44
37841,77
37842,44
37842,77
37843,18
37844,18
37847,18
37847,23
37848,44
37848,105
37849,18
37849,23
37849,33
37849,34
37850,33
37850,34
37851,21
37852,33
37852,34
37853,33
37853,34
37854,18
37861,77
37862,77
37863,33
37863,34
37864,77
37865,77
37866,77
37867,37
37867,71
37868,37
37868,71
37869,37
37869,71
37870,37
37870,71
37871,37
37871,71
37872,37
37872,71
37873,18
37874,1
37874,37
37874,40
37874,92
37875,8
37876,8
37877,18
37878,18
37879,69
37880,105
37881,105
37882,105
37883,105
37884,105
37885,105
37886,105
37887,105
37888,105
37889,1
37889,37
37889,40
37889,92
37890,69
37891,1
37891,37
37891,40
37891,92
37892,69
37893,1
37893,37
37893,40
37893,92
37894,69
37895,1
37895,37
37895,40
37895,92
37896,69
37897,33
37897,34
37898,69
37899,33
37899,34
37900,32
37901,32
37902,18
37903,18
37904,21
37905,21
37906,23
37906,32
37910,18
37910,23
37913,27
37913,43
37914,33
37914,34
37915,109
37916,33
37916,34
37917,33
37917,34
37918,18
37919,33
37919,34
37920,69
37921,69
37922,69
37923,32
37924,69
37925,1
37925,37
37926,1
37926,37
37926,92
37927,105
37928,105
37929,105
37930,18
37930,105
37931,77
37932,77
37933,77
37934,77
37935,33
37935,34
37936,109
37937,109
37938,1
37938,37
37938,92
37939,1
37939,37
37939,92
37940,1
37940,37
37940,92
37941,1
37941,37
37941,92
37942,23
37953,1
37953,37
37953,92
37954,1
37954,37
37954,40
37954,43
37954,92
37955,1
37955,37
37955,40
37955,43
37955,92
37956,37
37956,40
37956,43
37956,92
37957,1
37957,37
37957,40
37957,43
37957,92
37958,105
37959,105
37960,105
37961,105
37962,105
37963,105
37964,33
37964,34
37965,105
37966,105
37967,69
37968,105
37969,69
37970,105
37971,33
37971,34
37972,105
37973,69
37974,105
37976,49
37978,49
37980,49
37981,32
37982,49
37983,32
37984,23
37984,32
37985,23
37985,32
37986,49
37987,33
37987,34
37988,23
37988,32
37989,23
37989,32
37990,49
37991,23
37991,32
37992,33
37992,34
37993,23
37994,33
37994,34
37994,44
37995,23
37996,1
37996,37
37996,40
37996,92
37997,1
37997,37
37997,40
37997,92
37998,105
37999,105
38000,1
38000,37
38000,40
38000,92
38001,105
38002,105
38004,33
38004,34
38005,33
38005,34
38007,23
38008,23
38011,23
38012,18
38012,23
38012,33
38012,34
38013,109
38014,109
38015,109
38016,109
38017,109
38019,109
38020,109
38022,52
38023,52
38026,109
38027,69
38028,69
38029,69
38030,69
38031,49
38032,49
38033,49
38034,49
38035,49
38036,105
38037,105
38038,105
38039,105
38040,105
38041,105
38042,105
38043,105
38044,105
38045,105
38046,105
38047,32
38048,32
38049,32
38050,32
38051,32
38052,32
38053,8
38054,32
38055,23
38056,8
38057,32
38058,32
38059,8
38060,8
38061,8
38062,44
38063,109
38064,33
38064,34
38065,1
38065,37
38065,92
38066,18
38067,18
38068,109
38069,109
38070,109
38071,109
38072,109
38073,32
38074,23
38075,59
38076,49
38077,49
38078,59
38079,59
38080,59
38081,59
38082,59
38083,59
38084,59
38085,49
38086,18
38087,49
38088,49
38089,8
38091,18
38091,109
38092,6
38093,6
38094,6
38095,97
38096,97
38097,33
38097,34
38098,77
38099,77
38100,77
38101,33
38101,34
38102,69
38104,33
38104,34
38105,44
38106,44
38107,44
38108,33
38108,34
38109,23
38110,18
38112,44
38112,90
38113,44
38113,90
38114,44
38114,90
38115,18
38116,18
38117,33
38117,34
38118,33
38118,34
38119,32
38120,32
38121,32
38122,32
38123,23
38124,23
38125,23
38126,23
38127,23
38128,23
38129,23
38130,44
38130,77
38131,18
38132,18
38133,18
38134,18
38135,32
38136,32
38137,32
38138,32
38139,32
38140,32
38141,32
38142,23
38143,77
38144,23
38148,18
38150,109
38151,109
38152,109
38153,109
38154,109
38155,109
38156,109
38157,109
38158,109
38159,66
38160,44
38161,44
38162,77
38163,77
38165,77
38168,23
38169,23
38170,23
38173,21
38174,21
38175,12
38176,21
38177,21
38179,33
38179,34
38181,1
38181,37
38181,40
38181,92
38182,14
38183,109
38184,109
38185,109
38186,109
38187,109
38188,109
38189,109
38190,109
38191,109
38192,109
38193,109
38194,109
38195,8
38196,8
38197,49
38198,49
38199,7
38200,49
38202,109
38203,109
38204,69
38205,69
38206,69
38207,69
38208,69
38210,23
38211,109
38212,69
38213,23
38216,32
38216,49
38217,21
38218,18
38219,18
38220,44
38221,18
38222,18
38223,18
38224,18
38225,18
38226,18
38227,18
38228,18
38229,18
38230,18
38231,18
38232,18
38234,18
38235,18
38236,18
38238,18
38239,18
38240,18
38242,71
38243,71
38244,71
38245,18
38246,71
38247,71
38248,18
38249,71
38250,18
38251,18
38252,21
38253,21
38254,21
38255,21
38256,14
38257,14
38258,14
38260,44
38261,44
38262,44
38263,1
38263,43
38263,56
38263,92
38269,109
38270,109
38271,109
38272,109
38273,109
38274,109
38275,109
38276,109
38277,109
38278,69
38279,109
38280,109
38281,109
38282,109
38283,109
38284,109
38285,109
38286,109
38287,109
38288,109
38289,109
38290,109
38291,109
38292,109
38293,109
38294,109
38295,109
38296,109
38297,109
38298,109
38299,34
38299,44
38300,109
38301,109
38302,109
38303,109
38304,109
38305,109
38306,109
38307,32
38308,109
38309,109
38310,109
38311,44
38312,109
38313,109
38314,109
38315,109
38316,109
38317,109
38318,109
38319,109
38320,109
38324,50
38325,18
38326,1
38326,37
38326,40
38326,43
38327,1
38327,37
38327,40
38327,43
38327,92
38328,1
38328,43
38328,92
38331,18
38331,23
38332,18
38332,23
38332,33
38332,34
38335,23
38337,23
38337,32
38338,23
38339,69
38340,109
38341,109
38342,109
38343,69
38344,21
38345,21
38346,21
38347,95
38348,95
38349,32
38350,18
38351,7
38352,33
38352,34
38353,18
38354,37
38354,40
38355,37
38355,40
38356,37
38356,40
38357,18
38358,105
38359,105
38360,105
38361,105
38362,105
38363,105
38364,105
38365,105
38367,32
38368,105
38369,23
38370,18
38370,44
38372,32
38373,32
38374,32
38375,32
38376,18
38377,23
38378,23
38379,1
38379,43
38379,92
38382,23
38383,23
38383,32
38384,21
38385,21
38386,21
38387,21
38388,21
38389,21
38390,21
38391,21
38392,21
38393,40
38394,40
38395,1
38395,37
38395,92
38396,109
38397,109
38398,109
38399,109
38400,109
38401,109
38402,109
38403,109
38404,109
38405,109
38406,109
38407,109
38408,109
38409,56
38409,77
38410,56
38410,77
38411,8
38412,8
38413,27
38413,43
38414,18
38414,23
38415,27
38415,43
38416,27
38416,43
38417,27
38417,43
38418,27
38418,43
38422,58
38423,49
38424,49
38425,18
38426,10
38428,69
38429,69
38430,18
38430,23
38431,23
38432,69
38433,69
38434,69
38435,69
38436,69
38437,18
38438,18
38439,18
38440,18
38441,18
38442,18
38443,18
38444,18
38445,18
38446,18
38447,56
38447,92
38448,32
38454,23
38454,49
38457,23
38457,49
38461,56
38461,92
38462,56
38462,92
38463,56
38463,92
38464,21
38465,18
38466,95
38467,95
38468,95
38469,95
38470,95
38471,95
38472,95
38473,95
38474,95
38475,44
38476,23
38477,49
38478,23
38479,23
38481,12
38482,12
38483,23
38484,69
38485,12
38486,58
38487,21
38488,21
38489,21
38490,21
38491,21
38493,18
38494,18
38495,18
38496,21
38497,21
38498,21
38499,21
38500,21
38501,21
38502,21
38503,21
38504,109
38505,109
38506,109
38507,109
38508,69
38509,69
38510,69
38511,69
38519,18
38521,58
38522,21
38523,21
38524,21
38525,21
38526,21
38527,18
38528,18
38528,44
38529,59
38530,59
38531,59
38532,33
38532,34
38534,58
38535,105
38536,37
38537,23
38537,33
38552,1
38552,37
38552,40
38552,43
38552,92
38553,1
38553,43
38553,92
38554,49
38555,27
38555,43
38555,56
38556,27
38556,43
38556,56
38557,23
38558,77
38559,27
38559,43
38559,56
38560,77
38561,40
38561,43
38561,77
38562,109
38563,109
38564,109
38565,109
38566,109
38567,109
38568,109
38569,59
38570,33
38570,34
38571,32
38572,33
38572,34
38573,109
38574,23
38575,58
38576,77
38577,18
38578,18
38579,18
38580,18
38581,18
38582,18
38583,18
38584,18
38584,23
38585,44
38586,71
38587,71
38588,77
38589,71
38590,77
38591,77
38592,71
38593,77
38594,77
38595,77
38596,77
38597,37
38597,40
38597,77
38598,33
38598,34
38599,59
38600,59
38601,109
38602,10
38603,109
38604,49
38605,18
38605,44
38606,18
38606,44
38607,32
38608,32
38609,32
38610,32
38611,32
38612,32
38613,32
38614,32
38615,32
38616,32
38617,32
38620,18
38621,18
38625,105
38626,58
38627,18
38627,23
38627,33
38627,34
38628,105
38629,105
38630,71
38631,71
38632,71
38633,71
38634,32
38635,32
38635,109
38636,71
38637,18
38638,18
38639,18
38640,109
38641,109
38642,109
38643,109
38644,109
38645,109
38646,87
38647,87
38648,87
38649,87
38650,23
38654,109
38657,18
38658,21
38660,32
38660,109
38661,21
38662,21
38663,18
38663,44
38664,21
38665,109
38666,109
38667,109
38668,59
38673,58
38674,109
38675,18
38677,18
38678,10
38679,18
38680,18
38682,69
38682,109
38683,40
38683,43
38685,59
38686,23
38687,59
38693,109
38694,69
38695,69
38696,69
38697,69
38698,69
38699,69
38700,69
38701,69
38702,21
38703,18
38703,49
38704,103
38710,105
38711,105
38712,78
38713,78
38714,78
38715,78
38716,78
38717,78
38718,78
38723,18
38729,18
38730,18
38731,32
38732,32
38733,32
38734,32
38735,32
38736,32
38737,109
38738,32
38739,103
38742,32
38743,32
38746,32
38749,32
38750,32
38751,32
38754,18
38755,18
38756,18
38757,21
38758,18
38759,21
38760,7
38761,23
38762,18
38762,93
38763,21
38764,109
38765,109
38766,109
38767,109
38768,109
38769,109
38770,109
38771,21
38772,21
38773,37
38773,71
38774,37
38774,71
38775,37
38775,71
38776,21
38777,44
38778,18
38779,33
38779,34
38780,21
38781,69
38782,69
38783,18
38783,93
38784,109
38785,109
38786,8
38787,8
38788,109
38789,1
38789,37
38789,40
38789,92
38790,8
38791,1
38791,37
38791,40
38791,92
38792,18
38792,44
38793,69
38794,69
38795,69
38796,27
38796,43
38796,56
38797,77
38799,18
38799,93
38800,18
38800,93
38801,18
38801,93
38802,18
38802,93
38803,1
38803,37
38803,92
38804,1
38804,37
38804,92
38805,23
38806,18
38807,23
38808,18
38808,23
38809,38
38810,38
38811,23
38816,18
38825,13
38833,44
38836,32
38838,13
38840,13
38845,13
38847,44
38855,18
38855,23
38855,33
38855,34
38866,32
38867,32
38868,32
38869,32
38870,109
38871,109
38872,109
38873,21
38874,109
38875,46
38876,109
38877,46
38878,109
38879,109
38880,109
38881,109
38882,109
38883,109
38884,109
38885,109
38886,109
38887,21
38888,109
38889,21
38890,21
38891,21
38892,59
38893,21
38894,21
38895,21
38896,21
38897,21
38898,69
38899,21
38901,21
38902,46
38903,109
38904,109
38905,109
38906,109
38907,18
38908,18
38909,77
38910,18
38910,44
38911,18
38912,77
38913,18
38914,1
38914,92
38918,32
38918,105
38919,32
38919,105
38920,32
38920,105
38921,32
38921,105
38922,32
38922,105
38923,32
38923,109
38924,23
38925,21
38926,21
38928,21
38929,21
38931,21
38933,21
38934,21
38935,21
38936,21
38937,23
38937,32
38938,21
38939,21
38940,18
38940,23
38942,32
38943,109
38944,109
38945,109
38947,59
38948,59
38949,44
38949,48
38950,44
38950,48
38951,44
38953,44
38954,44
38954,48
38955,32
38956,18
38956,23
38957,23
38958,44
38959,44
38960,44
38961,87
38962,77
38963,87
38964,69
38965,69
38966,37
38966,71
38967,37
38967,71
38968,37
38968,71
38969,69
38970,44
38971,58
38972,58
38973,58
38974,8
38974,12
38975,8
38975,12
38976,69
38977,69
38978,23
38979,23
38980,23
38981,23
38982,23
38983,23
38987,21
38988,21
38989,21
38990,21
38991,21
38992,21
38993,18
38994,18
38995,18
38996,21
38997,21
38998,21
38999,21
39000,21
39001,21
39002,21
39003,21
39004,21
39005,21
39006,21
39007,21
39008,37
39008,71
39009,37
39009,71
39010,44
39011,49
39012,109
39013,109
39014,109
39015,109
39016,109
39017,109
39018,109
39019,77
39020,77
39021,58
39022,58
39023,58
39024,58
39025,58
39026,58
39027,77
39028,21
39029,21
39030,21
39031,21
39032,21
39033,21
39034,95
39035,21
39036,23
39037,18
39037,23
39037,33
39037,34
39038,37
39038,71
39039,18
39040,18
39040,44
39041,95
39042,95
39043,95
39044,95
39045,1
39045,37
39045,77
39045,92
39046,1
39046,37
39046,77
39046,92
39047,21
39048,21
39049,21
39050,23
39051,8
39052,105
39053,18
39055,44
39056,44
39057,44
39058,44
39059,44
39060,44
39061,44
39062,44
39063,44
39064,21
39065,23
39066,40
39066,43
39066,77
39067,95
39068,95
39069,95
39070,95
39071,8
39072,8
39073,8
39074,37
39074,71
39075,37
39075,71
39076,40
39080,18
39081,18
39082,109
39083,109
39084,109
39085,109
39086,109
39087,32
39088,32
39089,18
39090,18
39091,33
39091,34
39092,32
39093,32
39094,109
39095,109
39096,109
39097,109
39098,109
39099,109
39100,109
39101,109
39102,37
39102,71
39103,38
39104,38
39105,38
39106,38
39107,69
39108,69
39109,1
39109,43
39109,92
39110,32
39111,32
39112,77
39113,77
39114,77
39115,56
39115,77
39116,18
39116,23
39117,77
39118,109
39119,109
39120,87
39127,109
39128,109
39129,109
39130,109
39131,109
39132,109
39133,109
39134,87
39135,87
39136,87
39137,87
39138,87
39139,87
39140,87
39141,87
39142,18
39143,77
39144,69
39145,44
39146,18
39147,77
39148,21
39149,21
39150,21
39151,18
39153,18
39154,34
39155,34
39156,103
39157,44
39158,18
39159,18
39160,69
39161,87
39162,18
39162,93
39163,32
39164,32
39165,32
39166,32
39167,40
39167,77
39167,92
39169,37
39170,37
39171,37
39172,37
39173,37
39174,37
39175,69
39176,69
39177,69
39178,69
39179,69
39180,38
39180,46
39193,95
39194,95
39195,95
39197,18
39197,44
39198,21
39199,21
39200,21
39201,23
39202,59
39209,69
39212,38
39213,18
39213,44
39214,18
39215,18
39216,10
39217,10
39218,10
39220,109
39221,109
39222,109
39223,109
39224,109
39225,59
39226,44
39226,93
39227,44
39227,93
39230,109
39231,109
39234,10
39240,33
39240,34
39241,14
39242,14
39243,14
39244,109
39245,18
39245,44
39246,18
39246,44
39247,18
39247,44
39248,44
39249,44
39250,18
39251,108
39252,108
39253,108
39254,108
39255,105
39256,18
39256,44
39257,23
39257,33
39259,77
39261,10
39262,10
39263,21
39264,44
39265,44
39266,69
39267,69
39268,18
39268,69
39269,69
39270,69
39273,18
39274,18
39275,18
39276,18
39277,18
39278,87
39279,87
39280,87
39281,23
39284,21
39286,18
39286,23
39286,33
39286,34
39287,18
39287,23
39287,33
39287,34
39288,69
39289,69
39290,69
39291,23
39291,32
39292,103
39297,18
39297,44
39298,18
39298,44
39299,18
39299,44
39300,18
39300,44
39301,18
39301,44
39302,18
39302,44
39303,44
39304,18
39304,44
39305,44
39306,18
39306,44
39307,77
39308,103
39309,103
39310,103
39311,103
39312,103
39313,103
39314,105
39315,105
39316,1
39316,37
39316,92
39317,1
39317,37
39317,92
39318,1
39318,37
39318,92
39319,1
39319,37
39319,92
39320,21
39321,21
39322,21
39323,21
39324,18
39325,18
39329,59
39334,32
39340,32
39341,32
39342,23
39343,23
39347,69
39348,69
39349,69
39350,32
39351,32
39352,32
39353,32
39354,32
39355,32
39356,32
39357,32
39358,109
39359,109
39360,109
39361,7
39362,7
39363,23
39363,32
39364,92
39365,34
39365,70
39366,70
39367,34
39367,70
39368,34
39368,70
39369,34
39369,70
39370,34
39370,70
39371,18
39375,44
39376,46
39377,44
39377,59
39378,109
39379,109
39380,109
39381,109
39382,21
39383,21
39384,21
39385,21
39386,21
39387,10
39388,10
39389,10
39390,69
39391,69
39392,69
39393,69
39394,69
39395,69
39396,69
39397,69
39398,34
39398,70
39399,34
39399,70
39400,69
39401,69
39402,69
39403,27
39403,43
39403,56
39404,105
39405,21
39406,21
39407,21
39408,71
39409,71
39410,71
39411,71
39412,71
39413,69
39414,69
39415,69
39416,69
39417,18
39417,44
39419,109
39420,18
39421,18
39422,18
39423,109
39424,105
39425,77
39426,69
39427,69
39428,69
39430,23
39431,103
39435,40
39435,77
39435,92
39436,40
39436,77
39436,92
39437,23
39438,109
39439,50
39440,23
39442,92
39446,32
39447,32
39448,32
39449,23
39449,33
39450,23
39451,32
39452,32
39454,23
39455,23
39456,23
39457,46
39458,32
39463,18
39464,18
39465,18
39466,18
39466,49
39467,8
39468,8
39469,8
39470,18
39471,44
39471,48
39473,109
39474,69
39475,69
39476,32
39477,32
39479,21
39480,18
39480,23
39481,23
39482,23
39483,23
39484,23
39485,23
39486,49
39487,18
39488,18
39489,1
39489,23
39490,37
39490,40
39490,77
39491,32
39492,32
39493,55
39499,32
39500,23
39501,23
39502,23
39503,23
39504,23
39505,23
39506,18
39506,33
39506,34
39506,44
39507,1
39507,37
39507,40
39507,43
39507,92
39508,1
39508,37
39508,40
39508,43
39508,92
39509,1
39509,43
39509,92
39510,18
39512,33
39512,34
39514,21
39515,21
39516,37
39517,37
39518,37
39519,18
39520,77
39521,77
39522,77
39523,108
39524,108
39525,108
39526,33
39526,34
39527,32
39528,18
39528,33
39528,44
39529,77
39530,77
39531,18
39532,32
39533,32
39534,32
39535,32
39536,32
39537,32
39538,32
39539,32
39540,32
39541,32
39542,18
39542,44
39543,55
39544,55
39545,23
39546,21
39547,21
39548,21
39549,21
39550,21
39551,21
39552,109
39553,109
39554,109
39555,109
39556,109
39557,109
39558,109
39559,109
39560,109
39561,109
39562,109
39563,18
39564,18
39565,18
39566,18
39567,23
39567,32
39568,23
39568,44
39569,23
39570,18
39571,18
39572,21
39573,21
39574,21
39575,18
39576,33
39576,34
39577,33
39577,34
39578,33
39578,34
39579,33
39579,34
39580,33
39580,34
39581,18
39581,105
39581,109
39582,18
39582,105
39582,109
39583,18
39583,105
39583,109
39584,18
39584,105
39584,109
39586,92
39587,18
39587,77
39588,50
39589,50
39590,32
39591,32
39592,32
39593,32
39594,32
39595,32
39596,49
39597,32
39598,18
39600,32
39601,57
39602,57
39603,57
39604,57
39605,57
39606,109
39607,109
39608,109
39609,109
39610,109
39611,33
39611,34
39612,33
39612,34
39613,33
39613,34
39614,33
39614,34
39615,33
39615,34
39616,40
39616,43
39616,77
39617,58
39618,58
39619,18
39619,23
39620,23
39621,37
39622,37
39623,21
39624,23
39625,23
39626,23
39627,23
39628,32
39629,32
39630,32
39631,109
39632,109
39633,109
39634,66
39635,33
39635,34
39636,33
39636,34
39637,33
39637,34
39638,33
39638,34
39639,33
39639,34
39640,33
39640,34
39641,33
39641,34
39642,33
39642,34
39643,33
39643,34
39644,21
39645,21
39646,44
39647,44
39648,18
39648,44
39649,18
39649,44
39650,18
39650,44
39651,44
39651,109
39652,44
39652,109
39653,1
39653,37
39653,92
39654,56
39654,77
39655,56
39655,77
39656,21
39657,44
39658,44
39659,33
39659,34
39660,37
39661,18
39661,33
39661,34
39662,18
39662,23
39663,109
39664,109
39665,109
39666,109
39667,109
39668,109
39669,109
39670,109
39671,109
39672,109
39673,109
39674,18
39675,18
39676,18
39677,18
39678,18
39679,18
39680,23
39681,23
39682,109
39683,23
39684,23
39685,32
39686,18
39686,23
39687,33
39687,34
39689,47
39690,23
39690,32
39691,46
39692,46
39694,40
39694,43
39695,109
39696,109
39697,109
39698,1
39698,37
39698,92
39699,44
39700,44
39701,69
39702,69
39703,69
39704,69
39705,69
39706,71
39707,32
39708,21
39709,18
39709,44
39710,46
39710,69
39711,69
39712,69
39713,46
39713,69
39714,109
39715,69
39716,69
39717,46
39717,109
39718,46
39718,109
39719,46
39719,109
39720,46
39720,109
39721,46
39721,109
39722,46
39722,109
39723,46
39723,109
39724,46
39724,109
39725,46
39725,109
39726,33
39726,34
39728,55
39732,44
39733,44
39734,44
39735,44
39736,44
39738,33
39738,34
39739,69
39740,105
39741,32
39746,77
39747,23
39751,23
39752,23
39753,18
39753,23
39753,33
39753,34
39754,7
39755,37
39756,23
39760,32
39761,97
39762,21
39763,21
39764,21
39765,21
39766,21
39767,92
39768,37
39769,18
39770,18
39771,18
39772,33
39772,34
39773,21
39776,109
39777,109
39778,109
39779,109
39780,109
39781,109
39782,109
39783,109
39784,109
39785,109
39786,109
39787,109
39788,109
39789,109
39790,109
39791,109
39792,109
39793,109
39794,109
39795,1
39795,43
39795,92
39796,69
39796,109
39797,69
39797,109
39798,69
39798,109
39808,18
39812,18
39813,58
39814,58
39815,58
39816,58
39817,58
39818,58
39820,18
39821,23
39822,95
39823,95
39824,95
39825,95
39826,95
39827,87
39828,18
39829,44
39830,59
39831,23
39832,21
39833,21
39834,21
39835,21
39836,21
39837,21
39838,69
39839,33
39839,34
39840,66
39841,66
39842,23
39843,18
39844,18
39845,18
39846,52
39847,52
39849,23
39850,95
39851,95
39852,95
39853,95
39854,95
39855,95
39856,95
39857,95
39858,95
39859,95
39860,95
39861,95
39862,77
39863,69
39864,69
39865,23
39866,1
39866,37
39866,92
39867,92
39869,37
39870,23
39873,109
39874,109
39875,109
39876,109
39877,44
39878,44
39879,44
39880,44
39881,77
39882,77
39883,77
39885,13
39886,13
39887,13
39889,97
39890,97
39891,97
39893,59
39894,59
39895,59
39896,18
39897,18
39898,18
39899,18
39900,18
39901,18
39902,18
39903,18
39904,18
39905,18
39906,18
39907,18
39908,18
39909,23
39910,23
39911,23
39912,23
39913,23
39914,23
39915,23
39916,23
39917,23
39918,23
39919,92
39920,92
39921,33
39922,33
39923,33
39924,33
39925,33
39926,44
39927,97
39928,97
39929,97
39930,97
39931,97
39933,33
39933,34
39934,18
39934,33
39934,34
39934,44
39935,37
39936,26
39937,26
39938,26
39939,26
39940,26
39941,26
39942,32
39943,26
39944,32
39945,32
39946,1
39946,43
39946,92
39947,34
39947,70
39948,34
39948,70
39950,59
39951,59
39952,59
39953,59
39954,59
39955,59
39956,21
39957,21
39958,37
39959,45
39961,45
39963,45
39965,45
39966,45
39968,45
39969,45
39971,45
39975,18
39976,18
39977,66
39978,45
39979,45
39980,32
39981,32
39982,109
39983,8
39984,18
39985,18
39986,18
39987,44
39988,77
39989,59
39990,59
39991,59
39992,59
39993,77
39994,77
39995,77
39996,77
40001,77
40002,77
40003,77
40004,77
40006,33
40006,34
40007,33
40007,34
40008,109
40009,18
40010,18
40011,18
40011,44
40012,109
40013,109
40014,77
40015,109
40016,109
40017,109
40018,77
40019,18
40020,109
40021,109
40022,109
40023,109
40024,109
40025,109
40026,109
40027,109
40028,109
40029,109
40030,109
40031,109
40032,109
40033,109
40035,18
40035,23
40036,23
40037,23
40038,23
40039,8
40040,33
40040,34
40041,57
40042,57
40043,57
40044,57
40046,44
40047,109
40048,109
40049,109
40050,109
40051,109
40052,109
40053,43
40053,92
40054,23
40056,32
40057,32
40058,44
40059,59
40060,77
40061,33
40061,34
40062,103
40063,103
40064,103
40065,103
40066,32
40067,32
40068,32
40069,32
40070,32
40071,32
40072,32
40073,32
40074,32
40075,32
40076,32
40078,109
40079,109
40080,109
40081,109
40082,109
40083,109
40084,109
40085,109
40086,109
40087,109
40088,95
40089,18
40090,18
40091,18
40092,23
40093,23
40094,27
40096,69
40097,69
40098,18
40098,44
40099,69
40100,69
40101,69
40102,69
40103,69
40104,23
40105,97
40106,109
40107,109
40108,18
40108,105
40109,18
40109,105
40110,18
40110,100
40110,105
40111,18
40111,100
40111,105
40112,38
40113,87
40120,44
40121,32
40122,32
40123,32
40124,23
40125,23
40126,23
40127,23
40128,23
40129,44
40129,109
40130,33
40130,34
40131,33
40131,34
40132,33
40132,34
40133,33
40133,34
40134,33
40134,34
40135,33
40135,34
40136,33
40136,34
40137,33
40137,34
40138,33
40138,34
40139,33
40139,34
40140,37
40140,92
40141,37
40141,92
40142,27
40142,43
40142,56
40142,92
40143,27
40143,43
40143,56
40143,92
40144,13
40145,13
40146,105
40147,44
40148,18
40149,44
40150,44
40151,18
40152,95
40153,95
40154,95
40156,44
40157,44
40158,44
40159,46
40160,77
40161,95
40162,69
40163,69
40164,21
40165,21
40166,21
40182,77
40183,77
40184,40
40184,43
40184,77
40185,44
40186,44
40187,18
40187,44
40188,18
40188,44
40189,37
40190,37
40191,103
40192,103
40193,103
40194,103
40195,87
40196,87
40197,21
40198,109
40199,109
40200,109
40201,109
40202,109
40203,109
40204,109
40205,109
40206,109
40207,109
40208,87
40209,87
40210,87
40211,87
40212,87
40213,87
40214,87
40215,87
40216,59
40217,92
40218,92
40219,33
40219,34
40220,33
40220,34
40221,37
40222,105
40223,105
40224,105
40225,105
40226,105
40227,1
40227,37
40227,92
40228,1
40228,37
40228,92
40229,1
40229,37
40229,92
40230,1
40230,37
40230,92
40231,77
40232,37
40233,37
40235,37
40236,37
40237,103
40238,103
40239,103
40240,12
40241,12
40242,109
40243,18
40243,23
40244,18
40245,18
40245,23
40246,71
40247,71
40248,71
40249,59
40250,33
40250,34
40250,97
40251,32
40252,32
40253,32
40254,32
40255,105
40256,37
40257,69
40258,32
40259,32
40260,21
40261,21
40262,21
40263,18
40263,23
40264,18
40264,23
40265,18
40265,23
40266,23
40267,23
40268,23
40269,97
40270,97
40271,32
40272,23
40273,37
40274,23
40275,33
40275,34
40276,33
40276,34
40277,33
40277,34
40279,23
40280,23
40281,21
40282,21
40283,37
40284,32
40285,32
40286,32
40287,32
40292,32
40293,32
40294,18
40294,33
40294,44
40295,64
40296,64
40297,64
40298,64
40302,27
40303,105
40304,105
40305,32
40306,109
40307,109
40308,109
40309,69
40310,69
40311,69
40312,69
40313,32
40314,32
40315,55
40321,18
40321,44
40322,27
40323,109
40324,109
40325,109
40326,109
40327,109
40328,109
40329,109
40330,109
40331,109
40332,109
40333,109
40334,109
40335,109
40336,49
40337,49
40338,38
40339,87
40340,87
40342,18
40343,18
40344,18
40345,18
40346,18
40347,18
40348,18
40349,18
40350,18
40351,18
40352,69
40353,69
40354,69
40355,32
40355,109
40356,23
40357,23
40358,77
40359,77
40360,77
40361,23
40362,23
40363,23
40364,23
40365,23
40366,69
40367,69
40368,69
40369,69
40370,69
40371,23
40372,23
40373,23
40374,32
40375,32
40376,32
40377,32
40378,32
40379,32
40380,23
40381,23
40382,23
40383,23
40384,23
40385,21
40386,109
40387,23
40389,23
40390,23
40391,23
40392,23
40393,23
40394,44
40395,23
40396,23
40397,23
40398,23
40399,71
40400,95
40401,95
40402,95
40403,95
40404,95
40405,95
40406,95
40407,95
40408,95
40409,95
40410,109
40411,109
40412,95
40413,95
40414,95
40415,95
40416,95
40417,95
40418,95
40419,95
40420,95
40421,95
40422,95
40423,33
40423,34
40424,77
40425,77
40426,77
40427,77
40428,77
40429,77
40430,44
40431,49
40432,49
40433,49
40434,49
40435,49
40436,49
40437,49
40438,49
40439,49
40440,49
40441,49
40442,49
40443,49
40444,49
40445,49
40446,49
40447,49
40448,49
40449,23
40449,32
40450,23
40450,32
40451,23
40452,23
40453,23
40454,23
40454,44
40455,53
40456,53
40457,53
40462,1
40462,37
40462,92
40463,1
40463,37
40463,92
40464,1
40464,37
40464,92
40465,1
40465,37
40465,92
40466,1
40466,37
40466,92
40467,1
40467,37
40467,92
40468,1
40468,37
40468,92
40469,1
40469,37
40469,92
40470,1
40470,37
40470,92
40471,59
40475,40
40475,43
40475,77
40476,59
40477,18
40478,18
40479,18
40480,18
40481,18
40483,44
40486,103
40487,103
40488,103
40489,103
40490,103
40491,77
40492,77
40496,97
40497,77
40498,69
40499,69
40500,69
40503,10
40504,10
40505,10
40507,45
40508,45
40509,45
40510,45
40511,37
40511,77
40511,92
40512,37
40512,77
40512,92
40513,37
40513,77
40513,92
40514,37
40514,77
40514,92
40515,37
40515,77
40515,92
40516,32
40517,32
40518,32
40520,49
40521,9
40522,9
40523,32
40524,32
40525,32
40526,32
40527,32
40528,32
40529,32
40530,32
40531,32
40532,32
40533,32
40534,32
40535,32
40539,32
40540,32
40541,77
40542,77
40543,77
40544,77
40545,105
40546,9
40547,18
40547,93
40548,18
40548,93
40549,18
40549,93
40550,18
40550,93
40551,18
40551,93
40552,43
40552,77
40553,77
40554,21
40555,21
40556,23
40557,23
40558,57
40559,57
40560,43
40560,77
40561,46
40562,46
40563,46
40564,46
40574,18
40575,18
40576,18
40582,18
40582,93
40583,18
40583,93
40584,33
40584,34
40585,95
40586,95
40587,95
40588,95
40589,95
40590,95
40591,95
40592,95
40593,95
40594,95
40595,95
40596,95
40597,95
40598,95
40599,21
40600,21
40601,21
40602,21
40603,21
40604,95
40605,32
40608,18
40609,23
40610,23
40611,23
40612,77
40613,109
40614,109
40615,105
40616,109
40617,109
40619,18
40619,23
40619,33
40619,34
40620,18
40620,23
40621,7
40622,69
40623,69
40624,69
40625,18
40625,69
40626,37
40626,77
40627,37
40627,77
40628,37
40628,77
40629,23
40629,44
40630,23
40630,44
40631,23
40631,44
40632,18
40633,32
40634,32
40635,32
40636,32
40637,32
40638,32
40639,33
40640,69
40641,69
40642,69
40643,69
40644,69
40645,69
40646,38
40647,18
40648,18
40649,37
40650,37
40651,1
40651,27
40651,56
40651,92
40652,1
40652,27
40652,56
40652,92
40653,1
40653,27
40653,56
40653,92
40654,71
40655,71
40656,21
40657,21
40658,50
40659,40
40660,40
40661,40
40662,77
40663,59
40664,59
40665,59
40666,59
40667,59
40668,59
40669,59
40670,59
40671,18
40672,23
40672,32
40673,23
40673,32
40674,23
40674,32
40675,99
40676,23
40677,23
40678,13
40679,13
40680,13
40681,109
40682,32
40683,59
40684,59
40685,56
40685,77
40686,18
40687,77
40688,13
40689,13
40690,13
40691,18
40692,18
40693,32
40694,32
40695,69
40696,69
40697,69
40698,69
40699,69
40700,56
40700,77
40701,23
40702,44
40703,18
40704,56
40704,77
40705,56
40705,77
40706,34
40708,34
40709,34
40710,34
40711,34
40712,34
40713,34
40714,34
40717,32
40718,32
40719,18
40719,44
40720,77
40721,59
40722,59
40723,109
40724,109
40725,109
40726,109
40727,109
40728,109
40729,109
40730,109
40731,109
40732,109
40733,18
40734,18
40735,18
40736,18
40737,90
40738,90
40739,18
40739,93
40740,33
40740,34
40741,33
40741,34
40742,18
40742,23
40743,8
40744,18
40744,23
40745,23
40746,23
40747,23
40748,33
40748,34
40749,33
40749,34
40750,33
40750,34
40751,23
40752,23
40753,23
40754,18
40754,23
40755,18
40755,23
40756,18
40756,23
40757,33
40757,34
40758,33
40758,34
40759,33
40759,34
40760,33
40760,34
40761,33
40761,34
40762,33
40762,34
40763,44
40764,44
40765,44
40767,33
40767,34
40768,33
40768,34
40769,32
40770,59
40771,59
40772,59
40773,59
40775,77
40778,92
40779,92
40780,92
40781,92
40782,64
40783,64
40784,64
40785,64
40786,64
40787,64
40788,77
40789,23
40790,23
40791,23
40792,23
40793,40
40793,77
40794,40
40794,77
40795,87
40796,87
40797,87
40798,87
40799,87
40800,87
40801,18
40801,23
40801,33
40801,34
40802,21
40803,21
40804,49
40805,99
40806,99
40807,99
40808,99
40809,99
40810,99
40811,99
40812,99
40813,99
40814,99
40815,99
40816,99
40817,99
40818,99
40819,99
40820,18
40820,23
40821,23
40822,18
40822,77
40823,23
40824,23
40825,44
40826,23
40827,23
40828,23
40829,77
40830,69
40831,23
40832,44
40832,90
40833,18
40835,33
40835,34
40836,33
40836,34
40840,44
40841,18
40842,18
40843,18
40843,23
40844,23
40844,32
40845,23
40845,32
40846,49
40847,33
40847,34
40848,33
40848,34
40849,23
40850,32
40850,44
40851,32
40851,44
40852,103
40853,103
40854,103
40855,103
40856,103
40857,55
40858,18
40858,44
40859,95
40860,71
40860,109
40861,71
40862,71
40862,109
40863,71
40864,71
40864,109
40865,71
40866,71
40866,109
40867,71
40867,109
40868,71
40868,109
40869,18
40869,44
40870,18
40870,44
40871,18
40871,44
40872,95
40873,95
40874,95
40875,109
40876,109
40877,109
40878,109
40879,109
40880,109
40881,109
40882,109
40883,109
40884,109
40885,109
40886,109
40887,109
40888,109
40889,109
40890,109
40891,109
40892,109
40893,109
40894,18
40895,23
40896,109
40897,109
40898,109
40899,109
40900,77
40901,77
40902,77
40903,77
40904,97
40905,97
40906,97
40907,97
40908,97
40909,59
40910,59
40911,59
40912,59
40913,59
40914,59
40915,49
40916,49
40917,21
40918,21
40919,21
40920,8
40921,8
40922,8
40923,18
40924,23
40924,44
40925,23
40925,44
40926,23
40926,44
40927,23
40927,44
40928,23
40928,44
40929,23
40929,44
40930,18
40931,49
40932,77
40933,77
40934,77
40935,77
40936,23
40936,44
40937,32
40937,49
40938,49
40939,77
40940,77
40941,77
40942,23
40942,44
40943,23
40943,33
40943,34
40944,23
40944,33
40944,34
40945,23
40945,33
40945,34
40946,23
40946,33
40946,34
40947,23
40948,23
40949,23
40950,23
40951,23
40952,23
40953,23
40954,23
40955,23
40956,23
40957,109
40958,109
40959,109
40960,109
40961,109
40962,109
40963,18
40964,23
40965,49
40966,59
40967,105
40968,105
40969,105
40971,18
40972,18
40973,18
40974,18
40975,33
40975,34
40976,18
40977,18
40978,18
40979,8
40980,92
40981,92
40982,92
40983,92
40984,92
40985,92
40990,18
40991,32
40991,109
40994,71
40995,71
40996,18
40997,23
40998,44
40999,40
40999,43
40999,77
41000,69
41000,71
41001,18
41001,23
41002,23
41003,6
41004,21
41005,23
41007,77
41008,18
41009,18
41010,59
41011,59
41012,59
41013,109
41014,45
41015,18
41016,18
41017,18
41018,18
41019,18
41020,18
41021,18
41022,18
41023,18
41024,18
41025,97
41026,97
41027,97
41028,97
41029,97
41030,32
41031,32
41032,32
41033,32
41034,32
41035,32
41036,32
41037,23
41037,33
41037,34
41038,23
41038,33
41038,34
41039,69
41040,69
41041,69
41042,69
41043,69
41044,69
41044,71
41045,1
41045,37
41045,40
41045,43
41045,92
41046,1
41046,37
41046,43
41046,92
41047,1
41047,37
41047,40
41047,43
41047,92
41048,1
41048,37
41048,40
41048,43
41048,92
41049,21
41050,18
41062,21
41070,103
41071,18
41072,32
41072,44
41074,67
41075,67
41076,67
41077,16
41078,16
41079,16
41080,16
41081,16
41082,16
41083,16
41084,69
41084,71
41085,105
41086,109
41087,109
41088,109
41089,109
41090,69
41090,71
41091,69
41091,71
41092,66
41093,66
41094,97
41095,97
41096,109
41097,18
41097,44
41098,66
41099,66
41100,18
41100,44
41101,59
41102,69
41102,71
41103,59
41104,69
41104,71
41105,109
41106,109
41107,109
41108,69
41108,71
41109,16
41110,78
41111,32
41112,45
41113,45
41114,45
41115,45
41116,45
41117,8
41118,8
41119,8
41120,27
41120,43
41120,56
41121,69
41122,69
41123,69
41124,69
41125,87
41126,87
41127,87
41128,69
41129,69
41129,71
41130,69
41130,71
41131,21
41132,21
41133,103
41134,103
41135,103
41136,103
41137,103
41138,105
41139,64
41140,64
41141,64
41142,64
41143,64
41144,64
41145,64
41146,64
41147,64
41148,64
41149,64
41150,64
41151,18
41151,64
41152,23
41153,44
41154,18
41154,23
41154,33
41154,34
41155,18
41155,23
41155,33
41155,34
41156,97
41158,18
41159,18
41160,18
41161,23
41162,23
41163,77
41164,18
41165,18
41166,77
41167,23
41168,23
41172,23
41174,23
41174,44
41178,21
41179,21
41180,21
41181,21
41182,21
41183,21
41184,21
41185,21
41186,32
41187,33
41190,18
41191,18
41193,97
41194,1
41194,27
41194,43
41194,56
41194,92
41195,37
41196,37
41197,37
41198,37
41199,37
41200,37
41201,37
41202,77
41203,23
41204,23
41205,23
41206,23
41207,23
41208,23
41209,23
41210,23
41211,23
41212,23
41213,18
41214,18
41215,37
41216,37
41217,37
41218,37
41220,18
41221,77
41222,77
41223,77
41224,23
41228,23
41229,18
41230,18
41231,18
41232,18
41233,18
41234,18
41235,18
41238,18
41239,18
41240,40
41240,43
41240,77
41241,18
41242,18
41243,18
41244,18
41245,18
41246,18
41249,32
41250,32
41251,32
41252,32
41253,32
41254,32
41255,49
41256,49
41257,49
41258,46
41259,46
41260,46
41261,18
41262,18
41263,18
41264,1
41264,43
41264,92
41265,77
41266,77
41267,32
41268,18
41270,32
41271,32
41272,53
41273,53
41274,53
41275,53
41276,59
41277,18
41278,18
41279,18
41280,18
41281,18
41282,18
41283,18
41284,18
41285,18
41286,18
41287,23
41289,109
41290,109
41291,109
41292,109
41293,109
41294,109
41295,109
41296,109
41297,109
41298,109
41299,109
41300,109
41301,109
41302,109
41303,1
41303,43
41303,92
41304,18
41305,18
41306,44
41307,44
41308,44
41309,44
41310,23
41311,69
41312,69
41313,69
41314,69
41315,23
41316,69
41317,32
41318,18
41318,23
41319,18
41319,23
41320,18
41320,23
41321,18
41321,23
41322,37
41323,49
41324,49
41325,38
41326,69
41327,69
41328,69
41329,59
41330,23
41331,44
41332,77
41333,77
41334,77
41335,77
41337,59
41338,77
41346,77
41347,33
41347,34
41348,18
41349,23
41350,77
41351,18
41351,23
41351,33
41351,34
41352,44
41353,18
41353,44
41354,18
41354,23
41355,18
41355,44
41356,33
41356,34
41357,33
41357,34
41358,33
41358,34
41359,33
41359,34
41360,18
41361,18
41362,18
41363,18
41363,23
41364,56
41364,77
41365,56
41365,77
41366,56
41366,77
41367,18
41368,32
41369,44
41370,44
41371,44
41372,44
41373,44
41374,40
41374,43
41375,40
41375,43
41376,49
41377,18
41377,44
41378,87
41379,87
41380,87
41381,87
41394,103
41395,109
41396,109
41397,109
41398,109
41399,109
41400,109
41401,109
41402,109
41403,109
41404,109
41405,109
41406,109
41407,109
41408,109
41409,109
41410,109
41411,109
41412,109
41413,87
41414,13
41415,13
41416,13
41417,13
41418,43
41418,92
41419,44
41420,44
41421,44
41424,44
41430,18
41431,18
41432,18
41433,18
41436,18
41436,23
41436,33
41436,34
41437,18
41437,23
41450,18
41451,33
41451,34
41452,49
41453,49
41454,49
41461,72
41465,18
41466,18
41468,49
41469,32
41470,32
41471,32
41472,32
41473,32
41474,32
41475,32
41476,32
41477,32
41478,23
41480,6
41481,59
41482,59
41483,44
41484,13
41485,13
41486,49
41487,49
41488,66
41489,66
41490,1
41490,43
41490,92
41491,1
41491,43
41491,92
41493,77
41494,77
41495,77
41496,8
41497,37
41497,40
41497,77
41500,97
41501,97
41502,97
41503,97
41504,97
41505,97
41506,18
41507,18
41510,37
41511,37
41512,37
41513,23
41513,44
41514,23
41514,44
41515,23
41515,44
41516,23
41516,44
41519,18
41520,18
41521,44
41522,44
41523,44
41524,23
41525,18
41525,49
41526,18
41526,49
41527,67
41528,67
41529,67
41530,67
41531,67
41532,67
41533,23
41534,92
41541,97
41542,97
41543,97
41544,97
41545,97
41546,97
41547,97
41548,97
41550,77
41551,18
41551,77
41552,18
41552,77
41553,109
41554,109
41555,23
41556,108
41557,64
41558,64
41559,64
41560,64
41561,27
41561,43
41561,96
41562,18
41565,109
41566,109
41567,109
41568,109
41569,109
41570,109
41571,109
41572,109
41573,109
41574,109
41575,109
41576,109
41577,109
41578,109
41579,109
41580,109
41581,109
41584,23
41584,44
41585,23
41585,44
41586,37
41587,37
41588,37
41589,37
41590,14
41591,14
41592,14
41593,14
41597,44
41598,44
41599,92
41602,32
41603,32
41604,32
41605,18
41607,23
41607,49
41608,23
41608,49
41609,23
41609,49
41610,23
41610,49
41611,23
41611,49
41612,23
41612,49
41613,37
41614,37
41615,37
41616,37
41617,37
41620,27
41620,43
41621,105
41622,105
41623,105
41624,109
41625,109
41626,109
41627,109
41628,109
41629,109
41630,109
41635,103
41636,103
41637,103
41638,103
41639,103
41647,64
41648,23
41648,44
41649,18
41649,44
41650,69
41651,23
41652,37
41653,37
41655,40
41655,43
41655,77
41658,103
41659,103
41660,103
41661,103
41662,44
41663,44
41664,44
41665,44
41666,44
41667,44
41668,44
41669,44
41670,44
41671,44
41672,44
41673,32
41674,32
41675,32
41676,32
41677,32
41678,32
41679,32
41680,32
41681,32
41682,32
41683,32
41684,32
41685,32
41686,32
41687,18
41687,93
41688,18
41688,44
41689,44
41690,44
41691,44
41692,44
41693,92
41694,23
41694,33
41695,23
41695,33
41696,23
41696,33
41697,23
41697,33
41698,23
41698,33
41699,23
41699,33
41700,18
41701,18
41702,87
41703,40
41703,43
41704,44
41705,40
41705,43
41705,77
41707,18
41708,77
41728,77
41729,56
41729,77
41730,109
41731,109
41732,109
41733,109
41734,109
41735,109
41736,23
41736,44
41737,18
41739,109
41740,109
41741,109
41742,109
41743,109
41744,109
41745,109
41746,1
41746,43
41746,92
41747,109
41748,18
41749,37
41750,109
41751,87
41752,77
41753,32
41754,32
41755,21
41756,21
41757,21
41758,23
41759,23
41760,33
41761,6
41766,34
41767,34
41768,34
41769,34
41770,34
41771,34
41772,34
41773,49
41774,77
41775,77
41776,97
41777,97
41778,32
41779,32
41780,32
41781,32
41782,32
41783,32
41784,32
41785,33
41786,23
41787,23
41788,23
41788,32
41789,23
41789,32
41790,23
41790,32
41791,23
41792,18
41792,23
41793,23
41793,32
41795,66
41796,59
41797,59
41798,18
41799,18
41799,23
41800,1
41800,43
41800,92
41801,37
41801,40
41801,43
41801,92
41802,37
41802,40
41802,43
41802,92
41803,37
41803,40
41803,43
41803,92
41804,37
41804,40
41804,43
41804,92
41805,18
41805,33
41805,34
41805,44
41806,77
41807,109
41808,109
41809,109
41810,109
41811,109
41812,109
41813,109
41814,109
41815,23
41816,23
41817,23
41818,23
41818,32
41819,59
41820,23
41821,49
41822,49
41823,49
41824,49
41825,49
41826,49
41827,49
41828,49
41829,49
41830,78
41831,78
41832,18
41833,49
41834,49
41835,18
41836,49
41837,49
41838,109
41839,109
41840,109
41841,109
41842,109
41843,109
41844,59
41845,49
41846,49
41847,49
41848,49
41849,49
41850,49
41851,49
41852,49
41853,49
41854,21
41855,21
41856,71
41857,18
41858,18
41859,32
41860,32
41861,32
41862,32
41863,32
41864,32
41865,32
41866,32
41867,32
41868,18
41869,7
41871,7
41872,7
41873,7
41874,7
41875,32
41876,21
41877,109
41878,32
41879,32
41880,32
41881,32
41882,32
41883,32
41884,32
41885,32
41886,32
41887,32
41888,32
41889,32
41890,32
41891,52
41892,32
41893,32
41895,18
41895,23
41895,33
41895,34
41896,33
41896,34
41897,40
41898,95
41899,95
41900,95
41901,95
41903,7
41904,7
41905,97
41906,47
41907,47
41908,47
41909,47
41910,40
41911,18
41912,18
41913,18
41914,18
41915,18
41916,18
41917,18
41918,18
41919,18
41920,18
41921,18
41922,18
41923,18
41924,18
41925,18
41926,18
41927,77
41928,77
41929,35
41930,35
41931,35
41932,35
41933,100
41934,100
41935,100
41936,100
41937,100
41938,100
41939,100
41940,23
41941,23
41942,23
41943,23
41944,35
41945,35
41946,35
41947,35
41948,89
41949,89
41950,89
41951,89
41952,71
41953,18
41954,18
41955,18
41956,18
41957,18
41957,44
41958,23
41959,95
41960,95
41961,95
41962,95
41963,95
41964,95
41965,18
41965,44
41966,59
41967,33
41967,34
41968,33
41968,34
41969,89
41970,89
41971,23
41973,69
41974,69
41975,69
41977,44
41978,44
41979,44
41980,44
41981,44
41982,59
41986,18
41986,23
41987,69
41988,69
41989,69
41990,32
41991,32
41992,32
41994,97
41995,97
41996,97
41997,97
41998,23
41999,18
42000,23
42001,109
42002,105
42004,95
42008,23
42008,44
42009,34
42010,23
42010,33
42010,34
42011,23
42011,33
42011,34
42012,23
42012,33
42012,34
42013,97
42014,18
42015,18
42016,18
42017,109
42018,109
42019,109
42020,109
42021,109
42022,109
42023,21
42024,21
42025,21
42026,21
42027,21
42028,21
42029,21
42030,18
42031,18
42032,1
42032,37
42032,92
42033,97
42034,33
42034,34
42037,18
42037,44
42038,77
42039,77
42040,77
42041,77
42049,1
42049,37
42049,92
42050,23
42051,23
42052,23
42053,18
42053,44
42055,7
42056,7
42057,7
42058,1
42058,43
42058,56
42058,92
42059,33
42059,34
42060,49
42061,49
42062,49
42063,49
42064,59
42065,23
42066,23
42067,23
42068,23
42070,59
42071,23
42072,49
42073,49
42074,49
42075,87
42076,87
42077,77
42078,77
42086,23
42087,49
42088,49
42089,78
42090,78
42091,78
42092,23
42093,66
42094,45
42095,45
42096,23
42097,64
42098,64
42099,64
42100,64
42101,18
42101,64
42102,64
42103,64
42106,18
42107,32
42108,33
42108,34
42109,77
42110,77
42111,77
42112,77
42113,32
42113,33
42113,34
42114,18
42115,59
42124,23
42125,23
42126,23
42127,23
42134,23
42135,23
42138,18
42138,23
42138,33
42138,34
42139,109
42140,23
42141,23
42142,23
42143,23
42144,23
42145,23
42146,23
42155,23
42156,18
42156,77
42157,44
42158,23
42159,23
42160,37
42161,37
42162,37
42163,23
42164,23
42165,23
42166,23
42167,23
42168,23
42169,23
42170,23
42171,23
42172,23
42173,23
42174,69
42175,71
42176,71
42177,71
42178,109
42179,109
42180,109
42181,18
42182,18
42183,18
42184,18
42185,18
42186,18
42187,18
42188,23
42189,23
42190,18
42191,18
42192,18
42193,18
42194,18
42195,18
42196,18
42197,18
42198,18
42199,18
42200,18
42201,18
42202,37
42203,37
42204,37
42205,37
42207,33
42207,34
42208,18
42209,18
42210,18
42211,18
42212,32
42212,34
42213,32
42213,34
42214,32
42214,34
42215,32
42215,34
42216,32
42216,34
42217,32
42218,49
42219,69
42220,69
42221,49
42222,49
42224,49
42225,49
42226,37
42227,56
42227,77
42228,56
42228,77
42229,56
42229,77
42230,56
42230,77
42231,56
42231,77
42232,56
42232,77
42233,18
42235,44
42237,71
42238,33
42238,34
42239,71
42240,71
42241,71
42242,71
42243,23
42244,33
42244,34
42245,33
42245,34
42246,33
42246,34
42247,18
42248,105
42262,23
42262,32
42263,23
42263,32
42266,44
42267,44
42268,44
42269,44
42270,32
42271,44
42272,44
42273,44
42274,44
42276,44
42277,78
42278,109
42279,109
42280,109
42281,109
42282,109
42283,109
42284,109
42285,109
42286,33
42286,34
42288,18
42289,97
42290,18
42291,10
42292,7
42293,7
42294,7
42295,7
42296,7
42297,7
42298,7
42299,23
42306,58
42307,58
42308,58
42309,58
42310,77
42312,23
42314,44
42315,44
42316,44
42317,44
42318,44
42319,44
42320,44
42321,44
42322,44
42332,18
42333,18
42334,8
42335,50
42336,50
42337,50
42338,33
42338,34
42339,30
42340,77
42341,77
42342,77
42343,64
42344,23
42345,45
42346,45
42347,45
42348,32
42349,23
42349,49
42350,18
42350,44
42351,1
42351,77
42351,92
42352,1
42352,43
42352,92
42353,21
42354,44
42355,59
42356,59
42357,59
42358,23
42359,58
42360,58
42361,23
42362,77
42363,58
42364,18
42364,23
42364,33
42364,34
42365,58
42366,23
42367,18
42368,23
42379,77
42380,77
42381,87
42382,18
42382,23
42383,97
42384,97
42385,97
42388,6
42389,6
42390,6
42391,6
42392,6
42393,6
42394,33
42394,34
42395,33
42395,34
42396,33
42396,34
42397,71
42398,59
42399,59
42400,59
42401,59
42402,59
42403,59
42404,59
42405,18
42406,18
42407,18
42408,46
42409,46
42410,18
42411,50
42412,50
42413,50
42414,50
42415,50
42416,50
42417,50
42418,50
42419,18
42420,18
42421,18
42422,59
42423,18
42424,59
42425,21
42426,21
42427,21
42428,44
42428,77
42429,44
42429,77
42431,18
42432,37
42433,89
42434,18
42436,32
42437,97
42438,97
42439,32
42441,32
42442,32
42443,32
42444,32
42445,32
42446,32
42447,32
42448,32
42449,32
42450,32
42451,32
42452,32
42456,35
42457,33
42457,34
42458,33
42458,34
42459,33
42459,34
42462,58
42463,58
42464,58
42465,58
42466,58
42467,58
42468,58
42469,59
42470,59
42471,59
42472,59
42473,59
42474,59
42475,59
42476,18
42477,35
42481,44
42482,44
42483,1
42483,77
42483,92
42484,21
42485,21
42487,32
42488,69
42489,77
42490,35
42491,93
42492,93
42493,93
42494,93
42495,32
42496,49
42497,49
42498,49
42499,49
42500,49
42501,23
42502,77
42503,77
42504,77
42505,77
42506,97
42507,47
42508,47
42509,47
42510,77
42511,18
42511,23
42512,18
42512,23
42513,18
42513,23
42514,59
42515,23
42516,18
42516,23
42517,18
42517,23
42518,18
42518,23
42519,18
42519,23
42520,18
42520,23
42523,109
42524,109
42525,109
42526,109
42527,109
42528,109
42529,21
42530,23
42531,103
42532,103
42533,103
42534,103
42535,103
42536,103
42537,103
42538,103
42539,103
42540,1
42540,43
42540,92
42541,1
42541,37
42541,92
42542,1
42542,37
42542,92
42544,71
42545,77
42546,23
42547,44
42548,44
42549,103
42550,103
42551,40
42551,43
42552,59
42553,18
42554,44
42555,109
42556,109
42557,77
42558,109
42559,109
42561,58
42562,23
42563,23
42564,23
42565,23
42566,23
42567,64
42568,64
42569,64
42570,64
42571,109
42572,109
42573,109
42574,103
42575,103
42576,50
42577,44
42578,77
42579,58
42580,18
42580,23
42581,18
42581,23
42581,44
42582,18
42582,23
42582,44
42583,23
42584,23
42585,18
42586,58
42587,58
42588,58
42589,33
42589,34
42591,33
42591,34
42592,109
42593,109
42594,109
42595,109
42596,109
42597,44
42598,32
42600,33
42600,34
42604,32
42605,32
42606,32
42608,78
42610,18
42611,18
42612,18
42613,18
42614,18
42615,18
42616,18
42617,18
42618,18
42619,18
42620,18
42621,18
42622,18
42623,18
42624,18
42625,59
42626,59
42627,44
42628,44
42629,44
42630,44
42631,37
42632,18
42632,23
42633,18
42633,23
42634,21
42635,21
42636,21
42637,21
42638,21
42639,21
42640,21
42641,21
42642,21
42643,23
42643,44
42644,23
42644,44
42645,23
42645,44
42646,23
42646,44
42647,23
42647,44
42648,23
42648,44
42649,23
42649,44
42650,23
42650,44
42651,23
42651,44
42652,33
42652,34
42662,49
42667,18
42667,23
42676,58
42677,33
42677,34
42678,77
42679,109
42680,109
42681,109
42682,109
42683,109
42684,34
42684,37
42684,71
42685,40
42685,43
42686,40
42686,43
42687,40
42687,43
42688,40
42688,43
42689,109
42690,109
42692,1
42692,92
42693,33
42693,34
42694,33
42694,34
42696,33
42696,34
42697,33
42697,34
42700,23
42702,77
42703,77
42706,18
42706,44
42707,32
42708,109
42709,109
42710,23
42711,23
42712,18
42712,74
42713,13
42714,13
42715,13
42716,13
42717,77
42718,77
42722,33
42722,34
42723,64
42724,64
42725,64
42726,64
42727,64
42728,64
42729,64
42733,33
42733,34
42734,23
42735,32
42736,32
42737,32
42738,57
42739,57
42741,32
42742,32
42743,32
42744,32
42745,32
42746,32
42747,32
42748,32
42749,32
42750,32
42751,32
42752,32
42753,49
42754,49
42755,49
42756,49
42757,49
42759,44
42760,44
42766,32
42767,33
42767,34
42768,33
42768,34
42769,32
42770,18
42772,77
42774,23
42775,44
42776,56
42776,77
42778,77
42780,32
42781,32
42783,27
42783,43
42783,56
42784,18
42784,44
42785,23
42786,23
42787,49
42788,49
42789,49
42790,49
42791,49
42792,49
42793,49
42794,49
42795,49
42796,49
42797,49
42798,49
42799,49
42800,49
42801,49
42802,49
42803,49
42804,49
42805,49
42806,49
42807,49
42808,49
42809,49
42810,18
42810,44
42811,18
42811,44
42812,18
42813,18
42814,18
42815,37
42816,23
42817,18
42817,44
42818,103
42829,77
42836,18
42836,44
42837,18
42838,18
42839,18
42840,18
42841,18
42842,18
42843,37
42843,77
42844,1
42844,37
42844,40
42844,92
42845,77
42846,77
42847,77
42848,77
42849,33
42849,34
42850,33
42850,34
42851,33
42851,34
42852,18
42853,21
42854,21
42855,21
42856,21
42857,77
42858,33
42858,34
42859,97
42860,71
42861,27
42861,43
42861,56
42862,23
42863,23
42864,69
42864,71
42865,7
42866,7
42867,7
42868,7
42869,7
42870,7
42871,7
42872,7
42873,109
42874,97
42875,69
42876,69
42877,69
42878,69
42882,87
42883,87
42884,87
42885,87
42886,87
42887,87
42888,87
42890,32
42891,32
42892,32
42893,32
42894,23
42894,32
42895,33
42896,103
42897,103
42899,77
42900,30
42901,18
42902,103
42903,18
42903,44
42904,77
42905,1
42905,43
42905,92
42906,77
42907,18
42907,44
42908,23
42908,33
42908,34
42909,49
42910,49
42912,44
42913,23
42914,23
42915,23
42916,18
42916,33
42916,34
42917,1
42917,37
42917,40
42917,43
42917,92
42918,8
42919,18
42920,18
42921,18
42922,18
42923,18
42925,49
42926,49
42927,49
42928,49
42929,49
42930,49
42931,49
42932,64
42933,64
42934,18
42934,44
42936,64
42937,64
42938,64
42939,64
42940,71
42941,32
42942,8
42943,8
42944,8
42945,8
42946,8
42947,8
42948,8
42949,8
42950,8
42951,8
42952,8
42953,69
42954,69
42955,69
42956,69
42957,69
42959,69
42959,71
42960,69
42960,71
42962,18
42963,18
42964,18
42965,18
42966,18
42967,33
42967,34
42968,23
42969,49
42970,49
42971,49
42972,49
42973,49
42974,49
42975,49
42976,8
42977,8
42978,8
42979,8
42980,8
42981,8
42982,8
42983,8
42994,95
43003,8
43006,27
43006,43
43007,100
43008,100
43009,100
43010,100
43011,100
43012,100
43013,100
43014,100
43015,21
43016,21
43017,103
43018,18
43019,18
43020,18
43021,18
43022,18
43023,18
43024,23
43025,23
43030,44
43031,18
43032,105
43033,47
43034,47
43035,47
43036,47
43037,47
43038,47
43039,47
43040,45
43041,45
43042,45
43044,7
43045,7
43046,7
43047,44
43048,18
43048,23
43048,44
43049,18
43049,23
43049,44
43050,18
43050,23
43050,44
43051,21
43052,44
43053,32
43054,32
43055,32
43056,32
43058,32
43059,32
43060,32
43061,32
43071,87
43073,32
43074,32
43075,32
43076,32
43077,32
43078,32
43079,109
43080,109
43081,109
43082,109
43083,109
43084,45
43085,32
43086,32
43087,21
43088,32
43089,32
43090,32
43091,105
43092,105
43093,10
43094,33
43094,34
43095,77
43096,77
43097,71
43098,103
43099,103
43100,103
43101,103
43102,103
43103,69
43104,69
43105,69
43106,69
43107,69
43108,69
43109,69
43110,69
43111,37
43112,77
43113,40
43113,43
43113,77
43114,49
43115,23
43116,77
43117,77
43118,77
43119,77
43120,67
43127,45
43128,45
43129,45
43130,45
43131,45
43132,45
43133,45
43134,27
43134,43
43134,56
43135,18
43136,18
43137,18
43138,8
43139,8
43140,8
43141,8
43142,95
43143,95
43144,95
43145,95
43146,77
43147,23
43148,18
43149,18
43149,23
43149,33
43149,34
43149,44
43149,77
43150,8
43151,1
43151,37
43151,77
43151,92
43152,1
43152,37
43152,77
43152,92
43153,33
43153,34
43154,59
43155,77
43156,77
43157,23
43158,23
43159,23
43160,23
43161,69
43162,69
43163,69
43164,69
43165,69
43167,43
43167,92
43172,109
43173,44
43174,44
43175,44
43176,44
43177,109
43178,109
43179,109
43180,109
43181,109
43182,109
43183,109
43184,109
43185,109
43186,109
43187,109
43188,109
43189,64
43190,33
43190,34
43190,44
43191,33
43191,34
43191,44
43192,33
43192,34
43192,44
43194,49
43195,49
43196,49
43197,109
43198,109
43199,109
43200,49
43201,49
43202,49
43203,49
43204,49
43205,49
43206,32
43207,32
43208,49
43209,32
43210,32
43211,32
43212,32
43213,32
43214,49
43215,49
43216,49
43217,49
43218,49
43219,49
43220,49
43221,49
43222,49
43223,49
43224,49
43225,49
43226,49
43227,49
43228,49
43229,49
43230,49
43231,49
43232,44
43233,18
43234,108
43237,23
43238,109
43239,40
43239,77
43240,40
43240,77
43241,6
43242,6
43243,6
43244,6
43245,6
43246,6
43247,6
43248,59
43249,59
43250,59
43251,21
43252,21
43253,21
43254,21
43255,21
43256,21
43257,21
43258,21
43259,21
43260,21
43261,21
43262,21
43263,21
43264,59
43265,23
43266,23
43267,23
43268,23
43269,18
43270,69
43271,69
43272,69
43273,69
43274,37
43274,40
43274,77
43276,32
43277,32
43278,32
43279,105
43280,66
43281,95
43282,95
43283,95
43284,7
43285,7
43286,7
43287,7
43288,7
43289,109
43290,59
43291,23
43292,23
43294,27
43294,43
43294,56
43294,92
43295,59
43296,105
43297,50
43298,50
43299,21
43300,103
43302,50
43303,59
43304,59
43305,59
43306,59
43309,52
43311,50
43312,18
43313,23
43314,23
43315,23
43316,32
43317,18
43318,32
43319,59
43321,32
43322,1
43322,37
43322,92
43323,32
43324,32
43325,50
43326,32
43327,59
43328,71
43329,71
43330,95
43331,71
43332,18
43333,32
43334,32
43335,32
43336,7
43337,7
43338,7
43339,108
43341,6
43342,23
43345,27
43345,43
43345,56
43346,18
43346,33
43346,34
43346,44
43347,18
43347,23
43347,33
43347,34
43347,44
43347,77
43348,18
43348,33
43348,34
43348,44
43349,32
43350,32
43351,44
43352,44
43353,44
43355,109
43356,33
43356,34
43357,8
43358,8
43359,69
43360,69
43361,69
43362,69
43363,69
43364,18
43364,33
43364,34
43364,44
43365,18
43365,33
43365,34
43365,44
43369,32
43370,32
43371,32
43372,32
43373,32
43374,109
43375,109
43376,109
43377,109
43378,109
43379,27
43379,43
43380,69
43381,69
43382,69
43383,23
43385,23
43386,6
43387,6
43388,6
43389,23
43390,44
43391,44
43392,77
43393,18
43393,23
43394,44
43395,44
43396,44
43397,44
43398,44
43400,18
43400,44
43401,45
43402,45
43403,45
43404,45
43405,45
43406,45
43407,45
43408,45
43409,45
43410,45
43411,45
43412,45
43413,45
43414,45
43419,23
43420,18
43420,44
43421,18
43421,44
43422,18
43422,44
43423,18
43423,44
43424,18
43424,44
43425,18
43425,44
43426,18
43426,44
43427,103
43428,103
43429,21
43430,23
43431,69
43432,69
43433,69
43434,37
43435,18
43435,23
43435,33
43435,34
43436,21
43437,21
43438,21
43439,21
43440,21
43441,21
43442,21
43443,21
43444,21
43445,21
43446,21
43447,21
43448,21
43449,32
43450,64
43451,64
43452,64
43453,64
43454,44
43455,44
43456,44
43457,37
43458,37
43459,109
43460,64
43461,64
43462,77
43467,95
43468,109
43469,32
43470,77
43471,77
43472,77
43473,109
43474,109
43475,56
43475,77
43476,56
43476,77
43477,56
43477,77
43478,69
43479,69
43480,69
43481,18
43482,108
43483,108
43484,108
43485,108
43486,108
43487,18
43488,69
43489,69
43490,69
43491,69
43492,50
43493,50
43499,69
43500,69
43503,18
43504,50
43505,50
43506,50
43507,50
43508,50
43509,50
43510,50
43511,50
43512,50
43513,50
43514,50
43515,69
43516,69
43517,21
43518,21
43519,18
43520,23
43521,21
43522,109
43523,109
43524,109
43525,109
43526,109
43527,21
43528,21
43529,21
43530,21
43531,109
43532,109
43533,21
43535,56
43535,77
43536,33
43536,34
43537,33
43537,34
43538,33
43538,34
43539,33
43539,34
43540,33
43540,34
43542,109
43543,109
43550,55
43551,55
43552,55
43553,32
43553,44
43561,69
43562,32
43563,32
43564,32
43565,32
43566,108
43567,18
43568,32
43569,23
43570,18
43574,109
43575,109
43576,109
43577,109
43578,109
43579,109
43580,109
43581,18
43582,18
43583,18
43585,108
43586,108
43587,108
43588,49
43590,109
43591,109
43592,109
43593,109
43594,109
43595,109
43596,109
43597,109
43598,109
43599,1
43599,37
43599,92
43600,59
43601,59
43602,23
43607,77
43608,77
43610,77
43611,49
43612,21
43613,21
43614,21
43615,21
43616,21
43617,21
43618,103
43619,95
43620,95
43621,95
43622,95
43623,95
43624,18
43625,32
43626,69
43627,69
43628,69
43629,69
43630,69
43631,18
43632,27
43632,43
43632,56
43633,32
43634,32
43635,32
43636,32
43637,32
43644,27
43644,43
43644,56
43645,23
43645,44
43646,23
43646,44
43649,18
43650,23
43651,23
43652,95
43653,95
43654,95
43655,95
43656,95
43657,95
43658,95
43659,95
43660,95
43661,95
43662,69
43663,69
43664,69
43665,18
43666,49
43667,33
43667,34
43668,33
43668,34
43669,32
43670,23
43670,44
43671,23
43671,44
43672,23
43672,44
43673,23
43673,44
43674,23
43675,23
43675,49
43676,23
43676,49
43677,32
43678,18
43678,44
43679,92
43680,92
43681,92
43682,92
43683,92
43684,92
43685,92
43686,92
43687,92
43688,92
43689,21
43690,103
43691,23
43691,49
43692,18
43695,64
43696,64
43697,23
43698,23
43698,44
43699,23
43699,44
43700,23
43700,44
43701,23
43701,44
43702,23
43702,44
43703,23
43703,44
43704,23
43704,44
43705,97
43706,18
43707,18
43708,58
43709,58
43710,58
43711,58
43712,58
43713,58
43721,21
43722,18
43723,18
43724,77
43725,27
43725,43
43725,56
43726,33
43727,45
43728,45
43729,45
43730,45
43731,71
43732,71
43733,71
43734,49
43736,21
43737,18
43738,18
43739,97
43748,33
43748,34
43749,33
43749,34
43750,33
43750,34
43751,44
43752,44
43753,95
43754,95
43755,95
43756,95
43757,95
43758,95
43759,95
43760,95
43761,95
43762,95
43766,23
43766,44
43767,23
43770,77
43771,109
43772,109
43773,109
43774,44
43775,44
43776,87
43777,87
43778,87
43779,87
43780,32
43782,45
43783,46
43784,46
43785,44
43786,44
43787,109
43788,109
43789,13
43790,13
43791,13
43792,13
43803,32
43804,95
43805,95
43806,95
43807,32
43808,32
43809,32
43810,38
43812,38
43813,38
43814,49
43815,33
43816,33
43817,33
43818,33
43818,34
43819,33
43819,34
43820,33
43820,34
43821,21
43822,23
43823,69
43824,69
43825,1
43825,37
43826,49
43827,23
43828,66
43829,66
43830,66
43831,66
43832,66
43833,66
43834,66
43835,66
43836,66
43837,66
43838,66
43852,18
43852,44
43853,59
43854,23
43855,77
43856,50
43857,50
43858,49
43859,18
43860,50
43865,44
43865,77
43866,7
43867,7
43868,7
43869,7
43870,7
43871,7
43872,7
43873,7
43874,7
43875,7
43876,7
43877,33
43877,34
43878,33
43878,34
43879,23
43879,44
43880,23
43880,44
43881,23
43881,44
43882,23
43882,44
43883,23
43883,44
43884,23
43884,44
43885,23
43885,44
43886,59
43887,59
43888,59
43889,23
43889,44
43890,23
43890,44
43891,23
43891,44
43892,23
43892,44
43893,23
43893,44
43894,18
43894,33
43894,34
43895,18
43895,33
43895,34
43896,69
43897,21
43898,18
43898,33
43898,34
43899,38
43900,38
43901,38
43902,108
43903,77
43904,18
43904,93
43905,18
43905,93
43906,18
43906,33
43906,44
43907,18
43907,33
43907,44
43908,18
43909,21
43910,21
43914,66
43915,97
43917,109
43918,109
43919,109
43920,109
43921,77
43922,95
43923,95
43924,49
43925,71
43926,18
43927,18
43928,18
43929,18
43929,105
43930,77
43931,13
43932,13
43933,32
43934,87
43936,97
43937,97
43938,18
43939,18
43940,18
43941,23
43941,49
43942,23
43942,49
43943,23
43944,32
43945,32
43946,32
43947,32
43948,32
43949,64
43950,64
43951,64
43952,64
43953,64
43955,18
43956,18
43957,23
43962,77
43963,44
43963,109
43967,32
43968,32
43969,33
43969,34
43969,44
43970,77
43971,77
43974,77
43975,18
43975,23
43976,18
43976,23
43976,33
43976,34
43977,23
43977,49
43978,23
43978,49
43979,23
43979,49
43980,23
43980,49
43981,23
43981,49
43982,23
43982,49
43983,92
43984,92
43985,92
43986,46
43986,50
43987,46
43987,50
43988,46
43988,50
43989,50
43990,50
43991,50
43992,50
43993,50
43994,71
43996,46
43997,46
43998,46
43999,46
44000,46
44001,50
44002,50
44003,50
44004,49
44005,49
44008,103
44009,23
44009,44
44016,18
44017,49
44018,49
44019,27
44019,43
44020,69
44021,69
44022,69
44023,69
44024,69
44025,69
44026,69
44027,69
44028,69
44029,69
44030,69
44033,18
44033,23
44033,44
44034,18
44034,23
44034,44
44035,18
44035,23
44035,44
44036,18
44036,23
44036,44
44037,18
44038,18
44039,77
44040,33
44040,34
44041,33
44041,34
44042,23
44043,18
44043,23
44043,34
44043,44
44044,18
44045,18
44046,18
44047,77
44048,77
44049,77
44050,57
44051,1
44051,37
44051,92
44052,77
44053,77
44054,69
44055,69
44056,59
44057,1
44057,77
44057,92
44058,67
44059,67
44060,77
44061,77
44064,23
44064,44
44065,23
44065,44
44066,59
44067,59
44068,23
44069,23
44070,23
44070,44
44071,69
44072,69
44073,69
44074,69
44075,18
44075,23
44076,38
44077,38
44078,38
44079,38
44081,23
44081,44
44082,23
44083,40
44083,77
44084,40
44084,77
44085,40
44085,77
44086,40
44086,77
44087,40
44087,77
44088,18
44088,77
44089,27
44089,43
44089,56
44090,23
44090,44
44091,23
44091,44
44092,23
44092,44
44093,23
44093,44
44094,21
44095,21
44097,18
44097,77
44098,18
44098,44
44099,109
44100,109
44101,109
44102,109
44103,109
44104,69
44104,109
44105,69
44105,109
44106,32
44106,69
44106,109
44107,69
44107,109
44108,69
44109,69
44110,69
44111,21
44112,21
44113,21
44114,32
44115,32
44117,50
44118,50
44119,59
44119,69
44120,59
44120,69
44121,69
44122,69
44123,21
44124,21
44125,21
44126,18
44126,32
44127,18
44127,32
44128,18
44128,32
44129,18
44129,32
44132,32
44133,32
44134,32
44135,32
44136,32
44137,32
44138,32
44139,32
44140,23
44141,1
44141,43
44141,92
44142,1
44142,43
44142,92
44143,23
44145,33
44145,34
44146,33
44146,34
44147,33
44147,34
44148,33
44148,34
44157,18
44175,1
44175,43
44175,92
44176,1
44176,43
44176,92
44177,1
44178,1
44178,43
44178,92
44179,1
44179,43
44179,92
44180,18
44180,44
44181,33
44181,34
44182,109
44183,109
44184,69
44185,23
44186,92
44187,92
44188,92
44189,92
44190,92
44191,92
44192,92
44193,92
44194,92
44195,77
44196,18
44197,1
44197,37
44197,40
44197,77
44197,92
44198,56
44198,77
44199,56
44199,77
44204,1
44204,37
44204,40
44204,77
44204,92
44205,1
44205,37
44205,40
44205,77
44205,92
44206,1
44206,37
44206,40
44206,77
44206,92
44208,18
44209,44
44210,44
44211,44
44212,44
44213,44
44224,64
44225,64
44226,64
44227,21
44228,21
44229,21
44230,21
44231,21
44233,32
44234,71
44235,71
44236,71
44237,71
44238,71
44239,71
44240,71
44241,77
44242,21
44243,18
44244,95
44245,95
44246,18
44247,59
44248,23
44249,23
44250,23
44251,23
44253,18
44253,23
44254,21
44255,21
44256,21
44257,21
44258,21
44259,21
44260,77
44261,77
44262,71
44263,109
44264,18
44265,18
44266,18
44267,18
44268,18
44269,18
44270,18
44271,18
44272,18
44273,18
44274,18
44275,18
44276,18
44277,18
44278,18
44279,18
44280,32
44281,18
44282,32
44283,32
44286,77
44287,59
44288,59
44289,18
44290,44
44291,44
44292,44
44294,69
44295,69
44296,69
44297,69
44298,69
44299,69
44300,77
44302,34
44303,34
44304,34
44305,33
44305,34
44307,33
44308,33
44310,32
44311,32
44312,32
44313,18
44314,58
44315,18
44315,97
44316,16
44317,16
44318,16
44319,16
44320,16
44321,16
44326,45
44327,45
44328,33
44328,34
44329,7
44330,7
44331,7
44332,7
44333,7
44334,7
44335,23
44335,32
44336,77
44337,77
44339,33
44340,18
44340,44
44341,18
44341,44
44342,33
44343,21
44344,32
44345,58
44346,18
44346,44
44347,18
44347,44
44348,18
44348,44
44349,18
44349,44
44350,18
44351,18
44352,18
44352,44
44353,18
44353,44
44354,23
44355,1
44355,27
44355,56
44355,92
44356,49
44357,23
44357,32
44358,59
44359,32
44360,109
44361,109
44362,109
44363,23
44364,23
44365,18
44366,18
44367,18
44368,23
44368,49
44369,23
44369,49
44370,23
44370,49
44371,49
44377,33
44377,34
44378,33
44378,34
44379,33
44379,34
44380,33
44380,34
44381,33
44381,34
44383,44
44384,44
44385,44
44386,44
44387,23
44388,23
44389,59
44390,59
44391,59
44392,59
44393,59
44394,18
44394,23
44394,33
44394,34
44394,44
44395,23
44396,23
44398,18
44398,23
44399,103
44401,64
44402,64
44403,64
44404,33
44404,34
44405,33
44405,34
44406,33
44406,34
44407,33
44407,34
44410,32
44416,44
44420,44
44422,27
44422,43
44422,56
44454,1
44454,27
44454,56
44454,92
44455,1
44455,27
44455,56
44455,92
44456,1
44456,27
44456,56
44456,92
44457,1
44457,27
44457,56
44457,92
44458,1
44458,27
44458,56
44458,92
44459,1
44459,27
44459,56
44459,92
44460,1
44460,27
44460,56
44460,92
44461,1
44461,27
44461,56
44461,92
44462,32
44462,109
44467,8
44468,8
44469,8
44471,103
44472,103
44473,103
44474,109
44475,59
44476,40
44476,43
44477,44
44478,44
44479,44
44480,44
44481,44
44482,18
44483,33
44483,34
44484,33
44484,34
44485,33
44485,34
44486,33
44486,34
44487,33
44487,34
44488,33
44488,34
44489,33
44489,34
44490,33
44490,34
44491,33
44491,34
44492,33
44492,34
44493,77
44494,77
44495,32
44496,18
44496,23
44496,44
44497,23
44498,23
44499,58
44505,44
44506,44
44507,44
44508,44
44509,18
44510,18
44511,23
44512,109
44513,21
44514,71
44515,71
44516,71
44517,71
44518,71
44519,71
44520,71
44521,71
44522,77
44523,109
44524,44
44525,1
44525,44
44525,92
44526,1
44526,44
44526,92
44527,1
44527,44
44527,92
44528,1
44528,44
44528,92
44529,8
44530,8
44531,8
44532,77
44533,49
44534,49
44535,49
44536,49
44537,109
44538,109
44539,109
44540,109
44541,109
44542,109
44543,109
44545,18
44546,18
44547,1
44547,37
44547,92
44548,1
44548,37
44548,92
44549,1
44549,37
44549,92
44550,1
44550,37
44550,92
44551,69
44552,45
44553,77
44554,77
44555,77
44556,77
44557,18
44558,18
44558,44
44560,46
44561,46
44562,77
44568,66
44569,66
44570,23
44571,23
44572,23
44573,21
44574,21
44575,40
44576,49
44577,49
44578,49
44579,49
44580,49
44581,49
44582,49
44583,49
44584,35
44585,35
44586,87
44587,87
44588,87
44589,87
44590,87
44591,18
44591,33
44591,34
44591,44
44592,33
44592,34
44593,33
44593,34
44594,33
44594,34
44595,44
44596,44
44597,44
44598,44
44599,77
44600,23
44600,49
44601,23
44601,49
44602,23
44602,49
44603,23
44603,49
44604,23
44604,49
44605,23
44605,49
44606,23
44607,23
44608,23
44609,23
44610,23
44611,23
44612,23
44613,23
44614,44
44615,32
44616,32
44618,23
44619,18
44619,33
44619,34
44619,44
44620,33
44620,34
44620,44
44621,33
44621,34
44621,44
44622,44
44623,44
44624,44
44625,44
44626,44
44627,18
44630,18
44631,98
44632,98
44633,98
44634,98
44635,98
44636,98
44637,98
44638,109
44639,23
44639,49
44640,23
44640,49
44641,23
44641,49
44642,23
44642,49
44643,71
44644,77
44645,77
44646,77
44647,77
44648,44
44649,44
44650,44
44651,44
44652,44
44653,44
44654,44
44655,32
44656,32
44657,32
44658,32
44659,32
44663,56
44663,77
44664,69
44665,69
44666,69
44667,69
44668,1
44668,37
44668,40
44668,77
44668,92
44672,18
44672,44
44673,1
44673,43
44673,92
44674,1
44674,43
44674,92
44675,1
44675,43
44675,92
44676,1
44676,43
44676,92
44678,18
44679,77
44680,71
44681,23
44682,109
44683,109
44684,109
44685,109
44686,109
44687,109
44688,23
44688,49
44689,23
44689,49
44690,23
44690,49
44691,23
44691,49
44692,23
44692,49
44693,44
44693,90
44694,33
44694,34
44695,109
44696,109
44697,103
44698,103
44699,33
44699,34
44699,77
44700,33
44700,34
44700,77
44701,33
44701,34
44701,77
44702,33
44702,34
44702,77
44703,33
44703,34
44703,77
44704,33
44704,34
44704,77
44705,33
44705,34
44705,77
44706,33
44706,34
44706,77
44707,33
44707,34
44707,77
44708,33
44708,34
44708,77
44709,33
44709,34
44709,77
44710,33
44710,34
44711,33
44711,34
44711,77
44712,33
44712,34
44712,77
44713,33
44713,34
44713,77
44714,33
44714,34
44714,77
44715,33
44715,34
44715,77
44716,33
44716,34
44716,77
44717,33
44717,34
44718,33
44718,34
44719,1
44719,37
44719,40
44719,43
44719,92
44720,1
44720,37
44720,40
44720,92
44721,1
44721,37
44721,40
44721,43
44721,92
44722,77
44723,77
44724,1
44724,37
44724,40
44724,92
44725,1
44725,37
44725,40
44725,92
44726,1
44726,37
44726,40
44726,92
44727,1
44727,37
44727,40
44727,92
44728,1
44728,43
44728,92
44729,1
44729,43
44729,92
44730,1
44730,43
44730,92
44731,1
44731,37
44731,40
44731,43
44731,92
44732,1
44732,37
44732,40
44732,77
44732,92
44733,1
44733,37
44733,40
44733,77
44733,92
44734,77
44735,1
44735,37
44735,40
44735,43
44735,92
44736,1
44736,37
44736,40
44736,43
44736,92
44737,37
44738,57
44739,57
44740,57
44741,57
44742,87
44743,1
44743,37
44743,40
44743,43
44743,92
44744,1
44744,37
44744,40
44744,43
44744,92
44746,16
44754,23
44756,7
44757,7
44758,7
44759,7
44760,7
44761,7
44762,7
44763,7
44764,7
44765,7
44766,23
44766,33
44766,34
44767,23
44767,33
44767,34
44768,7
44769,7
44770,7
44771,37
44772,37
44773,37
44774,37
44775,37
44776,37
44777,37
44778,37
44779,37
44780,37
44781,109
44782,109
44783,109
44784,21
44785,21
44786,87
44787,87
44788,18
44788,23
44788,33
44788,34
44788,44
44788,77
44789,44
44790,71
44791,71
44792,71
44793,71
44794,71
44795,71
44796,71
44797,18
44798,18
44799,18
44800,18
44801,18
44801,23
44801,44
44802,18
44802,23
44802,44
44803,18
44803,23
44803,44
44804,18
44804,37
44804,44
44808,37
44808,40
44808,77
44809,44
44810,44
44811,44
44812,44
44813,44
44814,44
44815,44
44816,44
44817,44
44818,23
44819,23
44820,97
44821,97
44822,97
44823,97
44824,97
44825,97
44826,97
44827,97
44828,97
44829,97
44830,7
44831,7
44832,7
44833,7
44834,33
44834,34
44834,44
44835,33
44835,34
44836,23
44837,23
44838,23
44839,23
44840,23
44841,23
44842,109
44843,109
44844,77
44845,77
44846,33
44846,34
44847,33
44847,34
44848,33
44848,34
44849,33
44849,34
44850,66
44851,66
44852,66
44853,66
44854,109
44855,109
44856,109
44857,109
44858,109
44859,109
44860,109
44861,109
44862,109
44864,66
44865,66
44866,66
44867,66
44868,66
44869,66
44870,66
44871,77
44872,77
44876,23
44877,23
44878,23
44879,23
44880,23
44881,33
44881,34
44883,77
44884,77
44885,59
44886,18
44887,69
44888,69
44889,1
44889,40
44889,43
44889,92
44890,23
44892,23
44893,23
44893,32
44894,32
44894,33
44894,34
44895,18
44896,109
44897,109
44898,109
44899,67
44900,67
44901,33
44901,34
44902,18
44903,33
44903,34
44904,18
44905,18
44906,18
44907,18
44908,32
44910,8
44911,8
44912,44
44913,33
44913,34
44914,33
44914,34
44916,23
44917,23
44918,23
44919,44
44921,33
44921,34
44922,18
44922,44
44928,97
44929,97
44930,97
44931,97
44932,97
44933,97
44934,69
44935,87
44936,87
44937,97
44938,97
44939,97
44940,97
44941,87
44942,97
44943,97
44944,97
44945,97
44946,97
44947,44
44948,44
44949,44
44950,59
44953,44
44954,44
44955,109
44956,109
44958,44
44959,33
44959,34
44960,44
44961,44
44962,44
44963,44
44970,49
44971,49
44972,49
44973,59
44974,23
44974,32
44975,23
44975,32
44976,18
44976,23
44977,23
44978,23
44979,23
44980,23
44980,44
44981,23
44981,44
44982,23
44982,44
44983,37
44984,44
44985,44
44986,44
44987,44
44988,33
44988,34
44989,18
44989,93
44990,97
44992,44
44993,44
44994,44
44995,44
45008,109
45009,109
45010,109
45011,109
45012,109
45013,69
45014,18
45015,105
45017,21
45018,32
45019,32
45020,32
45021,23
45022,23
45023,92
45024,92
45025,92
45026,92
45027,92
45028,92
45029,92
45030,18
45031,18
45032,18
45033,57
45034,23
45035,23
45036,23
45037,23
45038,69
45039,69
45040,69
45041,69
45042,69
45043,33
45043,34
45044,69
45045,69
45046,109
45047,50
45048,50
45049,50
45050,97
45051,97
45052,97
45053,97
45054,1
45054,37
45054,40
45054,43
45054,92
45055,1
45055,37
45055,40
45055,43
45055,92
45056,18
45056,44
45057,34
45058,18
45063,37
45063,40
45063,77
45064,37
45064,40
45064,77
45065,37
45065,40
45065,77
45070,77
45072,14
45073,14
45074,97
45083,49
45084,18
45085,33
45085,34
45086,49
45087,50
45088,77
45091,18
45094,1
45094,37
45094,92
45095,1
45095,37
45095,92
45096,1
45096,37
45096,92
45097,18
45098,18
45099,49
45100,21
45101,32
45102,45
45103,64
45104,64
45105,64
45106,64
45107,108
45108,103
45109,18
45109,23
45109,33
45109,34
45110,64
45111,64
45123,103
45126,49
45127,23
45128,23
45132,43
45133,14
45134,14
45135,40
45135,43
45136,23
45137,23
45138,71
45139,64
45140,32
45141,32
45142,32
45143,44
45144,109
45145,109
45146,32
45147,32
45148,32
45149,32
45150,109
45152,7
45153,7
45154,77
45155,77
45156,23
45157,23
45158,23
45159,23
45160,97
45165,18
45165,33
45165,34
45166,21
45167,23
45168,50
45174,32
45174,33
45174,34
45175,18
45176,18
45177,18
45177,23
45177,44
45178,32
45179,33
45179,34
45180,45
45181,37
45182,37
45183,37
45184,37
45186,37
45187,37
45188,37
45189,37
45190,37
45191,37
45192,37
45193,37
45194,37
45196,40
45196,43
45197,40
45197,43
45198,43
45198,92
45199,43
45199,92
45200,43
45200,92
45202,66
45203,66
45204,43
45204,92
45205,43
45205,92
45206,21
45208,69
45209,69
45210,69
45211,69
45214,32
45215,77
45216,23
45217,23
45218,23
45219,23
45220,23
45222,69
45223,69
45224,59
45225,1
45225,43
45225,92
45226,1
45226,43
45226,92
45227,1
45227,43
45227,92
45228,1
45228,43
45228,92
45229,38
45230,38
45231,23
45232,50
45254,33
45254,34
45255,33
45255,34
45256,32
45256,109
45259,59
45260,59
45261,109
45262,109
45263,6
45264,6
45265,69
45266,69
45267,49
45268,49
45269,1
45269,37
45269,40
45269,43
45269,92
45270,18
45271,18
45272,18
45273,18
45274,18
45275,32
45276,69
45277,69
45278,69
45279,69
45280,23
45280,44
45281,23
45281,44
45282,23
45282,44
45283,38
45284,50
45285,23
45286,44
45287,44
45288,44
45289,21
45290,21
45291,21
45292,21
45293,23
45294,23
45295,23
45296,23
45297,23
45299,45
45300,45
45301,45
45302,7
45303,7
45304,7
45305,7
45306,7
45307,7
45308,18
45309,18
45313,55
45314,32
45315,44
45316,44
45317,44
45318,44
45319,44
45320,44
45321,44
45322,44
45323,23
45323,44
45324,44
45325,44
45326,44
45327,44
45328,44
45329,44
45333,21
45334,87
45335,87
45336,18
45337,18
45338,18
45339,18
45340,32
45341,32
45342,32
45343,32
45344,21
45345,21
45350,71
45351,71
45352,71
45353,71
45354,71
45355,71
45356,71
45357,21
45358,21
45359,18
45359,23
45360,18
45360,23
45361,109
45362,109
45363,109
45364,109
45365,109
45366,109
45367,109
45368,109
45370,69
45371,77
45372,77
45373,77
45374,77
45375,109
45376,109
45377,18
45378,71
45379,71
45380,71
45381,71
45382,109
45383,109
45384,109
45385,109
45386,109
45387,109
45388,44
45389,44
45390,66
45391,66
45392,66
45393,66
45394,50
45395,64
45396,33
45397,32
45398,45
45399,45
45400,77
45401,21
45402,37
45402,40
45402,43
45402,92
45412,77
45413,77
45414,69
45415,109
45416,109
45417,109
45418,23
45418,44
45419,23
45419,44
45420,23
45420,44
45421,23
45421,44
45422,23
45424,7
45425,32
45426,40
45426,77
45427,8
45428,8
45429,8
45430,8
45431,8
45432,8
45433,8
45434,10
45435,87
45436,1
45436,43
45436,92
45437,1
45437,43
45437,92
45438,1
45438,43
45438,92
45439,1
45439,43
45439,92
45441,18
45441,33
45441,34
45442,69
45443,23
45444,23
45445,23
45445,32
45446,77
45447,66
45449,66
45451,66
45454,21
45455,18
45456,77
45457,77
45458,77
45459,23
45460,18
45460,34
45461,18
45461,34
45462,23
45463,18
45463,34
45465,78
45466,78
45467,78
45468,78
45469,78
45470,78
45471,78
45472,78
45473,78
45474,78
45477,21
45478,21
45479,21
45480,21
45481,21
45482,21
45483,21
45484,21
45485,21
45486,23
45487,23
45488,23
45489,18
45490,18
45491,59
45492,23
45493,23
45494,10
45495,10
45496,10
45497,10
45498,10
45499,10
45500,10
45501,10
45502,1
45502,37
45502,92
45503,1
45503,37
45503,92
45504,1
45504,37
45504,92
45507,77
45508,46
45509,44
45517,23
45519,23
45520,66
45521,66
45522,66
45523,66
45524,66
45525,66
45526,27
45526,43
45526,56
45527,32
45528,109
45529,103
45530,103
45531,77
45532,77
45533,109
45534,109
45535,109
45536,109
45537,109
45538,109
45539,37
45540,37
45541,37
45546,18
45547,23
45548,44
45550,23
45552,23
45553,64
45554,33
45554,34
45555,18
45556,18
45557,23
45558,23
45559,56
45559,77
45560,56
45560,77
45561,56
45561,77
45562,56
45562,77
45563,18
45564,18
45565,18
45566,18
45567,32
45575,45
45576,50
45577,18
45577,44
45578,1
45578,43
45578,92
45579,1
45579,43
45579,92
45580,1
45580,43
45580,92
45581,1
45581,43
45581,92
45583,23
45584,23
45585,18
45586,64
45587,64
45588,64
45594,23
45595,23
45597,55
45598,55
45599,33
45599,34
45600,33
45600,34
45607,21
45608,1
45608,43
45608,92
45609,1
45609,43
45609,92
45610,1
45610,43
45610,92
45611,1
45611,43
45611,92
45612,71
45613,18
45614,23
45615,69
45616,23
45617,44
45621,33
45621,34
45622,33
45622,34
45623,33
45623,34
45624,33
45624,34
45625,33
45625,34
45626,33
45626,34
45627,33
45627,34
45628,33
45628,34
45629,33
45629,34
45630,32
45630,49
45631,32
45631,49
45632,32
45632,49
45633,32
45633,49
45634,32
45634,49
45635,32
45635,49
45636,32
45636,49
45637,32
45637,49
45638,32
45638,49
45639,32
45639,49
45640,32
45640,49
45641,32
45641,49
45642,32
45642,49
45643,32
45643,49
45644,32
45644,49
45645,32
45645,49
45646,32
45646,49
45647,32
45647,49
45648,32
45649,32
45650,32
45660,69
45661,69
45662,69
45663,18
45664,34
45665,23
45666,23
45667,23
45668,23
45670,23
45671,23
45673,103
45674,77
45675,1
45675,37
45675,40
45675,43
45675,92
45676,1
45676,37
45676,40
45676,43
45676,92
45677,32
45678,109
45679,109
45680,109
45681,109
45682,109
45683,109
45684,45
45685,45
45686,45
45687,1
45687,37
45687,92
45689,23
45690,18
45691,18
45692,33
45692,34
45694,1
45694,37
45694,40
45694,43
45694,92
45695,1
45695,37
45695,40
45695,43
45696,77
45697,33
45697,34
45698,33
45698,34
45699,33
45699,34
45700,33
45700,34
45701,18
45702,18
45703,18
45704,18
45705,18
45706,27
45706,43
45706,56
45707,27
45707,43
45707,56
45708,27
45708,43
45708,56
45709,27
45709,43
45709,56
45710,18
45711,18
45712,18
45713,18
45714,109
45715,109
45716,109
45717,109
45718,109
45719,109
45720,23
45721,23
45723,18
45724,33
45724,34
45724,77
45725,33
45725,34
45725,77
45726,33
45726,34
45726,77
45727,56
45727,77
45728,56
45728,77
45729,23
45729,32
45730,18
45731,18
45732,21
45733,21
45734,18
45735,64
45736,97
45737,97
45738,97
45739,97
45740,97
45741,32
45742,32
45743,32
45744,32
45745,32
45746,109
45747,21
45749,30
45750,7
45751,7
45752,7
45753,7
45754,7
45755,7
45756,7
45757,7
45758,7
45759,7
45760,7
45761,7
45762,7
45763,7
45764,7
45765,69
45766,69
45767,69
45768,69
45769,32
45770,109
45771,32
45772,32
45773,32
45774,32
45775,32
45776,32
45777,32
45778,32
45786,23
45787,21
45788,21
45789,21
45791,10
45795,18
45796,18
45797,45
45798,1
45798,37
45798,43
45798,92
45799,1
45799,37
45799,43
45799,92
45800,1
45800,37
45800,43
45800,92
45801,1
45801,37
45801,43
45801,92
45802,87
45803,87
45804,87
45805,87
45806,87
45807,87
45808,18
45808,44
45809,1
45809,43
45809,92
45810,1
45810,43
45810,92
45811,1
45811,43
45811,92
45812,1
45812,43
45812,92
45813,1
45813,43
45813,92
45814,1
45814,43
45814,92
45815,49
45816,49
45817,49
45818,49
45819,21
45820,44
45821,44
45822,23
45823,23
45824,18
45825,49
45826,49
45827,49
45828,49
45829,49
45830,32
45831,18
45832,18
45833,7
45834,7
45835,7
45836,7
45837,69
45838,69
45839,69
45840,69
45841,1
45841,37
45841,92
45842,1
45842,37
45842,92
45843,1
45843,37
45843,92
45844,69
45845,1
45845,37
45845,92
45846,44
45847,44
45848,44
45849,44
45850,44
45851,44
45852,44
45853,44
45854,32
45854,109
45855,18
45856,18
45859,23
45860,23
45863,66
45864,44
45865,44
45866,44
45867,44
45868,44
45869,44
45870,44
45871,44
45872,18
45873,18
45874,21
45875,21
45879,18
45880,18
45881,57
45882,57
45883,57
45884,57
45885,57
45886,33
45887,77
45888,77
45889,77
45890,23
45891,23
45892,109
45893,109
45894,109
45895,109
45896,21
45897,21
45898,21
45899,18
45900,77
45901,77
45902,44
45903,44
45904,44
45905,44
45906,49
45907,14
45908,32
45909,32
45914,69
45915,69
45916,69
45917,69
45918,69
45919,69
45920,69
45921,77
45922,77
45923,77
45924,77
45925,77
45926,77
45927,77
45929,18
45930,18
45931,18
45932,18
45933,18
45934,18
45935,21
45936,21
45937,21
45938,21
45939,23
45940,44
45941,44
45942,44
45943,44
45944,44
45945,44
45946,44
45947,44
45948,44
45949,44
45950,44
45951,44
45952,105
45953,105
45954,105
45955,105
45956,105
45957,105
45958,105
45959,105
45960,77
45961,77
45963,69
45964,64
45965,77
45966,46
45967,46
45975,49
45976,49
45977,33
45977,34
45978,33
45978,34
45979,33
45979,34
45980,33
45980,34
45981,23
45982,18
45983,18
45984,23
45984,49
45985,23
45985,49
45986,23
45986,49
45987,55
45988,23
45989,23
45990,18
45991,18
45992,18
45993,18
45994,18
45995,18
45996,18
45997,18
45998,18
45999,18
46000,18
46001,18
46002,23
46002,44
46003,49
46004,109
46005,109
46006,77
46007,77
46008,77
46009,77
46010,103
46011,103
46012,103
46013,18
46013,23
46014,18
46014,23
46015,23
46016,23
46018,77
46019,49
46020,18
46021,18
46022,18
46023,18
46024,32
46025,32
46026,69
46026,71
46029,32
46032,71
46034,18
46034,93
46035,32
46036,50
46037,50
46038,50
46039,50
46040,50
46041,23
46044,49
46045,1
46045,37
46045,40
46045,92
46046,23
46047,33
46047,34
46048,23
46049,23
46050,23
46051,23
46052,23
46053,23
46054,23
46055,23
46057,21
46058,21
46059,21
46060,21
46061,21
46062,21
46063,21
46064,23
46065,23
46066,23
46069,18
46069,109
46070,18
46070,109
46071,18
46071,109
46072,18
46072,109
46073,18
46073,109
46074,18
46074,93
46074,109
46075,18
46075,109
46076,18
46076,109
46077,18
46077,109
46078,18
46078,109
46079,18
46079,109
46080,18
46080,109
46081,18
46081,109
46082,18
46082,109
46083,18
46083,109
46084,18
46084,109
46085,18
46085,109
46086,44
46087,44
46088,44
46089,44
46090,44
46091,44
46092,44
46093,44
46094,44
46095,21
46097,23
46098,23
46099,103
46100,103
46101,103
46102,103
46103,103
46104,77
46105,77
46106,32
46106,33
46107,32
46107,33
46108,32
46108,33
46109,77
46110,78
46111,18
46113,97
46114,97
46115,18
46116,23
46117,23
46118,23
46119,23
46120,23
46121,23
46122,23
46123,23
46124,23
46125,23
46126,23
46127,87
46128,87
46129,44
46130,92
46131,56
46131,77
46132,6
46133,64
46134,92
46135,92
46136,92
46137,92
46138,92
46139,92
46140,92
46141,92
46142,92
46144,18
46144,23
46144,33
46144,34
46151,37
46155,37
46156,23
46156,33
46156,34
46157,18
46162,18
46163,37
46164,37
46165,33
46166,33
46167,33
46168,23
46172,18
46173,18
46174,59
46175,44
46176,1
46176,37
46176,40
46176,92
46177,27
46177,43
46177,56
46178,27
46178,43
46178,56
46179,27
46179,43
46179,56
46180,27
46180,43
46180,56
46181,18
46182,23
46183,77
46184,23
46186,18
46187,18
46188,77
46189,18
46190,18
46191,44
46192,44
46193,44
46194,44
46195,44
46197,33
46197,34
46198,77
46199,77
46200,77
46201,77
46202,77
46203,77
46204,77
46205,77
46206,77
46207,40
46207,43
46208,50
46209,50
46210,50
46211,50
46212,50
46213,44
46214,44
46215,44
46216,23
46216,32
46219,23
46220,23
46220,44
46232,109
46233,109
46234,109
46235,109
46236,109
46237,109
46238,18
46239,18
46240,18
46241,77
46243,18
46243,23
46247,7
46248,7
46249,7
46250,7
46251,7
46252,7
46253,18
46253,44
46254,6
46255,6
46256,6
46257,87
46258,77
46259,18
46260,18
46261,18
46261,44
46262,77
46263,77
46264,40
46264,77
46265,40
46265,77
46266,40
46266,77
46267,40
46267,77
46268,40
46268,77
46269,77
46270,69
46271,69
46272,69
46273,69
46274,8
46274,18
46275,32
46276,23
46277,32
46278,32
46279,32
46280,32
46281,32
46282,49
46283,49
46284,49
46285,8
46286,23
46289,18
46290,1
46290,37
46290,92
46292,109
46293,1
46293,37
46293,92
46294,77
46295,18
46295,44
46296,18
46296,44
46297,18
46297,44
46298,103
46300,77
46301,77
46303,109
46304,37
46305,37
46306,37
46307,37
46308,37
46309,37
46310,37
46311,1
46311,43
46311,92
46312,23
46313,23
46317,64
46318,32
46319,32
46319,109
46322,66
46323,66
46324,66
46325,66
46326,66
46327,7
46328,7
46329,7
46330,7
46331,7
46332,7
46333,7
46334,59
46335,59
46336,59
46337,59
46338,59
46339,59
46340,59
46341,59
46342,23
46343,8
46344,8
46345,8
46346,34
46346,37
46346,92
46347,44
46348,23
46349,18
46350,27
46350,43
46350,56
46350,92
46351,77
46352,77
46353,18
46354,18
46355,18
46356,18
46357,18
46360,18
46361,18
46362,18
46363,18
46364,18
46365,18
46366,18
46367,18
46368,18
46369,18
46370,103
46371,32
46372,44
46373,44
46374,44
46375,44
46376,33
46376,34
46377,33
46377,34
46378,33
46378,34
46379,33
46379,34
46382,18
46382,23
46383,58
46384,1
46384,43
46384,92
46385,1
46385,43
46385,92
46386,1
46386,43
46386,92
46387,97
46388,97
46389,44
46390,44
46391,44
46393,44
46394,44
46395,18
46395,44
46396,50
46397,50
46398,50
46399,69
46400,69
46401,69
46402,69
46403,18
46403,93
46404,18
46404,93
46405,18
46405,93
46413,32
46414,32
46416,77
46417,21
46418,21
46419,21
46420,21
46421,21
46422,21
46423,21
46424,21
46425,21
46426,21
46427,21
46429,23
46430,23
46431,18
46431,23
46432,23
46433,18
46433,23
46434,23
46435,18
46435,23
46436,59
46437,59
46438,59
46439,23
46439,44
46440,18
46443,23
46447,77
46448,18
46448,23
46449,97
46451,109
46452,7
46453,7
46454,7
46455,7
46456,7
46457,18
46460,77
46461,77
46462,77
46463,71
46463,109
46467,18
46469,77
46470,77
46471,33
46471,34
46472,33
46472,34
46473,32
46474,32
46476,77
46477,77
46478,32
46479,32
46480,49
46481,21
46482,109
46483,109
46484,23
46485,109
46486,109
46487,109
46488,109
46489,52
46490,21
46491,52
46492,40
46492,77
46493,23
46493,44
46494,23
46494,44
46495,23
46495,44
46496,23
46496,32
46497,23
46497,32
46498,18
46498,23
46498,33
46498,34
46499,1
46499,37
46499,40
46499,92
46500,1
46500,37
46500,40
46500,92
46501,6
46502,6
46503,23
46504,18
46504,44
46505,59
46506,18
46507,69
46508,69
46509,69
46510,69
46511,69
46513,59
46515,59
46520,21
46521,49
46522,23
46524,7
46525,92
46526,77
46527,77
46528,77
46529,77
46530,77
46531,77
46537,87
46539,77
46540,77
46541,77
46542,77
46543,77
46544,77
46547,71
46548,23
46549,23
46550,109
46551,109
46552,109
46553,18
46553,23
46553,33
46553,34
46554,18
46554,23
46554,33
46554,34
46555,18
46555,23
46555,33
46555,34
46556,23
46557,23
46558,23
46559,23
46560,71
46561,71
46562,71
46563,18
46564,18
46565,18
46566,18
46567,18
46568,109
46571,33
46572,33
46573,64
46574,64
46575,64
46576,64
46577,64
46578,64
46579,64
46580,64
46581,44
46582,44
46583,33
46583,34
46584,44
46585,44
46586,23
46587,33
46587,34
46587,49
46588,33
46588,34
46588,49
46589,33
46589,34
46589,49
46590,33
46590,34
46590,49
46591,33
46591,34
46591,109
46592,33
46592,34
46592,109
46593,33
46593,34
46593,49
46594,33
46594,34
46594,49
46595,33
46595,34
46595,49
46596,33
46596,34
46596,49
46597,44
46597,49
46598,33
46598,34
46598,109
46599,33
46599,34
46599,109
46600,33
46600,34
46600,109
46601,33
46601,34
46601,109
46602,33
46602,34
46602,109
46603,33
46603,34
46603,109
46604,18
46604,49
46605,18
46605,49
46606,18
46606,49
46607,18
46607,49
46608,18
46608,49
46609,18
46609,49
46610,44
46610,49
46611,44
46611,49
46612,44
46612,49
46613,44
46613,49
46614,44
46614,49
46615,18
46615,49
46616,44
46616,49
46617,23
46618,23
46622,69
46623,69
46624,69
46625,69
46626,40
46626,77
46627,40
46627,77
46628,40
46628,77
46629,40
46629,77
46630,87
46631,87
46638,18
46638,49
46639,33
46639,34
46640,109
46641,109
46642,109
46643,18
46644,18
46645,18
46646,18
46647,18
46648,18
46649,18
46649,49
46650,18
46650,49
46651,18
46651,49
46652,18
46652,49
46653,23
46653,44
46654,23
46654,44
46655,18
46655,23
46656,18
46656,23
46657,18
46657,23
46658,23
46659,23
46660,23
46661,18
46661,23
46661,44
46662,64
46663,64
46664,44
46665,109
46666,109
46667,109
46668,69
46669,18
46670,23
46671,1
46671,37
46671,92
46672,109
46673,109
46674,109
46675,109
46676,109
46677,109
46678,109
46679,23
46679,44
46680,44
46680,49
46681,23
46682,18
46683,44
46684,69
46685,71
46687,87
46688,18
46688,105
46689,23
46690,7
46691,37
46692,71
46693,109
46694,109
46695,109
46696,109
46697,109
46698,109
46699,109
46700,109
46701,109
46702,109
46703,71
46704,18
46705,18
46706,71
46707,64
46708,49
46709,23
46710,23
46711,23
46712,23
46713,18
46713,44
46718,23
46719,92
46720,92
46721,92
46722,18
46723,92
46724,33
46724,34
46725,33
46725,34
46726,23
46727,23
46728,23
46729,23
46729,44
46730,23
46731,87
46732,87
46733,87
46734,87
46735,87
46736,87
46737,87
46738,77
46739,18
46740,18
46745,23
46746,23
46747,1
46747,37
46747,40
46747,43
46747,92
46748,1
46748,37
46748,40
46748,43
46748,92
46751,1
46751,37
46751,40
46751,43
46751,92
46752,1
46752,37
46752,40
46752,43
46752,92
46753,44
46754,44
46755,109
46756,109
46757,18
46758,18
46759,18
46760,109
46761,109
46762,77
46763,77
46764,32
46765,32
46766,109
46767,23
46768,23
46769,23
46770,23
46771,23
46772,23
46773,23
46774,23
46775,23
46776,23
46779,44
46780,109
46781,32
46782,32
46783,32
46784,32
46785,32
46786,32
46787,32
46788,32
46789,32
46790,55
46791,109
46792,59
46793,59
46796,18
46796,23
46797,49
46798,59
46799,18
46800,109
46801,109
46802,109
46803,109
46804,23
46806,71
46807,18
46808,18
46809,18
46810,18
46811,18
46812,18
46813,18
46814,18
46815,18
46816,18
46817,18
46818,66
46820,105
46821,105
46822,44
46823,109
46824,18
46824,93
46825,77
46826,77
46827,77
46831,18
46833,32
46835,18
46836,18
46836,33
46836,34
46837,33
46837,34
46838,32
46839,32
46840,18
46841,32
46842,18
46843,18
46844,59
46845,44
46846,44
46847,44
46848,105
46849,105
46850,109
46851,109
46852,109
46853,66
46854,66
46855,66
46856,18
46856,44
46857,32
46857,49
46858,103
46859,103
46860,103
46861,103
46862,32
46862,49
46863,77
46864,77
46865,77
46866,77
46867,18
46867,93
46868,18
46868,93
46869,18
46869,93
46870,109
46871,109
46872,23
46872,49
46873,23
46873,49
46874,23
46874,49
46875,23
46875,49
46878,87
46879,44
46881,18
46882,33
46882,34
46883,77
46884,18
46885,109
46886,109
46887,77
46889,18
46890,23
46890,32
46891,23
46891,32
46892,77
46893,77
46894,27
46894,43
46894,56
46895,69
46896,69
46897,23
46897,35
46898,33
46899,23
46900,18
46901,18
46902,18
46903,18
46904,66
46905,87
46906,1
46906,77
46906,92
46907,49
46908,49
46909,49
46910,49
46912,49
46913,49
46914,49
46915,49
46916,49
46917,49
46918,49
46919,49
46920,49
46921,49
46922,49
46923,49
46924,49
46925,49
46926,49
46927,49
46928,8
46928,18
46929,44
46930,109
46931,109
46932,109
46933,32
46934,32
46935,44
46936,77
46937,18
46938,23
46939,23
46940,44
46941,109
46942,109
46943,18
46944,18
46945,32
46946,32
46947,32
46948,33
46948,34
46949,33
46949,34
46950,33
46950,34
46951,33
46951,34
46952,18
46953,18
46954,18
46955,18
46956,18
46957,40
46957,43
46959,33
46960,33
46961,33
46962,33
46963,27
46963,43
46963,56
46964,27
46964,43
46964,56
46965,27
46965,43
46965,56
46966,109
46967,109
46968,77
46969,23
46969,44
46971,23
46973,77
46977,69
46978,44
46979,44
46982,18
46983,33
46983,34
46984,50
46985,49
46986,49
46987,49
46988,49
46989,49
46990,49
46991,49
46992,18
46993,18
46994,18
46995,44
46996,18
46997,49
46998,49
46999,49
47000,49
47001,49
47002,87
47003,87
47004,87
47005,87
47006,87
47007,87
47008,87
47010,49
47011,49
47012,49
47013,49
47014,49
47015,18
47016,18
47017,44
47018,27
47018,43
47019,27
47019,43
47020,32
47021,32
47023,32
47024,32
47025,109
47026,109
47027,18
47028,18
47029,18
47030,37
47030,77
47031,37
47031,77
47032,32
47033,32
47034,49
47035,59
47036,59
47037,59
47038,69
47039,69
47040,49
47041,59
47042,18
47042,59
47043,77
47044,49
47045,49
47046,49
47047,23
47048,44
47049,59
47050,18
47050,59
47051,23
47052,12
47053,77
47054,77
47055,32
47056,32
47057,32
47058,32
47059,32
47059,49
47060,32
47060,49
47061,32
47061,49
47062,32
47062,49
47063,49
47064,32
47065,77
47066,77
47067,77
47068,77
47069,77
47070,46
47071,46
47072,97
47073,77
47074,18
47075,1
47075,43
47075,92
47076,32
47077,49
47078,77
47079,77
47080,77
47081,77
47082,77
47083,18
47084,37
47085,44
47086,56
47086,77
47087,56
47087,77
47088,56
47088,77
47089,56
47089,77
47090,33
47090,34
47091,33
47091,34
47092,33
47092,34
47093,33
47093,34
47094,49
47095,44
47096,44
47097,77
47098,49
47099,49
47100,69
47101,69
47102,69
47103,37
47104,33
47104,34
47105,46
47106,44
47107,44
47108,44
47109,44
47110,59
47111,59
47112,27
47112,43
47112,56
47113,27
47113,43
47113,56
47114,27
47114,43
47114,56
47115,97
47116,97
47117,97
47118,97
47119,97
47120,71
47121,71
47122,71
47123,1
47123,37
47123,40
47123,92
47124,32
47124,33
47125,66
47126,77
47127,77
47131,77
47132,77
47133,47
47134,47
47135,47
47136,47
47137,23
47138,23
47139,23
47140,23
47141,23
47142,23
47145,23
47146,23
47147,23
47148,23
47149,23
47150,23
47151,23
47152,23
47153,23
47154,21
47155,32
47156,44
47157,44
47158,44
47159,44
47160,44
47161,32
47162,32
47163,32
47164,21
47165,21
47166,21
47167,21
47168,18
47169,18
47170,77
47171,44
47172,44
47173,44
47174,44
47175,44
47176,44
47177,32
47177,49
47178,32
47178,49
47179,32
47179,49
47180,32
47180,49
47181,32
47181,49
47182,32
47182,49
47183,32
47183,49
47184,32
47184,49
47185,32
47185,49
47186,32
47186,49
47187,32
47187,49
47188,45
47189,32
47189,49
47190,32
47190,49
47191,32
47191,49
47192,32
47192,49
47193,45
47194,32
47194,49
47195,32
47195,49
47196,32
47196,49
47197,32
47197,49
47198,32
47198,49
47199,33
47200,33
47201,32
47201,49
47202,32
47202,49
47203,32
47203,49
47204,32
47204,49
47205,32
47205,49
47206,32
47206,49
47207,32
47207,49
47208,32
47208,49
47209,32
47209,49
47210,32
47210,49
47211,32
47211,49
47212,32
47212,49
47213,32
47213,49
47214,32
47214,49
47215,32
47215,49
47216,32
47216,49
47217,23
47218,18
47219,71
47220,18
47220,34
47221,1
47221,37
47221,40
47221,77
47221,92
47222,44
47223,44
47224,44
47225,44
47226,44
47227,44
47228,44
47229,44
47230,44
47231,44
47232,44
47233,44
47234,32
47234,49
47235,32
47235,49
47236,32
47236,49
47237,32
47237,49
47238,32
47238,49
47239,32
47239,49
47240,32
47240,49
47241,32
47241,49
47242,103
47243,33
47244,32
47245,32
47246,32
47247,32
47248,32
47249,32
47250,32
47252,7
47253,7
47254,7
47255,7
47256,7
47257,7
47258,7
47259,7
47260,7
47261,7
47262,7
47263,7
47264,66
47265,66
47266,66
47267,66
47268,66
47269,66
47270,66
47271,44
47280,18
47281,18
47282,18
47283,18
47284,18
47285,18
47286,18
47289,18
47290,23
47291,23
47292,23
47298,109
47299,109
47300,109
47301,109
47302,109
47303,109
47304,109
47305,109
47306,109
47307,109
47308,109
47309,109
47321,69
47322,69
47323,69
47324,69
47325,69
47326,69
47327,32
47327,49
47328,32
47328,49
47329,32
47329,49
47330,27
47330,43
47331,18
47331,33
47331,44
47332,27
47332,43
47332,56
47333,7
47334,21
47335,21
47336,21
47341,23
47343,23
47343,44
47347,58
47348,58
47349,58
47350,58
47351,58
47352,58
47353,58
47354,58
47355,32
47356,27
47356,43
47356,56
47357,18
47359,44
47362,44
47363,44
47364,44
47365,37
47366,21
47367,21
47368,21
47369,18
47376,109
47377,7
47378,58
47379,58
47380,58
47381,58
47382,58
47383,58
47384,58
47385,58
47386,58
47387,58
47388,58
47389,58
47390,58
47391,58
47392,58
47393,1
47393,37
47393,40
47393,92
47394,21
47396,33
47396,34
47397,18
47398,27
47398,56
47398,92
47401,21
47402,21
47403,87
47404,56
47404,77
47405,56
47405,77
47406,56
47406,77
47407,56
47407,77
47408,56
47408,77
47409,56
47409,77
47410,21
47411,58
47412,58
47413,58
47414,58
47415,58
47416,40
47416,77
47417,40
47417,77
47418,40
47418,77
47419,40
47419,77
47420,40
47420,77
47421,34
47422,67
47423,67
47424,67
47425,67
47426,77
47427,32
47428,32
47429,32
47430,32
47431,32
47432,23
47433,67
47434,32
47435,32
47436,32
47437,32
47438,32
47439,32
47440,32
47441,32
47442,32
47443,32
47444,32
47445,32
47446,32
47447,32
47448,32
47449,32
47450,18
47451,18
47452,18
47453,18
47454,18
47455,18
47456,59
47457,59
47458,18
47460,95
47461,95
47462,95
47463,77
47464,71
47465,71
47466,71
47467,109
47468,32
47469,32
47470,32
47471,32
47472,32
47473,109
47474,109
47475,109
47476,109
47477,109
47478,109
47479,23
47480,23
47484,23
47485,1
47485,43
47485,92
47486,33
47486,34
47487,97
47488,77
47489,18
47490,18
47491,77
47492,77
47493,18
47494,32
47495,32
47496,58
47497,58
47498,58
47499,109
47500,109
47501,109
47502,109
47503,109
47504,21
47505,21
47506,21
47507,21
47508,21
47509,71
47510,32
47511,109
47517,69
47518,69
47519,33
47519,34
47520,33
47520,34
47521,56
47521,77
47522,56
47522,77
47523,56
47523,77
47524,33
47524,34
47525,77
47526,109
47527,77
47528,33
47528,34
47529,109
47530,32
47530,109
47531,32
47532,32
47532,109
47533,7
47535,7
47536,7
47538,18
47539,18
47540,18
47541,23
47542,69
47543,69
47544,69
47545,69
47546,69
47547,69
47548,69
47549,77
47550,77
47551,77
47552,32
47553,32
47554,32
47555,32
47556,18
47556,93
47557,69
47558,69
47559,69
47560,18
47560,23
47561,18
47561,23
47562,58
47563,58
47564,78
47565,78
47566,78
47567,77
47568,92
47570,105
47571,105
47572,87
47574,37
47574,40
47575,37
47575,40
47576,37
47576,40
47577,37
47577,40
47578,37
47578,40
47579,37
47579,40
47580,37
47580,40
47587,18
47587,23
47588,77
47589,23
47593,21
47594,23
47595,23
47596,34
47597,34
47598,34
47599,33
47599,34
47600,33
47600,34
47601,33
47601,34
47602,33
47602,34
47603,33
47603,34
47604,33
47604,34
47606,49
47607,21
47608,59
47609,23
47615,18
47616,23
47618,18
47619,109
47620,32
47620,33
47620,34
47621,32
47621,33
47621,34
47622,32
47622,33
47622,34
47623,64
47624,64
47625,32
47626,18
47627,18
47628,18
47632,18
47633,6
47634,44
47635,109
47636,109
47637,109
47638,109
47639,109
47640,109
47641,18
47641,93
47642,46
47643,18
47643,44
47644,18
47644,23
47645,18
47645,23
47646,18
47646,23
47647,23
47648,109
47649,109
47650,109
47651,109
47652,109
47653,109
47654,109
47655,109
47656,109
47657,109
47658,109
47659,109
47660,18
47661,18
47662,109
47663,37
47663,40
47664,57
47665,57
47666,44
47667,21
47668,32
47668,33
47668,34
47668,44
47669,44
47671,71
47672,71
47673,71
47674,18
47674,23
47675,23
47676,44
47677,37
47678,7
47679,30
47679,34
47679,44
47679,92
47680,44
47681,23
47682,23
47688,77
47688,109
47689,40
47689,43
47689,77
47690,55
47691,55
47692,18
47693,18
47694,18
47695,18
47696,109
47697,109
47698,109
47699,18
47700,18
47701,21
47702,21
47703,21
47704,21
47705,21
47706,32
47707,77
47708,8
47709,8
47710,8
47711,8
47712,8
47713,8
47714,8
47715,18
47715,23
47716,92
47717,92
47719,92
47720,92
47721,92
47722,32
47724,8
47725,8
47726,21
47727,21
47728,21
47729,21
47730,21
47731,18
47731,23
47733,77
47734,12
47735,12
47736,12
47737,12
47738,12
47739,18
47740,77
47741,77
47742,77
47743,77
47744,44
47745,44
47746,44
47747,69
47748,69
47749,69
47751,77
47751,92
47752,77
47753,77
47754,77
47755,77
47756,77
47757,77
47758,77
47759,109
47760,109
47761,109
47762,109
47763,18
47764,1
47764,43
47764,92
47766,1
47766,37
47766,40
47766,43
47766,92
47767,78
47768,78
47769,78
47770,78
47771,78
47772,78
47773,78
47774,78
47775,78
47776,105
47777,105
47778,69
47779,69
47780,69
47789,1
47789,37
47789,40
47789,77
47789,92
47790,64
47791,109
47792,109
47793,69
47794,69
47795,18
47796,49
47796,109
47797,109
47798,109
47799,109
47800,109
47801,49
47801,109
47802,109
47803,109
47804,109
47805,109
47806,109
47807,109
47808,109
47809,109
47810,109
47811,18
47812,23
47813,23
47814,23
47820,40
47820,77
47821,40
47821,77
47822,33
47822,34
47822,44
47823,109
47824,109
47825,109
47826,109
47827,109
47828,109
47829,109
47830,109
47831,109
47832,109
47833,109
47834,109
47835,109
47836,109
47837,109
47838,23
47839,23
47840,23
47841,23
47842,23
47843,23
47844,23
47845,23
47846,23
47847,23
47848,23
47849,23
47850,23
47851,23
47852,23
47853,23
47854,23
47855,23
47855,44
47856,18
47856,23
47857,44
47858,44
47859,58
47860,58
47861,58
47862,58
47863,50
47864,50
47865,50
47866,109
47867,109
47868,109
47869,109
47870,109
47871,34
47872,44
47873,44
47874,44
47875,18
47875,32
47876,34
47877,23
47878,27
47878,43
47878,56
47879,27
47879,43
47879,56
47880,27
47880,43
47880,56
47881,87
47882,18
47883,18
47884,108
47885,44
47886,44
47887,44
47888,77
47889,82
47890,82
47891,82
47892,82
47894,49
47895,49
47896,44
47897,44
47898,18
47900,44
47901,44
47902,44
47903,44
47904,44
47905,44
47906,44
47907,44
47908,92
47909,49
47910,44
47911,18
47912,18
47913,6
47914,6
47915,77
47916,77
47917,77
47920,6
47921,23
47922,18
47926,21
47927,21
47928,21
47929,32
47929,109
47930,32
47930,109
47931,32
47931,109
47932,92
47933,44
47934,44
47935,18
47935,23
47937,18
47937,23
47937,44
47938,32
47938,109
47939,32
47939,109
47940,32
47940,109
47941,32
47941,109
47942,32
47942,109
47943,18
47944,18
47945,32
47945,109
47946,23
47947,23
47948,18
47949,18
47951,77
47952,59
47953,103
47954,103
47955,49
47956,18
47956,77
47957,23
47959,33
47959,34
47960,33
47960,34
47961,109
47962,109
47963,18
47964,18
47965,18
47966,18
47967,18
47968,18
47969,18
47995,40
47996,40
47997,40
47998,18
48008,18
48008,44
48009,33
48009,34
48010,33
48010,34
48011,33
48011,34
48012,33
48012,34
48013,27
48013,43
48013,56
48014,27
48014,43
48014,56
48015,44
48016,69
48017,49
48018,49
48019,33
48019,34
48020,77
48021,77
48022,77
48023,77
48024,21
48025,23
48026,18
48026,23
48029,23
48030,23
48031,77
48032,1
48032,37
48032,92
48033,23
48033,44
48034,21
48035,21
48036,21
48037,21
48038,66
48039,108
48040,108
48041,108
48042,108
48043,108
48047,69
48048,44
48049,108
48050,108
48051,108
48052,108
48053,108
48054,108
48055,108
48056,6
48057,108
48058,108
48059,108
48060,108
48061,108
48062,108
48063,18
48063,44
48064,44
48065,44
48066,44
48067,6
48068,21
48069,21
48070,27
48070,43
48071,69
48072,18
48073,18
48074,18
48075,18
48076,18
48077,18
48078,12
48079,12
48080,12
48081,12
48082,12
48086,33
48086,34
48087,18
48088,44
48089,32
48090,32
48091,32
48092,32
48105,44
48106,32
48107,32
48108,18
48109,18
48110,18
48111,18
48112,66
48113,66
48114,66
48115,18
48116,18
48117,1
48117,77
48117,92
48118,7
48119,7
48120,7
48121,7
48122,7
48123,7
48124,7
48125,7
48126,7
48127,109
48128,109
48129,109
48130,109
48131,109
48132,109
48133,109
48134,109
48135,21
48136,37
48137,37
48138,37
48139,37
48140,37
48141,105
48142,105
48143,105
48144,105
48145,105
48146,7
48147,7
48148,7
48149,18
48150,18
48151,44
48152,23
48153,23
48154,23
48155,32
48156,18
48157,105
48158,47
48159,47
48160,47
48161,7
48162,7
48163,7
48164,7
48165,7
48166,18
48167,18
48168,18
48169,18
48170,105
48171,105
48172,105
48173,105
48174,105
48175,105
48176,105
48177,105
48178,105
48179,105
48180,105
48181,105
48182,105
48183,105
48184,105
48185,105
48186,105
48187,105
48188,105
48189,105
48190,18
48191,18
48192,1
48192,37
48192,40
48192,43
48192,92
48193,103
48194,33
48194,34
48195,33
48195,34
48196,33
48196,34
48197,33
48197,34
48198,33
48198,34
48199,33
48199,34
48200,33
48200,34
48201,33
48201,34
48202,18
48203,18
48204,18
48205,18
48206,18
48207,18
48208,18
48209,18
48210,18
48211,23
48212,23
48213,23
48214,23
48215,33
48215,34
48216,33
48216,34
48221,23
48222,18
48223,18
48224,18
48225,18
48226,18
48227,18
48228,18
48229,18
48230,18
48231,18
48232,77
48233,18
48234,23
48235,23
48236,23
48237,23
48238,23
48239,23
48240,23
48241,37
48242,23
48243,23
48244,23
48245,23
48246,23
48247,23
48248,71
48249,18
48249,23
48250,23
48251,23
48252,23
48253,23
48254,23
48255,18
48255,23
48256,23
48257,109
48258,109
48259,109
48260,109
48261,109
48262,109
48263,109
48264,77
48265,77
48266,69
48267,69
48269,1
48269,37
48269,40
48269,92
48270,89
48271,89
48272,33
48272,34
48273,33
48273,34
48279,38
48280,38
48281,32
48282,32
48283,57
48284,57
48285,23
48285,44
48286,23
48286,44
48287,23
48287,44
48288,97
48289,97
48290,97
48291,97
48292,77
48293,43
48294,27
48294,43
48294,56
48295,27
48295,43
48295,56
48296,27
48296,43
48296,56
48297,27
48297,43
48297,56
48298,8
48299,23
48300,23
48301,23
48302,103
48303,27
48304,23
48304,44
48305,23
48305,44
48306,23
48306,44
48307,23
48307,44
48308,23
48308,44
48309,32
48311,78
48312,78
48313,45
48314,45
48315,45
48316,27
48316,43
48316,56
48318,109
48319,109
48320,18
48321,44
48322,34
48323,59
48324,59
48325,59
48326,87
48327,87
48328,87
48329,77
48330,77
48332,77
48333,77
48334,77
48335,33
48335,34
48336,33
48336,34
48337,33
48337,34
48338,33
48338,34
48339,18
48339,23
48340,18
48340,23
48341,77
48342,77
48343,77
48344,27
48344,43
48344,56
48346,18
48347,18
48348,18
48350,6
48351,23
48352,23
48353,77
48354,18
48354,23
48354,33
48354,34
48355,18
48356,52
48357,52
48358,18
48359,105
48360,105
48361,105
48362,69
48363,69
48364,18
48365,18
48366,18
48367,18
48368,18
48369,18
48370,18
48370,33
48370,34
48371,18
48371,33
48371,34
48372,18
48372,33
48372,34
48373,18
48373,33
48373,34
48374,18
48374,33
48374,34
48375,18
48375,33
48375,34
48376,18
48376,33
48376,34
48377,18
48377,33
48377,34
48378,18
48378,33
48378,34
48379,18
48379,33
48379,34
48380,18
48380,33
48380,34
48381,18
48381,33
48381,34
48382,18
48383,18
48384,18
48385,18
48385,33
48385,34
48386,18
48386,33
48386,34
48387,18
48387,33
48387,34
48388,18
48388,33
48388,34
48389,18
48389,33
48389,34
48390,18
48390,33
48390,34
48391,18
48392,18
48393,18
48394,18
48395,18
48396,18
48396,33
48396,34
48397,18
48398,18
48399,18
48400,18
48401,18
48402,18
48407,27
48407,43
48407,56
48408,95
48409,95
48410,95
48411,95
48412,95
48413,95
48414,95
48420,33
48420,34
48421,18
48422,18
48423,18
48423,33
48423,34
48424,18
48424,33
48424,34
48425,18
48425,33
48425,34
48426,18
48427,18
48428,18
48429,18
48430,18
48430,33
48430,34
48431,18
48431,33
48431,34
48432,18
48433,18
48434,33
48434,34
48435,33
48435,34
48436,77
48437,77
48438,77
48439,77
48440,1
48440,40
48440,43
48440,92
48441,18
48442,18
48443,40
48443,43
48443,77
48444,33
48444,34
48445,18
48445,23
48445,33
48445,34
48446,32
48449,44
48450,44
48451,18
48452,44
48454,23
48455,1
48455,77
48455,92
48456,1
48456,77
48456,92
48457,18
48458,77
48459,71
48459,109
48460,23
48461,109
48462,109
48463,109
48464,109
48465,109
48466,109
48467,109
48468,109
48469,109
48470,23
48471,23
48472,23
48473,23
48474,18
48475,45
48476,21
48477,97
48478,97
48479,97
48480,32
48481,32
48482,32
48483,32
48484,32
48485,27
48485,43
48485,56
48486,27
48486,43
48486,56
48487,37
48488,27
48488,43
48488,56
48499,23
48500,23
48501,23
48502,23
48503,23
48504,37
48505,37
48506,37
48507,37
48508,37
48509,37
48510,37
48511,37
48512,18
48513,18
48514,18
48515,18
48518,33
48518,34
48519,33
48519,34
48520,21
48521,8
48522,8
48523,77
48524,7
48525,7
48527,44
48528,44
48529,18
48531,44
48532,49
48533,49
48534,49
48535,49
48548,12
48549,12
48550,18
48550,44
48551,18
48551,44
48552,77
48553,69
48554,105
48555,77
48556,59
48557,23
48558,23
48559,23
48560,1
48560,27
48560,56
48560,92
48561,1
48561,27
48561,56
48561,92
48562,1
48562,27
48562,56
48562,92
48563,18
48564,18
48565,78
48566,78
48567,78
48569,50
48577,23
48578,23
48579,23
48580,23
48581,23
48582,23
48583,69
48584,18
48584,23
48585,23
48586,23
48587,23
48596,109
48597,109
48598,109
48599,97
48600,18
48600,23
48600,33
48600,34
48601,18
48601,23
48601,33
48601,34
48603,38
48604,38
48605,38
48606,38
48607,37
48608,33
48608,34
48608,77
48609,77
48610,77
48611,77
48612,77
48613,109
48614,109
48615,109
48616,78
48617,64
48618,18
48618,44
48619,37
48620,78
48621,78
48622,78
48623,78
48624,1
48624,37
48624,92
48625,49
48626,49
48627,49
48628,49
48630,49
48631,109
48632,109
48633,109
48634,109
48635,109
48636,109
48637,103
48638,109
48639,109
48640,109
48641,109
48642,109
48643,103
48644,18
48645,18
48646,18
48647,18
48648,18
48649,18
48650,18
48651,12
48652,40
48652,43
48662,109
48663,109
48664,18
48665,69
48666,8
48667,109
48668,37
48669,69
48670,69
48671,7
48672,7
48673,7
48674,44
48675,44
48676,18
48677,49
48678,49
48680,77
48681,77
48682,1
48682,37
48682,40
48682,43
48682,92
48683,109
48684,32
48684,44
48685,18
48686,44
48687,98
48688,98
48689,98
48690,98
48691,98
48692,98
48693,13
48694,13
48695,13
48696,69
48697,69
48698,69
48699,40
48699,77
48700,23
48701,23
48702,23
48703,23
48704,23
48705,18
48706,18
48707,18
48708,18
48709,18
48710,49
48711,49
48712,64
48713,64
48714,64
48715,44
48716,44
48717,44
48718,44
48719,44
48720,44
48721,44
48722,23
48723,23
48724,23
48725,23
48726,23
48727,8
48728,109
48729,109
48730,109
48731,23
48732,23
48733,23
48734,23
48735,23
48736,23
48737,7
48738,7
48739,10
48741,21
48742,21
48743,77
48744,23
48745,21
48746,21
48747,21
48748,21
48749,27
48749,43
48749,56
48750,27
48750,43
48750,56
48751,27
48751,43
48751,56
48759,55
48760,37
48760,92
48761,33
48761,34
48762,33
48762,34
48763,33
48763,34
48764,18
48765,18
48766,18
48767,18
48768,18
48769,18
48770,18
48771,18
48772,18
48773,18
48774,44
48775,44
48776,69
48777,69
48778,69
48779,69
48781,18
48782,18
48783,32
48783,44
48784,32
48784,44
48785,66
48786,66
48787,12
48788,12
48789,12
48790,23
48791,18
48792,18
48798,21
48799,21
48801,77
48803,64
48804,64
48805,64
48806,18
48807,18
48808,23
48809,23
48810,23
48811,32
48812,32
48813,32
48814,32
48815,32
48816,32
48817,32
48818,18
48818,49
48819,18
48819,49
48820,32
48821,32
48822,32
48823,32
48824,32
48825,103
48828,33
48828,34
48829,33
48829,34
48830,33
48830,34
48831,33
48831,34
48832,33
48832,34
48833,33
48833,34
48834,33
48834,34
48835,33
48835,34
48837,77
48838,77
48839,69
48840,69
48841,69
48842,69
48843,33
48843,34
48844,33
48844,34
48845,33
48845,34
48846,18
48847,18
48848,18
48849,18
48850,32
48851,32
48852,32
48853,32
48854,32
48855,32
48856,32
48857,32
48858,49
48859,18
48859,49
48860,18
48860,49
48861,18
48861,49
48862,18
48862,49
48863,18
48863,49
48864,18
48864,49
48865,18
48865,49
48866,18
48866,49
48867,18
48867,23
48867,44
48868,33
48868,34
48869,33
48869,34
48870,33
48870,34
48871,87
48873,23
48873,46
48874,38
48875,38
48876,38
48878,23
48879,23
48880,23
48881,13
48882,13
48885,38
48886,38
48887,38
48888,38
48889,49
48893,33
48893,34
48894,109
48895,109
48896,109
48897,109
48898,109
48899,109
48902,32
48903,32
48904,23
48905,23
48906,23
48907,23
48908,32
48909,32
48911,71
48912,23
48913,27
48913,43
48914,21
48915,109
48916,109
48918,50
48919,32
48920,32
48921,32
48922,32
48923,32
48924,32
48925,45
48926,32
48927,32
48928,32
48929,45
48930,45
48931,45
48932,92
48933,77
48934,45
48935,21
48936,44
48937,7
48938,7
48939,7
48940,69
48941,69
48942,69
48943,32
48944,32
48945,32
48946,7
48947,7
48948,49
48949,13
48950,13
48951,13
48952,13
48959,27
48959,60
48960,71
48961,71
48962,77
48964,33
48964,34
48968,77
48969,71
48970,33
48970,34
48971,23
48972,23
48973,23
48974,77
48975,33
48975,34
48976,33
48976,34
48977,33
48977,34
48980,32
48981,18
48982,32
48983,109
48984,109
48985,109
48986,44
48987,23
48988,21
48989,21
48990,30
48991,30
48992,30
48993,18
48994,18
48994,33
48994,34
48999,69
49000,69
49001,69
49002,69
49003,69
49004,69
49005,69
49006,27
49006,43
49007,27
49007,43
49008,33
49008,34
49009,21
49010,21
49011,77
49012,23
49013,38
49014,38
49015,38
49016,38
49017,77
49018,77
49019,33
49019,34
49020,109
49023,52
49024,1
49024,37
49024,92
49025,1
49025,37
49025,92
49026,1
49026,37
49026,92
49027,34
49028,49
49029,49
49030,10
49031,64
49032,64
49035,69
49036,69
49037,57
49038,44
49039,44
49040,44
49041,44
49042,44
49043,95
49044,95
49045,95
49046,95
49047,95
49048,95
49049,32
49050,109
49051,109
49052,109
49053,109
49054,109
49055,109
49056,33
49056,34
49057,33
49057,34
49058,33
49058,34
49059,23
49060,44
49061,32
49062,32
49063,32
49064,44
49065,44
49066,32
49067,44
49068,44
49069,44
49070,44
49071,44
49072,44
49073,33
49073,34
49074,33
49074,34
49075,33
49075,34
49076,33
49076,34
49077,33
49077,34
49078,33
49078,34
49079,33
49079,34
49080,21
49081,21
49082,21
49083,21
49084,21
49085,21
49086,49
49087,33
49087,34
49088,92
49092,33
49092,34
49093,33
49093,34
49094,18
49095,50
49096,103
49097,103
49098,23
49099,23
49100,23
49101,23
49102,23
49103,23
49104,32
49105,32
49106,69
49107,69
49108,69
49109,69
49110,69
49111,69
49112,23
49113,40
49113,43
49114,27
49114,43
49115,18
49115,44
49116,23
49117,23
49118,32
49118,109
49119,109
49120,109
49121,109
49122,18
49123,18
49124,71
49125,109
49126,109
49127,38
49128,38
49129,38
49130,38
49131,38
49132,38
49133,77
49134,77
49135,23
49136,64
49155,95
49156,109
49157,32
49158,40
49161,33
49161,34
49162,109
49163,77
49164,33
49164,34
49164,109
49165,33
49165,34
49165,109
49166,109
49167,109
49168,33
49168,34
49168,109
49169,33
49169,34
49169,109
49170,59
49171,59
49172,33
49172,34
49172,109
49173,33
49173,34
49173,109
49174,33
49174,34
49174,109
49175,33
49175,34
49175,109
49176,59
49177,59
49178,59
49179,18
49179,59
49180,59
49181,59
49182,23
49183,23
49184,59
49185,18
49185,59
49187,32
49188,32
49189,32
49190,18
49190,59
49191,59
49192,21
49193,21
49194,21
49195,21
49196,21
49197,21
49198,23
49199,77
49200,77
49201,77
49202,23
49203,49
49247,18
49248,44
49249,44
49250,18
49250,33
49250,34
49251,18
49251,23
49252,18
49252,23
49253,18
49253,44
49254,7
49255,7
49256,7
49257,7
49258,7
49259,7
49260,7
49261,7
49262,7
49263,7
49264,18
49265,69
49266,69
49267,69
49268,69
49269,69
49270,18
49271,18
49272,108
49273,64
49277,23
49278,18
49279,18
49280,18
49281,18
49282,18
49282,23
49284,64
49285,109
49286,109
49287,109
49288,109
49289,109
49290,109
49291,109
49292,109
49293,109
49294,18
49295,18
49296,77
49297,77
49298,77
49299,77
49312,32
49315,23
49316,32
49319,9
49320,23
49321,23
49323,77
49324,21
49325,21
49326,21
49327,18
49328,87
49329,77
49330,12
49331,18
49332,109
49333,109
49334,109
49335,109
49336,109
49337,109
49338,109
49339,109
49340,109
49341,109
49342,109
49343,109
49344,109
49345,109
49346,109
49347,109
49348,109
49349,109
49350,109
49351,109
49352,109
49353,109
49354,109
49355,109
49356,109
49357,109
49358,109
49359,109
49360,109
49361,109
49362,109
49363,109
49364,109
49365,109
49366,109
49367,21
49368,21
49369,23
49370,18
49370,23
49371,23
49372,23
49373,9
49374,95
49375,9
49376,18
49377,23
49378,23
49383,18
49384,56
49384,77
49385,23
49386,23
49386,32
49387,23
49387,32
49388,23
49388,32
49389,32
49390,44
49391,44
49392,44
49393,44
49394,44
49395,44
49396,109
49397,35
49398,34
49399,34
49400,34
49402,23
49403,21
49404,21
49405,21
49406,21
49412,1
49412,23
49413,1
49413,23
49414,23
49415,23
49416,23
49417,23
49418,44
49418,90
49419,44
49420,33
49421,23
49421,33
49422,23
49423,23
49429,59
49430,59
49431,59
49432,59
49433,44
49434,77
49435,59
49436,59
49437,23
49438,27
49438,43
49438,56
49439,77
49440,27
49440,43
49440,56
49441,27
49441,43
49441,56
49442,27
49442,43
49442,56
49443,27
49443,43
49443,56
49444,27
49444,43
49444,56
49445,37
49446,37
49447,109
49448,109
49449,109
49450,37
49451,7
49452,7
49453,27
49453,43
49453,56
49454,27
49454,43
49454,56
49455,27
49455,43
49455,56
49456,77
49457,97
49458,33
49459,33
49459,34
49460,109
49461,23
49462,23
49463,23
49464,23
49465,23
49466,23
49467,23
49468,23
49469,23
49471,33
49471,34
49472,33
49472,34
49473,40
49473,43
49474,40
49474,43
49475,67
49476,67
49477,67
49478,67
49479,67
49480,67
49481,67
49482,67
49489,18
49490,44
49491,44
49492,44
49493,44
49494,44
49495,44
49496,44
49497,44
49498,44
49499,44
49500,44
49501,44
49502,44
49504,87
49505,87
49506,87
49512,103
49513,103
49514,103
49515,103
49516,103
49517,59
49521,21
49522,21
49523,21
49524,21
49525,21
49526,21
49527,71
49528,21
49529,21
49530,32
49530,49
49531,23
49532,23
49533,21
49534,21
49535,32
49536,32
49537,32
49538,32
49539,32
49545,69
49546,69
49547,69
49548,69
49549,44
49550,44
49551,44
49552,44
49553,23
49554,23
49555,23
49556,23
49557,23
49558,40
49559,33
49559,34
49565,23
49566,92
49567,92
49568,92
49569,92
49570,92
49571,92
49572,92
49573,92
49574,23
49575,6
49576,6
49577,23
49577,44
49578,21
49579,21
49580,21
49581,1
49581,37
49581,92
49582,35
49583,35
49584,18
49584,33
49584,44
49585,23
49586,23
49587,23
49588,23
49589,23
49590,23
49591,92
49592,92
49593,92
49594,92
49595,92
49596,98
49597,32
49598,32
49599,32
49600,32
49601,32
49602,59
49603,59
49604,59
49605,59
49606,21
49607,21
49608,21
49609,21
49610,21
49611,21
49612,21
49613,21
49614,21
49615,21
49616,21
49617,97
49618,97
49619,97
49620,97
49621,33
49621,34
49622,18
49623,77
49624,109
49625,109
49626,6
49627,18
49627,33
49627,34
49628,109
49629,97
49630,97
49631,55
49632,109
49633,109
49634,109
49635,109
49636,18
49637,109
49638,109
49639,109
49640,109
49641,49
49642,43
49642,77
49643,43
49643,77
49644,71
49645,37
49646,18
49646,33
49646,44
49647,18
49647,33
49647,44
49648,18
49648,33
49648,44
49649,18
49649,33
49649,44
49650,46
49651,21
49652,21
49653,21
49654,21
49655,21
49657,59
49658,77
49660,33
49660,34
49661,33
49661,34
49662,44
49663,32
49664,32
49665,32
49666,32
49667,32
49668,32
49669,33
49669,34
49670,59
49671,59
49672,32
49673,44
49674,44
49675,44
49676,44
49677,44
49678,32
49679,18
49680,21
49681,21
49682,21
49683,23
49684,23
49685,49
49686,69
49687,69
49688,69
49689,69
49690,69
49691,69
49692,69
49693,69
49694,69
49695,69
49696,32
49697,21
49698,23
49699,23
49700,21
49701,21
49702,59
49703,59
49704,40
49704,77
49705,40
49705,77
49706,40
49706,77
49707,23
49716,23
49717,34
49717,71
49718,34
49719,34
49720,32
49721,109
49722,77
49723,23
49724,49
49725,57
49726,109
49727,92
49728,105
49729,105
49730,105
49731,105
49732,105
49733,105
49734,105
49735,105
49736,105
49737,105
49738,105
49739,105
49740,105
49741,105
49742,105
49743,105
49744,32
49746,18
49747,32
49747,109
49748,8
49749,8
49750,8
49751,8
49752,23
49753,32
49754,32
49755,32
49756,32
49757,32
49758,32
49759,32
49760,32
49761,32
49762,32
49763,32
49764,32
49765,32
49766,21
49767,21
49768,21
49769,21
49770,23
49771,23
49772,64
49773,64
49774,33
49774,34
49775,33
49775,34
49779,77
49780,37
49781,21
49782,21
49783,37
49784,37
49785,37
49786,37
49787,37
49788,21
49789,21
49790,49
49791,49
49792,49
49793,49
49794,49
49795,49
49796,49
49797,49
49798,49
49799,49
49802,33
49802,34
49803,33
49803,34
49804,32
49817,44
49818,32
49818,33
49818,34
49818,44
49819,44
49820,32
49820,33
49820,34
49820,44
49821,32
49821,44
49822,44
49823,32
49823,33
49823,34
49823,44
49824,32
49824,33
49824,34
49824,44
49825,32
49825,44
49826,8
49827,8
49828,8
49829,8
49832,1
49832,37
49832,77
49832,92
49833,32
49834,32
49835,32
49836,32
49837,32
49838,32
49839,77
49840,109
49841,109
49842,109
49843,109
49844,18
49844,44
49845,18
49845,44
49846,23
49847,69
49848,69
49849,69
49850,69
49851,69
49852,18
49853,18
49854,18
49856,69
49857,69
49858,69
49859,69
49860,69
49861,69
49862,69
49863,33
49863,34
49864,33
49864,34
49868,21
49869,21
49870,21
49871,21
49872,109
49873,109
49874,109
49875,109
49876,109
49877,7
49878,7
49879,7
49880,7
49881,7
49882,1
49882,37
49883,7
49884,7
49885,7
49886,7
49887,7
49888,97
49889,97
49890,1
49890,37
49890,40
49890,92
49891,1
49891,37
49891,40
49891,92
49892,27
49892,43
49892,56
49893,27
49893,43
49893,56
49895,7
49896,7
49897,26
49898,26
49899,26
49900,26
49901,21
49902,21
49903,21
49904,49
49905,49
49906,49
49907,49
49908,49
49909,49
49910,49
49912,109
49913,18
49914,64
49915,64
49916,64
49923,77
49924,109
49925,109
49926,109
49927,59
49928,21
49929,21
49930,6
49931,18
49932,18
49933,18
49934,46
49934,50
49935,21
49936,18
49937,18
49938,18
49939,18
49940,18
49941,69
49942,69
49943,69
49944,69
49945,69
49946,27
49946,43
49947,27
49947,43
49950,33
49950,34
49951,18
49952,18
49953,18
49954,109
49955,18
49956,44
49958,18
49959,18
49960,18
49961,21
49962,21
49963,18
49963,23
49964,37
49965,37
49966,37
49967,37
49969,23
49970,92
49971,33
49971,34
49972,69
49973,69
49974,49
49975,49
49976,69
49977,33
49977,34
49978,33
49978,34
49979,33
49979,34
49980,23
49981,23
49982,18
49982,44
49983,18
49983,44
49984,10
49985,69
49986,69
49987,18
49987,23
49988,21
49989,21
49990,21
49991,69
49992,37
49992,40
49992,77
49993,33
49994,27
49994,43
49994,56
49995,18
49995,44
49998,18
50001,23
50001,33
50001,34
50002,44
50003,49
50004,109
50005,109
50006,109
50007,109
50008,109
50009,32
50018,1
50019,18
50019,33
50019,34
50019,44
50020,18
50020,33
50020,34
50020,44
50021,18
50021,44
50022,18
50022,34
50022,44
50023,18
50023,44
50024,18
50024,34
50024,44
50025,18
50025,44
50026,18
50026,44
50027,64
50034,44
50035,18
50035,23
50035,33
50035,34
50035,44
50035,77
50036,18
50036,23
50036,33
50036,34
50036,44
50036,77
50037,109
50038,87
50039,87
50040,33
50041,109
50042,109
50043,109
50044,109
50045,109
50046,109
50047,109
50048,109
50049,109
50050,109
50051,109
50052,18
50052,44
50053,18
50053,33
50053,34
50053,44
50054,33
50054,44
50055,33
50055,34
50055,44
50056,34
50056,44
50057,1
50057,37
50057,92
50058,1
50058,37
50058,92
50059,1
50059,37
50059,92
50060,18
50061,18
50062,21
50063,23
50064,95
50065,95
50066,95
50067,95
50068,95
50069,95
50070,34
50070,77
50071,34
50071,77
50072,34
50072,77
50073,18
50073,23
50073,33
50073,34
50074,18
50074,23
50075,40
50076,103
50077,103
50078,103
50079,103
50080,103
50081,69
50082,46
50083,21
50084,18
50084,23
50084,33
50084,34
50085,32
50086,32
50087,32
50088,105
50088,109
50089,105
50089,109
50090,105
50090,109
50091,105
50091,109
50092,109
50093,64
50094,44
50095,13
50096,13
50098,21
50099,87
50101,77
50102,77
50103,77
50104,77
50105,77
50106,33
50106,34
50107,18
50108,18
50109,18
50111,40
50111,77
50112,40
50112,77
50113,40
50113,77
50114,40
50114,77
50116,59
50117,32
50122,32
50122,44
50123,23
50124,92
50126,21
50127,21
50128,23
50129,18
50129,33
50129,34
50130,1
50130,43
50130,92
50131,44
50132,32
50133,1
50133,37
50133,40
50133,92
50134,1
50134,37
50134,40
50134,92
50135,1
50135,37
50135,92
50137,49
50138,49
50139,49
50140,49
50141,49
50142,49
50143,49
50144,49
50145,49
50146,49
50147,49
50148,49
50149,49
50150,49
50151,49
50152,21
50155,37
50156,37
50157,37
50158,37
50159,37
50160,37
50161,37
50162,37
50166,69
50167,69
50168,69
50169,69
50170,69
50171,23
50173,109
50174,109
50175,109
50176,109
50177,109
50178,109
50183,46
50184,18
50190,33
50190,34
50191,33
50191,34
50192,33
50192,34
50195,23
50196,23
50197,23
50198,18
50200,23
50201,23
50202,32
50203,32
50204,18
50204,23
50204,34
50204,44
50205,18
50205,23
50205,33
50205,34
50206,18
50206,23
50206,33
50206,34
50207,18
50207,23
50207,33
50207,34
50208,18
50208,23
50208,33
50208,34
50209,18
50209,23
50209,33
50209,34
50210,18
50210,23
50210,33
50210,34
50211,18
50211,23
50211,33
50211,34
50212,18
50212,23
50212,33
50212,34
50213,18
50213,23
50213,33
50213,34
50214,18
50214,23
50214,33
50214,34
50215,18
50215,23
50215,33
50215,34
50216,6
50217,6
50218,6
50219,23
50220,33
50220,34
50221,33
50221,34
50222,33
50222,34
50223,33
50223,34
50224,33
50224,34
50225,18
50226,18
50226,109
50227,18
50228,18
50229,18
50229,77
50233,13
50234,49
50235,49
50236,49
50237,49
50238,49
50239,49
50240,33
50240,34
50241,33
50241,34
50242,33
50242,34
50243,23
50244,66
50245,66
50246,59
50247,1
50247,37
50247,92
50248,1
50248,37
50248,92
50249,23
50250,33
50250,34
50253,37
50254,37
50255,18
50255,23
50259,10
50260,27
50260,43
50260,56
50261,37
50261,60
50262,37
50262,60
50263,77
50264,44
50265,37
50265,92
50266,32
50267,71
50268,71
50269,71
50270,71
50271,71
50272,23
50273,23
50275,77
50276,109
50277,109
50278,33
50278,34
50279,33
50279,34
50280,33
50280,34
50282,33
50282,34
50283,32
50284,32
50285,32
50286,32
50287,18
50287,44
50287,109
50288,23
50289,37
50289,60
50290,37
50290,60
50291,18
50292,18
50293,18
50294,18
50295,18
50296,18
50297,18
50298,18
50299,18
50300,18
50301,18
50302,18
50303,18
50304,18
50305,18
50306,18
50307,18
50308,18
50310,23
50311,23
50313,32
50313,109
50315,23
50315,32
50316,18
50317,55
50318,33
50318,34
50319,56
50319,77
50320,109
50321,32
50322,32
50323,32
50325,32
50326,105
50328,44
50329,44
50330,77
50330,92
50331,77
50331,92
50333,8
50334,33
50334,34
50337,69
50338,69
50339,77
50340,32
50341,18
50341,44
50342,18
50342,44
50343,109
50344,109
50345,77
50346,49
50347,89
50348,89
50349,89
50350,89
50351,89
50352,89
50353,49
50354,49
50355,1
50355,43
50355,92
50356,27
50356,43
50356,56
50357,64
50358,64
50359,64
50360,64
50361,49
50362,18
50362,44
50363,92
50364,92
50365,92
50366,92
50367,92
50368,92
50369,92
50370,56
50370,77
50371,56
50371,77
50372,56
50372,77
50373,56
50373,77
50374,56
50374,77
50375,46
50376,59
50377,21
50378,21
50379,21
50380,37
50381,18
50393,23
50393,44
50394,23
50394,44
50395,23
50396,32
50397,109
50398,109
50399,109
50400,109
50401,109
50402,109
50403,109
50404,32
50405,32
50405,109
50406,27
50406,43
50406,56
50407,59
50408,59
50409,59
50410,59
50411,59
50412,59
50413,59
50414,59
50415,59
50416,57
50417,57
50418,57
50419,44
50420,44
50421,44
50421,109
50422,44
50423,44
50424,44
50425,44
50426,44
50427,44
50428,44
50429,44
50430,44
50431,44
50432,44
50433,44
50434,44
50435,44
50436,7
50437,7
50438,7
50439,7
50440,7
50441,69
50442,69
50443,69
50444,69
50445,69
50446,69
50447,18
50447,23
50448,64
50449,64
50451,97
50452,7
50453,7
50454,7
50455,7
50456,7
50457,7
50458,7
50459,97
50460,97
50461,97
50464,23
50465,18
50465,23
50466,44
50473,97
50474,18
50474,23
50475,97
50476,40
50477,21
50478,47
50479,21
50480,21
50481,58
50482,58
50483,14
50484,14
50485,18
50486,18
50487,103
50488,67
50489,32
50490,42
50491,21
50492,21
50493,21
50494,21
50495,21
50496,21
50497,109
50498,14
50499,14
50500,14
50501,18
50501,33
50501,44
50504,18
50505,18
50506,18
50507,8
50508,8
50509,8
50510,97
50511,109
50512,109
50513,109
50514,109
50516,109
50517,109
50518,109
50519,109
50520,109
50521,109
50522,109
50523,109
50524,109
50525,109
50526,21
50527,21
50528,21
50529,21
50530,21
50531,21
50532,21
50533,33
50533,34
50533,44
50534,44
50535,44
50536,55
50537,32
50538,32
50539,32
50540,109
50541,109
50542,109
50543,109
50544,109
50545,109
50546,109
50547,23
50547,33
50547,34
50548,23
50548,33
50548,34
50549,23
50549,33
50549,34
50550,23
50550,44
50551,21
50552,18
50553,8
50554,18
50555,45
50556,45
50557,45
50558,18
50559,49
50560,49
50561,49
50562,18
50565,18
50566,18
50567,18
50569,18
50570,23
50571,23
50572,12
50573,12
50574,12
50575,66
50576,33
50576,34
50577,44
50578,44
50579,37
50580,95
50581,95
50582,23
50583,103
50584,103
50585,18
50585,44
50586,18
50587,18
50598,27
50598,43
50598,56
50599,27
50599,43
50599,56
50600,27
50600,43
50600,56
50601,77
50602,7
50603,7
50604,27
50604,43
50605,7
50606,7
50607,7
50608,7
50609,7
50610,18
50610,23
50611,18
50611,23
50612,18
50612,23
50612,33
50612,34
50613,44
50615,10
50616,69
50617,69
50618,69
50619,45
50620,45
50621,45
50622,18
50623,18
50624,33
50624,34
50625,33
50625,34
50626,49
50627,49
50628,49
50629,59
50630,23
50631,109
50632,109
50633,109
50634,109
50635,23
50636,18
50637,18
50638,18
50639,18
50639,44
50640,50
50641,50
50642,92
50643,18
50644,44
50645,32
50646,109
50647,109
50648,37
50649,23
50650,33
50650,34
50651,23
50652,21
50653,21
50654,21
50655,21
50656,21
50657,105
50658,23
50659,109
50660,109
50661,77
50662,109
50663,109
50664,109
50665,18
50666,37
50667,56
50667,77
50668,56
50668,77
50669,56
50669,77
50672,23
50672,44
50673,23
50673,44
50674,23
50674,44
50675,18
50676,18
50681,78
50682,78
50683,78
50684,78
50685,78
50686,78
50687,78
50688,78
50689,78
50690,109
50691,8
50692,8
50693,8
50694,8
50696,69
50697,69
50698,69
50699,69
50700,69
50701,69
50702,49
50703,58
50704,58
50705,58
50706,58
50707,58
50711,21
50712,8
50713,109
50714,23
50714,44
50715,23
50715,44
50716,23
50716,44
50717,44
50718,44
50719,44
50720,44
50721,44
50722,44
50723,32
50724,18
50725,95
50726,56
50726,77
50727,56
50727,77
50728,56
50728,77
50729,44
50730,44
50731,32
50732,32
50733,32
50734,32
50735,32
50736,32
50737,32
50738,32
50739,7
50740,7
50741,23
50743,23
50745,109
50746,109
50747,109
50748,109
50749,109
50750,109
50751,59
50752,45
50753,18
50753,33
50753,34
50753,44
50755,23
50756,23
50757,23
50758,23
50759,23
50762,64
50763,64
50765,69
50766,69
50767,69
50768,69
50769,69
50770,69
50771,69
50772,23
50773,23
50774,23
50775,18
50775,44
50776,18
50777,37
50777,92
50778,37
50778,92
50783,109
50784,109
50785,71
50786,59
50787,47
50788,59
50789,32
50790,33
50790,34
50791,33
50791,34
50792,49
50793,77
50794,44
50794,90
50795,77
50796,18
50797,18
50797,44
50798,18
50799,18
50800,69
50801,69
50802,8
50802,69
50806,71
50806,109
50807,18
50807,23
50807,33
50807,34
50808,77
50809,77
50810,40
50811,40
50813,49
50814,108
50815,108
50816,108
50817,40
50817,43
50818,49
50819,69
50820,32
50821,109
50822,21
50823,21
50824,21
50826,33
50826,34
50832,33
50832,34
50833,33
50833,34
50839,49
50840,49
50843,44
50844,77
50845,44
50846,37
50848,32
50850,49
50851,49
50852,49
50853,49
50854,32
50855,109
50856,109
50857,109
50858,32
50859,32
50860,95
50861,95
50862,44
50863,109
50864,109
50865,8
50865,69
50866,8
50866,69
50867,8
50867,69
50868,8
50868,69
50869,8
50869,69
50870,8
50871,8
50871,69
50872,8
50872,69
50874,77
50875,23
50876,23
50878,23
50879,23
50880,23
50881,10
50882,10
50883,33
50883,34
50884,6
50885,44
50886,44
50887,77
50888,45
50889,45
50890,45
50891,45
50892,45
50893,45
50894,45
50895,109
50896,109
50897,109
50898,37
50898,77
50899,8
50900,45
50901,45
50902,45
50903,45
50904,18
50907,18
50908,18
50909,18
50910,21
50911,44
50912,69
50913,77
50913,92
50914,77
50914,92
50915,77
50916,77
50917,77
50918,77
50919,33
50920,46
50922,77
50923,32
50924,109
50925,109
50926,92
50927,92
50930,35
50931,109
50932,109
50933,109
50934,109
50935,109
50936,109
50937,109
50938,109
50939,109
50940,109
50941,109
50942,109
50943,109
50944,109
50945,109
50946,109
50947,109
50948,109
50949,109
50950,109
50951,109
50952,109
50953,109
50954,109
50955,109
50956,109
50957,109
50958,109
50959,109
50960,109
50961,109
50962,109
50963,109
50964,109
50965,109
50966,109
50967,109
50968,109
50969,109
50970,109
50971,109
50972,109
50973,37
50973,92
50974,69
50975,69
50976,69
50977,77
50978,77
50979,21
50980,108
50981,108
50982,108
50983,40
50983,77
50984,18
50984,93
50985,18
50985,93
50986,18
50986,93
50987,18
50987,93
50988,18
50988,93
50989,18
50989,93
50990,18
50990,93
50991,18
50991,93
50992,18
50992,93
50993,18
50993,93
50994,18
50994,93
50995,33
50995,34
50996,33
50996,34
50997,33
50997,34
50998,33
50998,34
50999,33
50999,34
51000,33
51000,34
51001,33
51001,34
51002,33
51002,34
51004,18
51004,44
51005,44
51005,59
51006,44
51006,59
51007,59
51008,44
51008,59
51009,44
51009,59
51017,23
51017,44
51018,23
51018,44
51019,23
51019,44
51020,23
51020,44
51021,23
51021,44
51022,23
51022,44
51023,23
51023,44
51024,33
51024,34
51025,33
51025,34
51026,33
51026,34
51027,33
51027,34
51028,38
51029,38
51030,21
51031,21
51032,37
51032,71
51033,37
51033,71
51034,21
51035,21
51036,21
51037,32
51038,32
51040,69
51041,69
51042,46
51045,23
51046,59
51047,59
51048,59
51049,18
51049,93
51050,18
51050,93
51051,18
51051,93
51052,18
51052,93
51053,18
51053,93
51054,18
51054,93
51055,18
51055,93
51056,18
51056,93
51057,18
51057,93
51058,18
51058,93
51059,18
51059,93
51060,18
51060,93
51061,18
51061,93
51062,18
51062,93
51063,18
51063,93
51064,18
51064,93
51065,18
51065,93
51066,18
51066,93
51067,18
51067,93
51068,18
51068,93
51069,38
51070,18
51070,93
51071,18
51071,93
51072,18
51072,93
51073,18
51073,93
51074,18
51074,93
51075,18
51075,93
51076,18
51076,93
51077,18
51077,93
51078,18
51078,93
51079,18
51079,93
51080,18
51080,93
51081,18
51081,93
51082,18
51082,93
51083,18
51083,93
51084,18
51084,93
51085,18
51085,93
51086,18
51086,93
51087,18
51087,93
51088,18
51088,93
51089,18
51089,93
51090,18
51090,93
51091,18
51091,93
51092,44
51092,90
51093,44
51093,90
51094,67
51095,67
51096,67
51097,18
51097,93
51098,18
51098,93
51099,18
51099,93
51100,18
51100,93
51101,18
51101,93
51102,18
51102,93
51103,18
51103,93
51104,18
51104,93
51105,18
51105,93
51106,18
51106,93
51107,18
51107,93
51108,18
51108,93
51109,18
51109,93
51110,18
51110,93
51111,18
51111,93
51112,18
51112,93
51113,90
51114,18
51114,93
51115,18
51115,93
51116,18
51116,93
51117,18
51117,93
51118,18
51118,93
51119,18
51119,93
51120,18
51120,93
51121,18
51121,93
51122,18
51122,93
51123,18
51123,93
51124,18
51124,93
51125,18
51125,93
51126,18
51126,93
51127,18
51127,93
51128,18
51128,93
51129,18
51129,93
51130,18
51130,93
51131,18
51131,93
51132,18
51132,93
51133,18
51133,93
51134,18
51134,93
51135,18
51135,93
51136,18
51137,18
51137,93
51138,18
51139,18
51140,18
51140,93
51141,18
51141,93
51142,18
51142,93
51143,18
51143,93
51144,18
51144,93
51145,18
51145,93
51146,18
51146,93
51147,18
51147,93
51148,18
51148,93
51149,18
51149,93
51150,18
51150,93
51151,18
51151,93
51152,18
51152,93
51153,18
51153,93
51154,18
51154,93
51155,18
51155,93
51156,18
51156,93
51157,18
51157,93
51158,11
51159,109
51160,21
51161,21
51162,49
51163,49
51164,105
51165,105
51166,37
51167,18
51167,93
51168,18
51168,93
51169,18
51169,93
51170,18
51170,93
51171,18
51171,93
51172,18
51172,93
51173,18
51173,93
51174,18
51174,93
51175,18
51175,93
51176,18
51176,93
51177,18
51177,93
51178,18
51178,93
51179,18
51179,93
51180,18
51180,93
51181,18
51181,93
51182,18
51182,93
51183,18
51183,93
51184,18
51184,93
51185,18
51185,93
51186,18
51186,93
51187,18
51187,93
51188,18
51188,93
51189,18
51189,93
51190,18
51190,93
51191,18
51191,93
51192,18
51192,93
51193,18
51193,93
51194,18
51194,93
51195,33
51195,34
51196,33
51196,34
51197,33
51197,34
51198,33
51198,34
51199,33
51199,34
51200,33
51200,34
51201,21
51202,32
51203,32
51204,32
51205,32
51206,32
51207,32
51208,32
51209,32
51210,32
51211,32
51212,32
51213,44
51214,64
51215,64
51217,7
51218,7
51219,7
51220,7
51221,7
51222,7
51223,7
51224,7
51225,23
51226,23
51227,77
51228,77
51229,77
51230,77
51231,77
51232,77
51233,109
51235,18
51236,18
51237,18
51238,18
51239,18
51240,18
51241,18
51242,18
51243,32
51244,32
51245,32
51246,32
51247,33
51247,34
51248,33
51248,34
51249,33
51249,34
51250,33
51250,34
51251,33
51251,34
51252,33
51252,34
51253,8
51254,8
51255,8
51256,8
51257,8
51258,8
51259,8
51260,8
51261,8
51262,8
51263,8
51264,8
51265,21
51266,23
51267,109
51268,109
51269,109
51270,109
51271,109
51272,109
51273,109
51274,109
51275,109
51276,18
51277,44
51278,44
51279,44
51280,44
51281,87
51290,84
51291,33
51291,34
51292,87
51293,87
51294,87
51295,87
51296,84
51297,1
51297,37
51297,92
51298,1
51298,37
51298,92
51299,1
51299,37
51299,92
51300,1
51300,37
51300,92
51301,1
51301,37
51301,92
51303,109
51304,109
51305,109
51306,109
51307,109
51308,49
51308,109
51309,109
51310,49
51310,109
51311,109
51312,109
51313,21
51314,21
51315,21
51316,21
51317,21
51318,21
51319,23
51320,109
51321,18
51322,8
51323,8
51324,69
51325,69
51326,69
51327,69
51329,18
51331,18
51332,18
51333,18
51334,44
51335,18
51336,32
51337,32
51338,21
51339,21
51340,16
51341,16
51342,16
51343,16
51344,16
51345,16
51346,77
51347,77
51348,18
51348,23
51349,18
51349,23
51350,18
51350,23
51350,33
51350,34
51351,109
51352,109
51353,109
51354,109
51355,109
51356,109
51357,109
51358,49
51358,109
51359,109
51360,109
51361,109
51368,23
51369,40
51369,77
51370,32
51370,49
51371,32
51371,49
51372,49
51373,77
51374,109
51375,109
51376,109
51377,109
51378,109
51379,109
51380,109
51381,109
51382,109
51383,109
51384,109
51385,37
51386,109
51387,109
51388,109
51389,109
51390,109
51391,77
51392,77
51393,77
51394,77
51395,77
51396,77
51397,77
51398,77
51399,77
51400,77
51401,77
51402,23
51403,109
51404,109
51405,109
51406,109
51407,109
51408,109
51409,77
51410,77
51411,67
51412,67
51413,67
51414,71
51415,71
51416,77
51417,23
51418,18
51419,44
51420,44
51421,44
51422,44
51423,44
51424,44
51425,44
51426,44
51427,30
51428,33
51428,34
51429,109
51430,109
51431,109
51432,109
51433,109
51434,109
51435,38
51435,109
51436,109
51437,38
51437,109
51438,109
51439,38
51439,109
51440,109
51441,27
51441,43
51441,56
51442,18
51442,44
51443,69
51444,69
51445,69
51446,69
51447,69
51448,50
51449,50
51451,109
51452,105
51453,105
51454,69
51455,69
51456,69
51457,69
51458,69
51459,18
51459,33
51459,34
51459,44
51459,77
51460,45
51461,18
51461,93
51462,18
51462,93
51463,18
51463,93
51464,18
51464,93
51465,18
51465,93
51466,69
51467,69
51468,7
51469,7
51470,7
51471,49
51472,49
51473,49
51474,35
51475,97
51476,97
51477,97
51478,38
51478,109
51479,109
51480,109
51481,109
51482,38
51482,109
51483,109
51484,109
51485,38
51485,109
51486,109
51487,23
51488,23
51489,23
51490,23
51491,18
51510,95
51511,77
51512,77
51513,77
51514,77
51515,77
51516,77
51517,77
51518,77
51519,77
51520,77
51521,77
51522,77
51523,77
51524,77
51525,77
51526,77
51527,77
51528,77
51529,11
51530,37
51530,40
51530,43
51530,77
51530,92
51531,97
51532,32
51533,32
51534,32
51535,32
51536,32
51537,32
51538,32
51539,32
51540,32
51541,32
51542,32
51543,95
51544,33
51544,34
51545,55
51550,69
51551,21
51552,109
51553,109
51554,109
51555,109
51556,109
51557,109
51558,109
51559,109
51560,103
51561,103
51562,103
51563,103
51564,103
51565,103
51566,103
51567,103
51568,103
51569,103
51570,23
51571,109
51572,21
51573,49
51574,49
51575,21
51576,21
51580,23
51581,23
51582,23
51584,67
51585,67
51586,67
51587,67
51588,32
51589,43
51589,92
51590,21
51591,44
51592,18
51594,40
51594,43
51594,77
51595,23
51597,32
51598,37
51599,37
51600,37
51602,1
51602,40
51602,43
51602,92
51603,77
51604,64
51605,64
51606,64
51607,64
51608,23
51609,21
51610,23
51611,58
51612,58
51613,49
51614,49
51616,7
51617,7
51618,23
51619,23
51620,23
51621,32
51622,32
51623,97
51624,23
51626,18
51627,33
51627,34
51628,33
51628,34
51629,33
51629,34
51630,33
51630,34
51631,33
51631,34
51632,109
51633,109
51634,109
51635,21
51636,23
51637,23
51638,23
51639,23
51640,23
51641,27
51642,18
51643,37
51644,18
51644,93
51645,18
51645,59
51645,93
51646,18
51646,93
51647,18
51648,44
51651,55
51652,55
51653,44
51654,44
51655,44
51656,44
51661,18
51662,38
51663,18
51663,93
51664,18
51664,93
51666,109
51667,1
51667,43
51667,92
51668,37
51668,40
51668,43
51668,92
51669,37
51669,40
51669,43
51669,92
51670,37
51670,40
51670,43
51670,92
51671,21
51672,21
51673,77
51674,18
51675,18
51676,18
51677,32
51678,49
51679,49
51680,49
51681,49
51682,49
51683,49
51684,37
51685,37
51686,37
51692,6
51693,6
51694,6
51695,21
51696,21
51697,77
51698,77
51702,92
51707,32
51708,32
51713,21
51714,78
51715,78
51716,78
51717,78
51718,78
51719,78
51720,78
51721,78
51722,78
51723,78
51724,78
51725,23
51726,109
51727,109
51728,35
51729,109
51730,109
51731,109
51732,109
51733,109
51734,109
51735,109
51736,109
51737,109
51738,109
51739,109
51740,109
51741,109
51742,109
51743,109
51744,40
51744,43
51745,46
51745,50
51746,45
51747,8
51748,38
51749,38
51750,38
51751,38
51752,77
51753,77
51754,77
51755,77
51756,18
51757,18
51758,18
51759,18
51760,18
51761,18
51762,18
51764,18
51765,18
51766,8
51766,69
51767,8
51767,69
51768,71
51768,109
51769,59
51770,32
51771,77
51772,57
51773,57
51774,21
51775,21
51776,21
51777,21
51778,21
51779,21
51780,21
51781,21
51782,69
51783,69
51784,69
51785,69
51786,8
51786,69
51787,18
51788,21
51789,21
51790,21
51791,21
51792,21
51793,21
51794,21
51796,27
51797,18
51797,23
51797,33
51797,34
51798,18
51798,23
51799,18
51800,18
51801,18
51802,69
51803,69
51806,18
51806,23
51807,18
51807,23
51807,33
51807,34
51808,46
51809,46
51810,46
51811,109
51812,23
51813,109
51814,109
51815,109
51816,33
51816,34
51816,97
51817,33
51817,34
51817,97
51818,21
51819,77
51820,109
51821,109
51822,109
51823,77
51824,69
51825,69
51826,69
51827,69
51828,34
51828,70
51829,69
51830,1
51830,43
51830,92
51831,1
51831,43
51831,92
51832,1
51832,43
51832,92
51834,21
51835,23
51836,23
51837,23
51838,23
51839,23
51840,23
51841,23
51842,23
51843,18
51845,32
51850,77
51851,77
51852,30
51853,77
51854,77
51855,77
51856,52
51857,52
51858,52
51859,44
51860,44
51861,77
51862,92
51863,77
51864,77
51869,18
51870,37
51871,18
51872,40
51872,43
51873,18
51874,18
51874,44
51875,18
51875,77
51876,33
51876,34
51877,77
51878,77
51879,77
51880,18
51881,18
51882,18
51883,18
51884,18
51885,18
51888,18
51888,44
51889,18
51891,77
51892,109
51893,109
51894,23
51895,34
51895,70
51896,34
51896,70
51898,44
51899,44
51900,44
51901,18
51902,77
51903,77
51904,77
51905,19
51906,19
51907,19
51908,77
51909,77
51910,32
51911,32
51913,1
51913,37
51913,92
51914,92
51915,18
51916,18
51917,18
51923,69
51924,69
51925,1
51925,37
51925,92
51926,77
51927,77
51928,77
51929,7
51930,7
51931,18
51931,23
51932,23
51932,32
51933,32
51934,18
51935,18
51935,33
51935,34
51936,18
51937,18
51938,18
51938,33
51938,34
51939,18
51939,33
51939,34
51940,18
51941,18
51942,18
51943,18
51943,33
51943,34
51944,18
51944,33
51944,34
51945,18
51945,33
51945,34
51946,18
51946,33
51946,34
51947,18
51947,33
51947,34
51948,18
51949,18
51950,18
51951,18
51951,33
51951,34
51952,18
51953,18
51954,18
51955,18
51955,33
51955,34
51956,18
51957,18
51958,18
51959,18
51960,18
51963,40
51964,40
51965,40
51966,1
51966,77
51966,92
51967,44
51968,44
51969,18
51969,23
51969,33
51969,34
51970,18
51970,23
51970,33
51970,34
51971,18
51971,23
51971,33
51971,34
51972,57
51973,57
51974,57
51975,57
51976,57
51977,57
51978,77
51979,71
51992,69
51993,69
51994,69
51995,69
51996,77
51998,49
51999,49
52000,49
52001,49
52002,49
52003,49
52004,49
52005,49
52006,49
52007,49
52008,49
52009,49
52010,49
52011,49
52012,49
52013,49
52014,49
52015,49
52016,49
52017,49
52018,49
52019,49
52020,49
52021,49
52022,40
52022,43
52022,77
52025,32
52026,32
52027,18
52028,18
52029,18
52030,23
52031,109
52032,37
52033,37
52034,87
52035,87
52036,87
52037,87
52038,87
52039,87
52040,109
52041,109
52042,109
52043,109
52044,109
52045,109
52046,109
52047,109
52048,109
52049,109
52050,109
52051,109
52052,18
52052,23
52053,18
52053,23
52054,32
52055,109
52056,21
52057,21
52058,21
52059,21
52060,21
52061,21
52062,21
52063,21
52064,21
52065,49
52066,77
52067,77
52068,77
52070,18
52070,23
52071,18
52072,18
52073,18
52074,18
52075,18
52076,32
52077,18
52078,18
52079,18
52080,18
52081,18
52082,32
52083,32
52084,32
52085,32
52086,32
52088,32
52089,18
52091,47
52092,47
52093,105
52094,27
52094,43
52094,56
52095,87
52096,77
52097,32
52098,1
52098,43
52098,92
52099,18
52100,18
52101,18
52102,18
52103,18
52104,18
52105,33
52105,34
52106,18
52106,33
52106,34
52107,18
52107,33
52107,34
52108,18
52108,33
52108,34
52109,18
52109,33
52109,34
52110,18
52110,44
52111,59
52112,59
52113,59
52114,59
52115,59
52116,59
52117,59
52118,59
52119,1
52120,95
52121,95
52122,95
52123,95
52124,95
52125,77
52127,77
52128,77
52129,77
52130,69
52131,69
52132,69
52133,69
52134,23
52135,23
52136,23
52137,23
52138,33
52138,34
52139,32
52140,18
52140,23
52141,18
52141,23
52142,23
52143,6
52144,18
52144,23
52145,18
52145,23
52146,18
52146,23
52147,18
52147,23
52148,18
52148,23
52149,18
52149,23
52150,18
52150,23
52151,18
52151,23
52152,18
52152,23
52153,18
52153,23
52154,40
52155,44
52156,44
52157,44
52158,44
52159,46
52160,46
52161,46
52162,46
52163,46
52164,46
52165,40
52165,43
52165,77
52166,37
52167,37
52169,8
52170,8
52171,8
52172,23
52173,55
52174,55
52175,55
52176,23
52177,23
52178,23
52179,23
52180,23
52181,23
52182,23
52183,23
52184,23
52185,23
52186,23
52187,23
52188,8
52189,8
52190,8
52191,32
52191,109
52192,18
52192,93
52193,69
52194,69
52195,69
52196,69
52197,69
52198,18
52198,23
52199,32
52200,32
52201,32
52202,32
52203,32
52204,32
52205,32
52206,32
52207,59
52208,49
52209,32
52210,109
52211,109
52212,109
52213,75
52213,103
52214,75
52214,103
52215,75
52215,103
52216,75
52216,103
52217,75
52217,103
52218,6
52231,18
52232,33
52232,34
52233,18
52234,32
52235,32
52236,18
52236,33
52237,18
52237,33
52238,18
52238,33
52239,18
52240,1
52240,37
52240,92
52241,1
52241,37
52241,92
52242,33
52242,34
52243,49
52244,49
52245,49
52246,49
52247,109
52248,18
52249,18
52250,18
52251,18
52252,23
52253,23
52254,18
52255,21
52256,69
52257,69
52258,69
52259,69
52260,69
52261,69
52262,69
52263,69
52264,49
52265,49
52266,49
52267,8
52268,8
52269,8
52270,64
52271,32
52272,18
52272,33
52273,18
52273,33
52274,18
52274,33
52275,18
52275,33
52276,18
52276,33
52277,18
52277,33
52278,18
52278,33
52279,49
52280,32
52281,32
52282,32
52283,32
52284,32
52285,32
52286,32
52287,32
52288,32
52289,32
52290,32
52291,32
52292,32
52293,32
52294,32
52295,32
52296,32
52297,32
52298,32
52299,32
52300,32
52301,21
52302,21
52303,21
52304,21
52305,21
52306,21
52307,21
52308,21
52309,21
52311,8
52312,8
52313,8
52314,8
52315,44
52316,44
52317,44
52318,32
52318,33
52318,34
52319,32
52319,33
52319,34
52320,23
52321,6
52322,32
52324,49
52325,33
52325,34
52326,7
52327,7
52328,7
52329,7
52330,7
52331,7
52332,7
52333,7
52334,7
52335,7
52336,21
52337,21
52338,21
52339,21
52340,18
52340,33
52340,44
52341,18
52342,18
52342,23
52342,33
52342,34
52343,97
52344,97
52345,97
52346,97
52347,21
52348,21
52349,21
52350,21
52351,21
52352,21
52353,37
52354,37
52355,37
52356,37
52357,37
52358,37
52359,37
52360,37
52361,37
52362,37
52363,44
52364,7
52365,7
52366,7
52367,7
52368,7
52369,7
52370,7
52371,7
52372,7
52373,7
52374,7
52375,7
52376,7
52377,7
52378,7
52379,7
52380,7
52381,23
52382,23
52383,23
52384,23
52385,23
52386,23
52387,59
52388,59
52389,59
52390,59
52391,32
52392,23
52393,23
52394,23
52395,23
52396,23
52397,23
52398,18
52398,23
52399,18
52399,23
52400,18
52400,23
52401,18
52401,23
52402,18
52402,23
52403,18
52403,23
52404,18
52404,23
52405,18
52405,23
52406,18
52406,23
52407,42
52408,77
52409,23
52410,97
52411,97
52412,97
52413,97
52414,97
52415,97
52416,18
52416,23
52417,18
52417,23
52418,18
52418,23
52419,32
52420,32
52421,32
52422,32
52423,18
52424,103
52425,103
52426,23
52428,18
52429,23
52430,23
52431,23
52432,23
52433,23
52434,23
52435,12
52436,67
52437,33
52437,34
52437,77
52438,23
52439,77
52440,18
52441,18
52442,109
52443,109
52444,109
52445,109
52446,109
52447,109
52448,109
52449,109
52450,109
52451,109
52452,109
52454,109
52455,109
52456,109
52457,109
52458,69
52459,34
52459,70
52460,69
52461,69
52462,69
52463,69
52464,33
52464,34
52465,1
52465,37
52465,40
52465,92
52466,66
52467,66
52468,66
52469,66
52470,77
52471,103
52472,103
52474,103
52475,103
52476,103
52477,103
52478,103
52479,103
52480,23
52481,105
52482,105
52483,23
52485,23
52487,44
52488,44
52489,44
52490,44
52491,44
52492,44
52493,18
52494,69
52494,77
52495,69
52495,77
52496,69
52496,77
52497,37
52497,40
52497,77
52498,37
52498,40
52498,77
52499,37
52499,40
52499,77
52500,37
52500,40
52500,77
52501,33
52501,34
52503,12
52504,12
52505,12
52506,12
52507,12
52508,33
52508,34
52509,52
52510,18
52510,23
52511,23
52512,66
52513,23
52514,23
52515,23
52516,23
52517,18
52518,103
52519,23
52520,23
52521,44
52522,37
52523,109
52524,59
52525,109
52526,109
52527,18
52528,67
52529,67
52530,67
52532,32
52532,33
52532,34
52532,44
52533,32
52533,44
52534,32
52534,33
52534,34
52534,44
52535,44
52536,44
52537,44
52538,44
52539,44
52540,44
52541,44
52542,44
52543,44
52544,23
52545,23
52546,23
52547,23
52548,23
52549,23
52550,23
52551,97
52552,23
52553,23
52554,23
52555,23
52556,23
52557,23
52558,23
52559,23
52560,23
52561,23
52562,97
52563,23
52564,23
52565,23
52566,23
52567,23
52568,18
52568,93
52569,18
52569,93
52570,67
52571,67
52572,67
52573,67
52574,67
52575,67
52576,37
52577,37
52578,37
52579,37
52580,37
52581,23
52582,18
52582,23
52583,77
52584,27
52584,43
52584,56
52585,64
52586,21
52587,69
52588,69
52589,69
52590,69
52591,69
52592,32
52593,77
52594,77
52595,77
52600,45
52601,18
52602,18
52602,23
52602,33
52602,34
52603,18
52603,23
52604,18
52604,23
52604,33
52604,34
52605,21
52606,44
52607,44
52608,18
52609,18
52610,18
52611,27
52611,56
52612,27
52612,56
52613,27
52613,56
52614,27
52614,56
52615,59
52616,59
52617,59
52618,46
52619,23
52620,21
52621,23
52621,32
52622,44
52622,59
52623,44
52623,59
52624,109
52625,109
52626,109
52627,109
52628,109
52629,109
52630,109
52631,109
52632,109
52633,109
52634,109
52635,109
52636,109
52637,109
52638,109
52639,109
52640,109
52641,109
52642,109
52643,109
52644,109
52645,109
52646,109
52647,109
52648,109
52649,109
52650,109
52651,109
52652,109
52653,109
52654,109
52655,21
52656,21
52657,21
52658,21
52659,21
52660,109
52661,23
52662,23
52663,23
52664,23
52665,23
52666,23
52667,23
52668,23
52669,23
52670,23
52671,23
52672,23
52673,77
52674,92
52675,32
52676,44
52676,59
52677,44
52677,59
52678,44
52678,59
52679,44
52679,59
52680,44
52680,59
52681,44
52681,59
52682,44
52682,59
52683,44
52683,59
52684,44
52684,59
52685,44
52685,59
52686,44
52686,59
52687,44
52687,59
52688,44
52688,59
52689,23
52690,44
52691,44
52692,23
52693,23
52694,23
52695,23
52696,21
52697,21
52698,21
52699,21
52700,21
52701,21
52702,21
52703,23
52703,44
52704,23
52704,44
52705,23
52705,44
52706,23
52706,44
52707,23
52707,44
52708,23
52708,44
52709,32
52710,32
52711,32
52712,32
52713,32
52714,32
52715,32
52716,32
52717,109
52718,109
52719,109
52720,109
52721,109
52722,18
52723,18
52724,18
52725,18
52726,59
52727,32
52728,32
52730,23
52731,109
52732,109
52733,109
52734,109
52735,109
52736,109
52737,109
52738,109
52739,109
52740,109
52741,109
52742,109
52743,109
52744,109
52745,109
52746,109
52747,109
52748,109
52749,109
52750,109
52751,109
52752,109
52753,109
52754,109
52755,109
52756,109
52757,109
52758,109
52759,109
52760,109
52761,109
52762,109
52763,109
52764,109
52765,109
52766,109
52767,109
52768,109
52769,109
52770,109
52771,109
52772,109
52773,109
52776,32
52783,32
52784,32
52785,32
52786,23
52787,23
52787,44
52788,23
52789,50
52790,50
52793,77
52794,21
52795,21
52796,21
52797,21
52798,18
52799,109
52800,109
52802,109
52803,109
52804,66
52805,23
52806,23
52807,18
52808,7
52809,7
52810,7
52811,7
52812,7
52813,7
52814,14
52815,18
52816,18
52817,18
52818,18
52819,18
52820,23
52821,23
52822,23
52823,23
52824,23
52825,33
52825,34
52826,33
52826,34
52827,33
52827,34
52828,33
52828,34
52829,33
52829,34
52830,33
52830,34
52831,33
52831,34
52832,97
52833,97
52834,40
52834,77
52835,40
52835,77
52836,40
52836,77
52837,40
52837,77
52838,8
52839,8
52840,8
52841,8
52844,109
52846,18
52846,44
52849,40
52850,40
52851,49
52852,49
52853,49
52854,49
52855,49
52856,49
52857,49
52858,49
52859,49
52860,64
52861,64
52862,64
52863,64
52864,23
52865,23
52866,23
52867,23
52868,23
52874,23
52875,23
52876,23
52877,44
52878,44
52879,44
52880,49
52881,49
52882,49
52883,32
52884,32
52887,23
52889,69
52891,23
52893,18
52893,33
52893,34
52894,56
52894,77
52895,21
52896,21
52897,21
52899,21
52900,21
52900,77
52901,21
52902,21
52903,21
52904,21
52905,21
52905,77
52906,21
52907,21
52908,21
52909,21
52910,21
52911,23
52912,105
52913,105
52914,105
52915,23
52916,21
52917,21
52918,21
52919,33
52919,34
52920,33
52920,34
52921,33
52921,34
52922,33
52922,34
52923,33
52923,34
52924,33
52924,34
52925,21
52926,21
52927,18
52928,18
52929,18
52930,18
52930,23
52931,18
52931,23
52931,33
52931,34
52932,18
52933,23
52934,23
52935,23
52936,18
52936,44
52937,18
52937,44
52938,18
52938,44
52939,18
52939,44
52940,18
52940,44
52941,18
52941,44
52942,18
52942,44
52943,18
52943,44
52944,18
52944,44
52945,44
52945,77
52946,1
52946,37
52946,40
52946,43
52946,92
52947,1
52947,37
52947,40
52947,43
52947,92
52948,23
52949,18
52950,1
52950,37
52950,40
52950,43
52950,92
52951,8
52963,18
52964,23
52964,32
52964,109
52965,23
52965,32
52965,109
52966,23
52967,44
52968,18
52969,18
52970,18
52971,18
52972,18
52973,18
52974,23
52975,23
52976,23
52978,32
52979,40
52980,23
52981,69
52982,69
52983,69
52984,69
52985,32
52986,18
52986,93
52987,103
52988,23
52989,44
52989,77
52990,8
52991,49
52992,77
52993,77
52994,77
52995,37
52996,23
53000,18
53000,66
53001,40
53001,77
53002,40
53002,77
53004,32
53005,23
53006,18
53006,23
53007,23
53008,40
53008,77
53009,40
53009,77
53010,40
53010,77
53011,40
53011,77
53012,40
53012,77
53013,40
53013,77
53014,40
53014,77
53015,77
53016,21
53017,21
53018,21
53019,21
53020,47
53021,47
53022,23
53023,23
53026,77
53027,77
53028,77
53029,18
53029,23
53029,33
53029,34
53029,44
53029,77
53030,23
53031,23
53032,23
53033,23
53034,23
53035,18
53036,18
53037,23
53038,40
53038,43
53039,32
53045,67
53046,67
53047,67
53048,67
53049,67
53050,67
53051,67
53052,67
53053,67
53054,109
53055,103
53056,103
53058,66
53059,66
53060,66
53061,66
53062,32
53063,32
53064,32
53065,32
53067,33
53067,34
53072,18
53074,26
53075,26
53076,26
53078,26
53079,69
53080,109
53081,109
53082,109
53083,109
53084,109
53085,109
53086,18
53086,44
53087,18
53088,18
53089,18
53089,44
53090,23
53091,23
53092,23
53093,23
53094,95
53095,95
53096,18
53096,44
53097,44
53098,18
53098,44
53099,18
53099,44
53100,67
53101,67
53102,67
53103,67
53104,67
53105,67
53106,67
53107,67
53108,67
53109,67
53110,67
53111,67
53112,67
53113,67
53114,44
53115,44
53116,44
53117,58
53118,58
53119,58
53120,58
53121,58
53122,21
53123,18
53123,23
53124,18
53124,23
53126,77
53127,45
53128,45
53129,45
53130,49
53132,109
53133,18
53133,93
53134,18
53134,93
53135,18
53135,93
53136,18
53136,93
53137,18
53137,93
53138,18
53138,93
53139,18
53139,93
53140,32
53141,6
53142,6
53143,57
53144,18
53145,18
53146,18
53147,18
53148,23
53149,23
53150,23
53151,18
53152,59
53153,49
53154,58
53155,58
53156,58
53158,58
53159,58
53160,58
53161,58
53162,58
53163,58
53164,58
53165,58
53166,58
53167,58
53169,59
53170,21
53172,21
53173,18
53174,109
53175,109
53176,109
53177,109
53178,37
53179,37
53180,37
53181,21
53182,21
53183,21
53184,27
53184,43
53184,56
53188,87
53189,18
53189,23
53190,23
53191,37
53192,57
53193,57
53194,57
53195,57
53196,57
53197,57
53198,57
53199,57
53200,49
53201,18
53202,18
53203,18
53204,69
53205,69
53206,69
53207,69
53208,69
53209,69
53210,69
53211,69
53212,32
53213,32
53214,32
53215,32
53216,18
53217,21
53218,18
53219,18
53220,97
53221,97
53222,97
53223,40
53223,43
53223,77
53224,40
53224,43
53224,77
53225,23
53226,23
53227,37
53228,23
53229,64
53230,64
53231,98
53232,44
53233,44
53234,44
53235,44
53236,44
53237,44
53238,18
53239,18
53240,57
53241,23
53242,7
53243,7
53244,7
53245,7
53246,7
53247,46
53248,109
53249,109
53250,109
53251,109
53252,18
53253,57
53254,44
53255,23
53256,23
53257,44
53258,49
53259,49
53260,23
53261,44
53262,23
53263,44
53264,32
53265,32
53266,32
53267,32
53268,32
53269,32
53270,32
53271,18
53272,32
53273,32
53274,32
53275,32
53276,32
53277,32
53279,109
53280,109
53281,109
53282,109
53283,77
53284,77
53285,21
53286,21
53287,21
53288,21
53289,18
53292,69
53293,109
53294,109
53295,109
53296,18
53297,44
53298,18
53299,18
53300,14
53303,49
53304,18
53305,18
53306,18
53307,18
53309,18
53312,33
53313,71
53314,18
53315,32
53315,33
53316,18
53317,18
53318,77
53320,32
53321,37
53322,37
53323,37
53324,37
53325,37
53326,32
53327,32
53328,32
53329,32
53330,32
53331,32
53332,32
53333,32
53334,32
53334,109
53335,64
53336,23
53337,23
53338,23
53339,23
53340,23
53341,23
53342,44
53343,44
53344,18
53345,18
53346,18
53347,18
53348,32
53349,32
53350,32
53351,32
53352,32
53353,32
53354,32
53355,32
53356,32
53357,32
53358,32
53359,32
53360,71
53361,71
53362,57
53363,71
53364,71
53365,71
53366,71
53367,71
53368,23
53368,44
53369,23
53369,44
53370,23
53370,44
53371,40
53372,77
53373,18
53373,23
53373,33
53373,34
53374,18
53374,23
53374,33
53374,34
53375,18
53375,23
53376,46
53377,23
53377,44
53378,23
53378,44
53379,23
53379,44
53380,23
53380,44
53381,43
53381,92
53382,23
53382,44
53383,23
53383,32
53384,23
53385,21
53386,32
53387,32
53388,71
53389,23
53390,18
53390,23
53398,23
53399,23
53400,23
53401,21
53402,33
53402,34
53403,56
53403,77
53404,56
53404,77
53405,56
53405,77
53406,56
53406,77
53407,56
53407,77
53409,67
53410,67
53411,67
53412,37
53413,37
53414,37
53415,37
53416,37
53417,37
53418,37
53419,37
53420,37
53421,37
53422,37
53423,37
53426,23
53427,23
53428,23
53429,23
53430,23
53431,23
53432,23
53433,23
53434,23
53435,23
53436,23
53437,23
53438,109
53439,37
53439,92
53440,87
53441,92
53442,92
53443,92
53444,92
53445,92
53446,18
53447,77
53448,77
53449,77
53450,109
53451,109
53455,44
53456,44
53457,69
53458,69
53459,69
53460,69
53461,69
53462,69
53463,37
53464,109
53465,109
53466,109
53467,33
53467,34
53468,33
53468,34
53469,71
53470,66
53471,66
53472,66
53473,6
53486,71
53487,33
53487,34
53488,49
53489,69
53490,69
53491,69
53492,69
53493,69
53494,69
53495,69
53496,7
53497,7
53498,7
53499,37
53499,71
53500,18
53501,18
53502,18
53503,18
53504,18
53507,21
53508,6
53509,6
53510,6
53511,6
53512,64
53513,64
53514,64
53515,64
53516,64
53517,18
53518,18
53519,32
53520,32
53521,49
53522,49
53523,49
53524,49
53525,87
53528,109
53529,69
53530,18
53530,44
53531,44
53532,18
53532,44
53533,44
53534,44
53535,49
53536,49
53537,49
53538,49
53539,40
53539,43
53540,40
53540,43
53541,71
53541,109
53542,69
53543,69
53544,69
53545,69
53546,69
53547,69
53548,1
53548,43
53548,92
53549,49
53550,49
53551,18
53552,21
53553,21
53554,21
53555,21
53556,21
53557,21
53558,49
53559,49
53560,49
53561,37
53562,37
53563,92
53564,18
53566,92
53567,18
53568,77
53569,77
53570,77
53571,77
53572,77
53573,77
53575,1
53575,43
53575,92
53576,1
53576,43
53576,92
53577,1
53577,43
53577,92
53578,1
53578,43
53578,92
53579,18
53580,18
53581,18
53582,8
53583,18
53584,18
53585,95
53586,95
53587,95
53588,78
53590,97
53591,49
53592,49
53593,14
53594,14
53595,78
53596,78
53598,27
53598,43
53598,56
53599,27
53599,43
53599,56
53600,27
53600,43
53600,56
53602,23
53603,23
53604,18
53605,18
53606,18
53607,18
53608,18
53609,18
53610,18
53611,18
53612,18
53613,18
53614,18
53619,109
53620,109
53621,67
53622,45
53623,77
53625,52
53626,77
53627,77
53628,77
53629,18
53630,92
53631,109
53632,109
53633,109
53634,109
53635,109
53636,109
53637,109
53638,109
53639,109
53640,109
53641,109
53642,109
53643,109
53645,6
53646,32
53646,109
53647,32
53647,109
53652,77
53653,77
53654,32
53654,49
53655,32
53655,49
53656,57
53657,18
53664,84
53665,84
53666,84
53671,18
53671,23
53671,33
53671,34
53672,44
53673,57
53674,37
53675,37
53676,37
53677,37
53678,109
53679,109
53680,109
53681,32
53682,64
53683,64
53684,64
53685,64
53689,32
53695,21
53696,21
53697,60
53698,60
53699,21
53700,21
53701,69
53702,69
53703,69
53704,69
53705,69
53706,40
53706,77
53707,87
53708,87
53709,87
53710,87
53711,87
53712,87
53713,87
53715,32
53721,21
53722,6
53726,44
53728,32
53729,32
53730,32
53731,32
53732,32
53733,32
53734,32
53735,32
53736,32
53737,32
53738,32
53739,32
53740,32
53741,32
53742,32
53743,32
53744,32
53745,32
53746,32
53747,32
53748,32
53749,32
53750,32
53751,32
53752,32
53753,32
53754,32
53755,32
53756,21
53757,32
53758,32
53759,32
53760,32
53761,32
53762,32
53763,32
53764,32
53765,32
53766,32
53767,32
53769,8
53770,77
53771,77
53772,77
53773,77
53774,77
53775,77
53776,33
53776,34
53777,49
53778,49
53779,49
53780,49
53781,49
53782,49
53783,49
53784,49
53785,49
53786,49
53787,49
53788,49
53789,49
53790,49
53791,49
53792,92
53793,18
53806,69
53808,44
53809,44
53810,32
53811,18
53812,23
53813,49
53814,49
53815,49
53817,6
53818,6
53819,6
53820,6
53821,69
53822,69
53823,69
53824,69
53825,69
53826,69
53827,12
53828,18
53828,23
53830,87
53831,87
53832,87
53833,87
53834,87
53835,87
53836,87
53837,87
53838,87
53839,18
53839,49
53840,18
53840,49
53841,18
53841,49
53842,18
53842,49
53843,18
53843,49
53844,18
53844,49
53845,18
53845,49
53846,18
53846,49
53847,18
53847,49
53848,18
53848,49
53849,18
53849,49
53850,32
53851,32
53852,109
53853,109
53854,109
53855,109
53856,109
53857,109
53858,109
53859,23
53860,49
53861,18
53861,44
53863,66
53866,71
53867,71
53868,49
53869,49
53870,49
53871,49
53873,105
53874,105
53875,77
53876,77
53881,18
53887,18
53888,32
53894,18
53894,33
53894,34
53895,21
53896,21
53897,21
53898,21
53899,33
53899,34
53900,44
53901,18
53901,23
53902,18
53902,23
53902,33
53902,34
53904,32
53905,18
53905,23
53905,33
53905,34
53920,21
53921,45
53922,18
53922,44
53924,21
53925,10
53926,10
53927,23
53928,23
53928,44
53929,23
53929,32
53930,23
53930,32
53931,87
53932,87
53933,87
53934,87
53935,87
53936,87
53937,87
53938,87
53939,87
53940,87
53941,1
53941,92
53942,87
53943,18
53944,18
53945,77
53946,77
53947,77
53948,77
53951,103
53952,103
53953,103
53954,103
53955,40
53956,23
53957,23
53958,23
53959,23
53960,103
53961,44
53962,1
53962,40
53962,43
53962,92
53963,1
53963,40
53963,43
53963,92
53965,18
53966,18
53967,18
53968,18
53969,18
53970,18
53971,97
53972,23
53973,103
53974,103
53975,103
53976,21
53977,21
53978,21
53979,21
53980,95
53981,95
53982,95
53983,18
53984,18
53985,18
53991,23
53992,23
53994,21
53995,21
53996,8
53997,8
53998,8
53999,8
54000,8
54001,8
54002,8
54003,27
54003,43
54003,56
54004,23
54005,23
54006,23
54007,23
54008,23
54009,77
54010,6
54011,6
54012,6
54013,6
54014,6
54015,6
54021,58
54022,58
54023,44
54024,18
54025,18
54026,109
54027,109
54028,109
54029,109
54030,109
54031,109
54032,109
54033,109
54040,18
54040,23
54041,50
54042,50
54043,50
54044,50
54045,50
54046,50
54047,50
54048,50
54049,23
54050,23
54051,23
54052,23
54053,23
54054,23
54055,23
54056,32
54057,103
54059,18
54060,32
54060,44
54061,32
54061,44
54062,18
54063,23
54065,32
54066,6
54070,32
54070,33
54070,34
54071,27
54071,43
54071,56
54072,27
54072,43
54072,56
54092,69
54093,33
54093,34
54094,33
54094,34
54095,33
54095,34
54096,33
54096,34
54097,33
54097,34
54098,33
54098,34
54099,33
54099,34
54100,33
54100,34
54101,33
54101,34
54102,33
54102,34
54103,7
54104,59
54105,59
54106,50
54107,50
54108,50
54109,50
54110,92
54111,92
54112,92
54113,23
54113,44
54114,40
54115,69
54116,49
54117,49
54118,49
54119,49
54120,49
54121,49
54122,49
54123,49
54124,49
54125,49
54126,49
54127,49
54128,18
54129,18
54130,59
54131,59
54132,33
54132,34
54133,33
54133,34
54134,18
54135,8
54136,8
54137,8
54138,8
54139,77
54141,50
54142,50
54143,33
54143,34
54144,33
54144,34
54145,33
54145,34
54146,33
54146,34
54147,33
54147,34
54148,16
54149,16
54150,16
54151,16
54152,77
54153,109
54154,23
54155,18
54156,32
54157,7
54158,7
54159,7
54160,7
54161,7
54162,7
54163,7
54164,7
54165,50
54166,18
54167,50
54168,50
54169,50
54170,50
54172,77
54173,84
54174,84
54175,84
54176,103
54177,103
54179,23
54180,7
54181,84
54182,84
54183,84
54184,84
54186,77
54187,77
54188,77
54189,77
54190,77
54191,77
54192,77
54193,77
54194,77
54195,77
54196,77
54197,32
54198,1
54198,37
54198,92
54199,1
54199,37
54199,92
54200,44
54201,44
54202,18
54203,109
54204,109
54205,109
54206,109
54207,109
54208,109
54209,109
54210,109
54211,109
54212,109
54213,33
54213,34
54214,33
54214,34
54215,23
54216,23
54217,23
54218,23
54219,18
54220,21
54221,21
54222,45
54223,45
54224,45
54225,45
54227,109
54228,109
54229,109
54230,109
54231,109
54232,109
54233,109
54234,109
54236,77
54237,77
54238,97
54239,84
54240,84
54241,49
54243,37
54243,92
54244,18
54245,18
54246,18
54246,77
54247,18
54247,77
54248,18
54248,77
54249,40
54250,69
54251,69
54252,69
54253,69
54254,69
54255,69
54256,69
54257,18
54258,18
54259,18
54260,18
54261,18
54262,18
54263,18
54264,40
54264,43
54271,32
54272,32
54273,109
54274,109
54275,7
54276,32
54277,44
54278,44
54282,109
54283,109
54284,109
54285,109
54286,109
54288,18
54290,14
54291,77
54292,77
54293,77
54294,95
54295,95
54296,95
54297,69
54298,23
54299,97
54300,97
54301,69
54302,44
54304,92
54305,97
54306,109
54307,33
54307,34
54308,33
54308,34
54310,18
54311,66
54312,66
54313,56
54313,77
54314,56
54314,77
54315,56
54315,77
54316,56
54316,77
54317,56
54317,77
54321,33
54321,34
54322,33
54322,34
54323,33
54323,34
54324,18
54325,18
54326,44
54327,44
54328,44
54329,44
54330,18
54330,33
54331,32
54331,33
54332,49
54333,109
54336,49
54337,21
54338,18
54339,40
54339,43
54340,49
54341,18
54341,49
54342,49
54343,18
54345,18
54346,18
54347,97
54348,44
54349,18
54350,18
54351,77
54352,10
54353,10
54354,18
54354,23
54354,33
54354,34
54355,23
54356,23
54356,44
54357,23
54357,33
54357,34
54358,14
54359,23
54360,23
54361,23
54362,45
54363,45
54364,45
54365,45
54366,45
54367,18
54367,71
54368,18
54368,71
54369,18
54369,71
54370,18
54371,18
54372,77
54373,18
54374,18
54375,37
54376,32
54376,49
54377,32
54377,49
54378,32
54379,32
54379,44
54380,32
54380,44
54381,1
54381,43
54381,92
54382,1
54382,43
54382,92
54384,21
54385,33
54385,34
54386,33
54386,34
54387,33
54387,34
54388,33
54388,34
54390,69
54391,69
54392,18
54393,21
54394,32
54395,32
54396,8
54397,8
54398,8
54401,44
54402,18
54403,18
54404,32
54405,32
54406,32
54407,44
54408,32
54408,49
54409,77
54410,77
54411,103
54412,103
54413,103
54414,103
54415,33
54415,34
54416,44
54416,109
54417,44
54417,109
54418,44
54418,109
54419,44
54419,109
54420,44
54420,109
54421,21
54422,109
54423,109
54424,109
54425,109
54426,109
54427,109
54428,109
54429,109
54430,109
54431,109
54432,109
54433,109
54434,109
54435,33
54435,34
54436,92
54437,92
54438,92
54439,33
54439,34
54440,49
54441,49
54442,49
54443,49
54444,49
54445,49
54446,49
54447,49
54448,49
54449,49
54450,49
54451,49
54453,14
54454,77
54455,23
54456,44
54457,45
54458,45
54459,45
54473,18
54474,18
54475,18
54476,18
54477,18
54478,18
54479,18
54480,18
54481,18
54482,18
54483,18
54484,18
54485,18
54486,18
54487,18
54488,18
54489,18
54490,18
54491,18
54492,18
54493,32
54494,69
54495,69
54496,69
54497,69
54498,109
54499,109
54500,45
54501,44
54502,44
54503,44
54504,23
54504,44
54505,44
54507,44
54508,1
54508,37
54508,40
54508,77
54508,92
54509,1
54509,37
54509,40
54509,77
54509,92
54510,1
54510,37
54510,40
54510,77
54510,92
54511,1
54511,37
54511,40
54511,77
54511,92
54512,21
54513,21
54514,21
54515,21
54516,21
54517,21
54518,21
54519,21
54524,95
54525,109
54526,109
54527,109
54528,109
54529,1
54532,59
54533,59
54534,59
54535,59
54536,59
54538,64
54539,64
54540,64
54542,109
54543,109
54544,109
54545,109
54546,77
54547,77
54548,77
54549,23
54550,23
54551,23
54552,27
54552,43
54552,56
54553,40
54553,43
54553,77
54554,40
54554,43
54554,77
54562,1
54562,37
54562,77
54562,92
54563,1
54563,37
54563,77
54563,92
54564,1
54564,37
54564,77
54564,92
54565,49
54566,56
54567,56
54568,21
54569,21
54570,21
54571,21
54572,21
54573,21
54574,21
54575,21
54576,21
54578,23
54579,23
54580,32
54581,32
54583,18
54583,23
54583,33
54583,34
54584,18
54584,23
54584,33
54584,34
54585,1
54585,43
54585,92
54586,1
54586,43
54586,92
54587,69
54588,69
54589,32
54590,32
54591,69
54592,69
54593,34
54594,34
54595,44
54596,44
54597,44
54602,18
54602,23
54603,18
54603,33
54605,23
54605,32
54606,27
54606,43
54607,103
54608,7
54609,7
54610,7
54611,7
54612,7
54613,7
54614,7
54615,7
54616,7
54617,7
54618,109
54619,6
54620,6
54621,6
54622,33
54622,34
54623,32
54624,59
54625,59
54626,59
54627,59
54628,59
54629,59
54630,59
54631,59
54632,59
54635,23
54636,69
54637,69
54638,69
54639,69
54640,23
54641,49
54642,49
54643,49
54644,49
54649,23
54650,77
54651,27
54651,43
54652,49
54653,49
54654,49
54655,49
54656,21
54657,21
54658,21
54659,21
54660,44
54661,44
54662,44
54663,44
54664,44
54665,44
54666,44
54667,44
54669,33
54669,34
54673,27
54673,43
54673,56
54674,27
54674,43
54674,56
54675,7
54676,7
54677,7
54678,7
54679,23
54682,1
54682,43
54682,92
54683,1
54683,43
54683,92
54684,1
54684,43
54684,92
54685,32
54686,23
54687,109
54688,109
54689,109
54690,109
54691,109
54692,109
54700,18
54701,18
54702,18
54703,34
54704,34
54705,34
54706,34
54707,77
54708,23
54709,49
54715,21
54716,21
54717,21
54718,6
54719,18
54720,45
54721,45
54722,56
54722,77
54723,18
54723,33
54723,34
54724,18
54725,18
54725,44
54726,21
54727,21
54728,18
54728,23
54729,49
54730,49
54731,49
54732,49
54733,44
54739,58
54741,58
54742,58
54743,58
54744,58
54745,58
54757,44
54758,44
54759,44
54760,38
54761,57
54762,21
54763,21
54764,21
54765,21
54766,21
54767,21
54768,21
54769,21
54770,21
54771,21
54772,21
54773,21
54774,49
54775,32
54776,23
54777,23
54778,23
54779,23
54780,23
54781,21
54782,21
54783,23
54784,87
54785,21
54786,32
54787,32
54788,18
54789,18
54790,18
54792,109
54793,18
54794,58
54796,10
54797,1
54797,43
54797,92
54798,40
54798,77
54799,23
54800,8
54801,8
54802,103
54803,103
54804,103
54812,109
54813,109
54814,109
54815,109
54816,109
54817,109
54818,109
54819,109
54820,109
54821,109
54822,109
54823,109
54824,109
54825,109
54826,109
54827,109
54828,109
54829,109
54830,109
54831,109
54832,109
54833,109
54834,109
54835,109
54836,109
54837,109
54838,109
54839,109
54840,109
54841,109
54842,109
54843,109
54844,109
54845,109
54846,109
54847,109
54848,109
54849,109
54850,109
54851,109
54852,109
54853,109
54854,109
54855,109
54856,109
54857,109
54858,109
54859,109
54860,109
54861,109
54862,109
54863,109
54864,109
54865,109
54866,109
54867,109
54868,109
54869,109
54870,109
54871,109
54872,109
54873,109
54874,109
54875,109
54876,109
54877,109
54878,59
54879,109
54880,109
54881,109
54882,59
54883,59
54884,59
54886,37
54886,40
54886,77
54887,37
54887,40
54887,77
54888,18
54889,97
54890,97
54891,21
54892,21
54893,87
54895,87
54896,44
54897,44
54898,44
54899,44
54900,18
54900,93
54901,49
54902,21
54910,18
54911,21
54912,77
54913,66
54914,95
54915,95
54916,95
54917,21
54918,21
54919,21
54920,21
54921,23
54922,23
54923,21
54925,33
54925,34
54926,33
54926,34
54927,44
54928,6
54929,6
54930,6
54931,55
54932,55
54933,55
54934,55
54935,18
54935,33
54935,44
54936,18
54936,33
54936,44
54937,1
54937,43
54937,92
54938,58
54939,58
54941,21
54942,71
54943,71
54944,71
54945,23
54946,32
54947,32
54948,32
54949,32
54950,32
54951,1
54951,37
54951,77
54951,92
54952,1
54952,37
54952,77
54952,92
54953,49
54954,67
54955,10
54956,10
54957,10
54958,69
54959,18
54959,23
54960,18
54960,23
54961,18
54961,23
54962,18
54962,23
54963,18
54963,23
54964,18
54964,23
54965,40
54965,43
54965,77
54976,64
54977,64
54979,37
54980,37
54981,103
54982,37
54983,49
54985,21
54986,103
54987,103
54988,103
54989,103
54990,103
54991,69
54993,27
54993,43
54993,56
54994,27
54994,43
54994,56
54995,27
54995,43
54995,56
54996,23
54997,23
54998,23
54999,1
54999,37
54999,40
54999,92
55000,1
55000,37
55000,40
55000,92
55001,49
55002,18
55003,49
55004,23
55005,105
55006,105
55007,7
55008,7
55009,7
55010,7
55011,7
55012,7
55013,7
55014,7
55015,18
55015,23
55016,44
55016,48
55017,69
55018,69
55019,69
55020,69
55021,69
55022,69
55023,59
55024,59
55025,59
55026,59
55027,59
55028,59
55029,59
55030,59
55031,59
55032,59
55033,59
55034,59
55035,59
55036,59
55037,59
55038,59
55039,59
55040,59
55041,59
55042,109
55043,109
55044,59
55045,77
55046,77
55047,77
55048,32
55050,103
55051,103
55052,103
55053,103
55054,103
55055,103
55056,103
55057,103
55058,103
55059,103
55060,103
55061,103
55062,103
55063,103
55064,103
55065,103
55066,109
55067,21
55068,23
55069,18
55069,44
55070,18
55070,23
55070,33
55070,34
55070,44
55070,77
55071,23
55072,49
55073,97
55074,49
55075,49
55076,49
55077,97
55078,69
55079,69
55080,69
55081,97
55082,97
55083,97
55084,57
55085,46
55086,46
55087,46
55088,46
55089,37
55089,71
55090,109
55091,109
55092,109
55093,109
55094,109
55095,109
55096,18
55097,23
55098,18
55098,44
55099,18
55099,44
55100,18
55101,18
55102,18
55103,21
55104,12
55105,1
55105,37
55105,77
55105,92
55108,109
55109,109
55110,23
55111,23
55112,23
55113,23
55114,23
55115,109
55116,87
55117,87
55118,87
55119,32
55120,32
55121,32
55122,32
55123,32
55124,32
55125,32
55126,32
55127,32
55128,32
55129,32
55130,21
55131,18
55132,18
55134,59
55135,32
55136,32
55137,18
55137,77
55138,32
55139,109
55141,18
55141,23
55142,37
55143,44
55144,23
55145,23
55146,1
55146,37
55146,40
55146,92
55147,66
55148,49
55149,57
55150,14
55151,14
55152,1
55152,37
55152,40
55152,77
55152,92
55153,44
55154,1
55154,37
55154,40
55154,77
55154,92
55155,1
55155,37
55155,40
55155,77
55155,92
55156,1
55156,37
55156,40
55156,77
55156,92
55157,1
55157,37
55157,40
55157,77
55157,92
55158,1
55158,37
55158,40
55158,77
55158,92
55159,1
55159,37
55159,40
55159,77
55159,92
55160,1
55160,37
55160,40
55160,77
55160,92
55161,1
55161,37
55161,40
55161,77
55161,92
55162,1
55162,37
55162,40
55162,77
55162,92
55163,1
55163,37
55163,40
55163,77
55163,92
55164,1
55164,37
55164,40
55164,77
55164,92
55165,1
55165,37
55165,40
55165,77
55165,92
55166,1
55166,37
55166,40
55166,77
55166,92
55167,1
55167,37
55167,40
55167,77
55167,92
55168,18
55168,23
55168,33
55168,34
55168,44
55168,77
55169,44
55170,45
55171,45
55172,45
55173,45
55174,45
55175,45
55176,9
55181,109
55182,109
55183,109
55198,18
55200,77
55201,18
55202,18
55203,18
55204,18
55205,18
55211,64
55212,1
55212,37
55212,92
55213,59
55214,59
55215,84
55216,84
55217,84
55218,84
55219,84
55220,59
55221,1
55221,43
55221,56
55221,92
55223,27
55223,43
55223,56
55224,23
55225,49
55226,49
55227,18
55227,44
55228,21
55229,18
55229,23
55229,33
55229,34
55230,32
55231,32
55232,40
55232,43
55233,7
55234,7
55235,27
55235,43
55236,7
55237,7
55238,7
55239,7
55240,97
55241,97
55242,97
55243,97
55244,32
55245,18
55245,44
55246,37
55247,66
55248,23
55251,103
55253,103
55254,33
55254,34
55256,21
55257,69
55259,59
55260,87
55261,18
55262,18
55263,18
55263,23
55264,23
55264,33
55264,34
55266,18
55266,77
55267,95
55268,95
55269,71
55270,71
55272,87
55273,87
55274,87
55275,87
55276,87
55277,87
55278,97
55279,97
55280,97
55281,97
55282,32
55283,77
55284,77
55285,77
55286,77
55287,33
55287,34
55297,95
55301,44
55302,49
55303,49
55305,49
55306,108
55307,108
55308,108
55309,108
55310,108
55311,108
55312,108
55313,108
55314,108
55315,108
55316,108
55317,108
55318,108
55319,108
55320,108
55321,108
55322,108
55323,108
55324,108
55325,108
55326,108
55327,108
55328,108
55329,108
55330,108
55331,108
55332,108
55333,108
55334,27
55334,43
55334,56
55335,33
55335,34
55336,33
55336,34
55337,77
55338,77
55339,18
55339,33
55339,34
55339,44
55340,18
55340,33
55340,34
55340,44
55341,18
55342,109
55343,109
55344,109
55345,109
55346,109
55347,109
55348,109
55349,109
55350,109
55352,32
55353,23
55355,40
55355,43
55355,77
55356,40
55356,43
55356,77
55357,32
55359,18
55365,32
55366,32
55367,32
55368,32
55369,32
55370,32
55371,32
55372,32
55373,87
55374,87
55375,87
55376,87
55377,87
55378,87
55379,33
55379,34
55380,33
55380,34
55381,18
55382,18
55383,18
55384,37
55384,92
55385,18
55386,108
55387,108
55388,108
55389,108
55390,108
55391,107
55392,108
55393,107
55394,107
55395,107
55396,107
55397,107
55398,107
55399,44
55400,45
55401,45
55402,45
55403,45
55404,45
55405,45
55406,45
55407,45
55408,45
55409,45
55410,45
55411,45
55412,45
55413,45
55414,1
55414,43
55414,92
55415,45
55416,45
55417,45
55418,45
55419,45
55420,18
55421,27
55421,43
55422,7
55423,7
55424,7
55425,18
55426,18
55426,23
55427,18
55428,21
55429,21
55431,44
55432,44
55433,44
55434,44
55435,44
55436,44
55437,21
55438,21
55439,21
55440,109
55441,109
55442,109
55443,109
55444,109
55445,109
55446,109
55447,10
55447,18
55448,7
55449,44
55450,64
55451,27
55451,43
55452,38
55455,23
55455,49
55456,23
55456,49
55457,23
55457,49
55458,23
55458,49
55462,109
55465,109
55469,23
55469,49
55470,23
55470,49
55471,21
55472,109
55473,58
55474,58
55475,58
55476,18
55477,18
55478,18
55479,18
55480,18
55481,109
55482,69
55483,69
55484,69
55485,69
55486,97
55487,45
55488,45
55489,21
55491,23
55492,49
55493,44
55494,44
55495,55
55496,23
55498,77
55499,23
55499,44
55500,109
55501,77
55502,77
55503,32
55504,77
55508,77
55509,77
55510,77
55511,77
55523,103
55525,32
55526,32
55527,69
55528,69
55529,69
55530,69
55531,69
55532,18
55532,44
55533,69
55534,33
55534,34
55535,18
55536,40
55536,43
55538,40
55538,77
55539,109
55540,109
55541,109
55542,109
55543,109
55544,109
55545,109
55546,109
55547,109
55548,109
55549,109
55550,69
55551,7
55552,92
55553,7
55554,49
55555,103
55556,103
55557,103
55558,103
55559,103
55560,10
55563,55
55564,55
55565,55
55566,18
55567,109
55568,109
55569,109
55570,109
55571,109
55572,18
55573,1
55573,92
55574,32
55575,21
55576,64
55577,64
55578,77
55579,87
55580,23
55582,52
55583,18
55584,18
55585,18
55586,18
55587,18
55589,23
55590,23
55591,46
55592,18
55592,46
55593,18
55593,46
55594,18
55594,46
55595,18
55595,46
55596,18
55596,46
55597,18
55597,46
55598,18
55598,46
55599,103
55601,105
55602,105
55603,105
55604,69
55605,69
55606,69
55607,69
55608,8
55608,92
55609,59
55610,109
55611,109
55612,18
55613,18
55614,18
55615,18
55616,18
55617,18
55618,18
55619,18
55620,18
55621,18
55622,18
55623,8
55623,92
55624,8
55624,92
55625,8
55625,92
55626,8
55626,92
55627,8
55627,92
55629,52
55630,66
55631,66
55632,66
55633,66
55634,66
55635,33
55635,34
55636,33
55636,34
55637,33
55637,34
55638,33
55638,34
55639,33
55639,34
55640,33
55640,34
55641,33
55641,34
55642,32
55643,21
55646,87
55647,27
55647,43
55647,56
55648,77
55649,23
55651,33
55651,34
55652,21
55653,21
55654,21
55655,21
55656,21
55657,77
55658,49
55659,49
55660,23
55661,23
55662,92
55663,44
55663,48
55673,109
55674,109
55675,109
55676,109
55677,109
55678,109
55679,109
55680,109
55681,109
55682,109
55683,33
55683,44
55684,18
55685,33
55685,34
55686,32
55687,32
55688,37
55688,71
55689,58
55690,58
55691,58
55692,58
55693,33
55693,34
55694,23
55695,23
55701,18
55702,18
55703,18
55704,18
55705,18
55706,77
55708,33
55708,34
55709,21
55710,44
55711,84
55712,84
55713,84
55714,6
55715,1
55715,37
55715,92
55716,1
55716,37
55716,92
55717,27
55717,43
55717,56
55717,92
55718,27
55718,43
55718,56
55718,92
55719,77
55720,77
55721,77
55722,77
55723,77
55724,77
55725,77
55726,77
55727,77
55728,77
55729,77
55730,77
55731,77
55732,33
55732,34
55734,37
55735,37
55736,37
55737,37
55738,37
55739,33
55739,34
55740,18
55741,18
55742,18
55742,23
55743,97
55744,44
55745,1
55745,37
55745,40
55745,92
55746,1
55746,37
55746,40
55746,92
55747,18
55748,18
55750,109
55751,32
55752,32
55753,33
55753,34
55754,33
55754,34
55755,33
55755,34
55756,33
55756,34
55757,33
55757,34
55758,33
55758,34
55759,33
55759,34
55760,33
55760,34
55761,33
55761,34
55762,33
55762,34
55763,77
55764,23
55765,18
55766,18
55767,18
55768,18
55769,59
55770,59
55771,59
55772,7
55773,7
55774,7
55775,7
55776,7
55777,7
55778,7
55779,7
55780,92
55781,56
55781,77
55782,56
55782,77
55783,57
55784,57
55785,18
55786,18
55787,57
55788,18
55789,87
55790,87
55791,49
55792,57
55793,57
55794,57
55795,32
55797,44
55798,44
55800,109
55801,109
55802,109
55803,59
55804,59
55805,23
55805,44
55806,55
55807,32
55809,18
55811,69
55812,69
55813,18
55813,23
55815,18
55816,38
55817,38
55818,38
55819,49
55820,84
55821,97
55822,1
55822,43
55822,92
55823,1
55823,43
55823,92
55824,1
55824,43
55824,92
55825,1
55825,43
55825,92
55826,1
55826,43
55826,92
55827,109
55828,109
55829,109
55830,109
55831,109
55832,109
55835,18
55836,33
55836,34
55836,44
55847,18
55848,77
55849,77
55850,8
55851,8
55852,8
55853,77
55854,77
55855,46
55856,46
55857,46
55857,47
55858,46
55859,77
55860,77
55862,109
55863,66
55866,77
55867,77
55868,77
55869,77
55870,77
55871,77
55872,84
55873,84
55874,84
55875,84
55876,84
55877,84
55878,77
55879,77
55880,77
55881,77
55882,23
55887,32
55887,105
55888,32
55888,105
55889,23
55890,23
55891,23
55892,23
55893,12
55894,12
55896,33
55896,34
55897,64
55898,33
55898,34
55899,23
55899,33
55899,34
55900,23
55901,45
55902,69
55903,69
55904,69
55906,45
55907,45
55909,92
55910,92
55911,92
55912,18
55912,44
55913,18
55914,18
55915,18
55916,18
55917,18
55918,18
55919,18
55920,18
55921,18
55922,18
55923,44
55924,44
55925,59
55926,59
55927,59
55928,59
55929,59
55930,59
55931,18
55931,46
55932,18
55932,46
55933,18
55933,46
55934,18
55934,46
55935,18
55935,46
55936,49
55937,69
55938,89
55939,89
55940,89
55941,89
55942,89
55945,18
55946,44
55947,97
55948,97
55949,97
55950,97
55951,97
55952,97
55953,97
55954,97
55955,97
55956,97
55957,97
55958,97
55959,40
55959,43
55959,77
55963,18
55964,23
55965,105
55966,105
55967,7
55968,7
55969,7
55970,7
55971,7
55972,7
55973,7
55974,7
55975,23
55976,23
55977,37
55977,40
55977,74
55978,109
55979,109
55980,109
55983,18
55984,44
55985,18
55986,57
55987,18
55987,33
55987,34
55988,18
55989,18
55990,32
55991,32
55992,32
55993,32
55994,23
55995,37
55996,23
55996,49
55997,23
55997,49
55998,44
55999,59
56000,59
56001,59
56002,59
56003,37
56003,40
56003,43
56003,92
56004,37
56004,40
56004,43
56004,92
56005,37
56005,40
56005,43
56005,92
56006,37
56006,40
56006,43
56006,92
56007,92
56008,92
56009,92
56010,92
56015,18
56016,18
56017,18
56018,18
56019,18
56020,18
56021,64
56022,77
56023,21
56024,21
56025,18
56025,93
56026,18
56026,93
56027,18
56027,93
56028,23
56029,18
56029,23
56033,37
56034,37
56035,77
56041,71
56042,71
56043,92
56045,18
56045,23
56048,77
56049,21
56050,21
56051,21
56052,21
56053,21
56054,21
56055,21
56056,21
56057,64
56058,64
56059,23
56063,103
56064,103
56065,109
56066,109
56067,109
56068,109
56069,109
56070,109
56071,109
56072,109
56078,18
56078,23
56079,18
56079,23
56080,18
56080,23
56081,45
56082,45
56083,45
56084,8
56088,109
56089,109
56090,109
56091,109
56092,109
56093,109
56094,109
56095,109
56096,23
56096,32
56097,18
56098,18
56099,32
56099,105
56100,7
56101,7
56102,7
56103,18
56103,23
56104,21
56105,21
56106,71
56107,71
56108,71
56109,71
56110,71
56111,71
56112,71
56113,97
56114,97
56115,97
56117,77
56118,97
56119,45
56120,77
56121,77
56122,77
56123,77
56124,69
56125,69
56126,69
56127,69
56128,69
56129,69
56130,69
56131,69
56132,49
56137,1
56137,37
56137,40
56137,43
56137,92
56138,66
56139,18
56139,66
56140,23
56141,57
56142,23
56142,32
56145,40
56145,43
56145,77
56146,37
56146,40
56146,77
56150,32
56151,32
56152,18
56153,32
56154,32
56155,32
56156,32
56157,44
56158,27
56158,56
56159,27
56159,56
56160,27
56160,56
56161,27
56161,56
56162,77
56163,109
56164,109
56165,109
56166,109
56167,7
56168,7
56169,18
56169,23
56171,18
56172,18
56173,18
56174,23
56174,44
56176,44
56177,44
56178,44
56179,44
56180,18
56181,18
56182,18
56183,55
56184,49
56185,78
56186,78
56187,69
56188,69
56189,109
56190,109
56191,109
56192,109
56193,109
56194,109
56195,109
56201,57
56202,49
56203,44
56204,44
56205,32
56206,44
56207,44
56208,44
56209,44
56210,44
56211,44
56212,44
56213,44
56214,44
56215,44
56216,44
56217,109
56218,33
56218,34
56219,44
56220,7
56221,7
56222,7
56223,7
56225,32
56231,33
56231,34
56232,18
56233,21
56234,40
56234,43
56235,49
56236,49
56237,1
56237,43
56237,92
56238,1
56238,43
56238,92
56239,1
56239,43
56239,92
56240,18
56241,18
56242,18
56243,77
56244,40
56244,77
56245,40
56245,77
56246,40
56246,77
56247,40
56247,77
56248,59
56249,23
56251,92
56253,56
56253,77
56254,56
56254,77
56255,56
56255,77
56256,56
56256,77
56257,56
56257,77
56258,56
56258,77
56259,32
56261,23
56261,44
56262,23
56262,44
56264,103
56265,33
56265,34
56266,69
56267,49
56268,77
56269,77
56270,46
56271,46
56272,46
56273,46
56274,97
56275,97
56277,1
56277,37
56277,43
56277,92
56278,1
56278,37
56278,43
56278,92
56279,1
56279,37
56279,43
56279,92
56280,1
56280,37
56280,43
56280,92
56281,1
56281,37
56281,43
56281,92
56282,109
56283,109
56285,27
56285,43
56285,56
56286,32
56286,33
56286,34
56287,32
56287,33
56287,34
56289,109
56290,109
56291,109
56292,77
56293,21
56294,27
56294,43
56295,27
56295,43
56296,21
56297,18
56297,23
56298,23
56299,32
56300,32
56300,109
56301,32
56301,109
56302,40
56302,43
56302,77
56304,32
56305,1
56305,43
56305,92
56306,1
56306,43
56306,92
56307,69
56308,18
56309,66
56310,66
56311,66
56312,66
56313,66
56314,66
56315,66
56316,66
56317,18
56318,109
56319,109
56320,109
56321,23
56321,44
56322,18
56323,18
56324,37
56325,40
56325,77
56325,92
56326,18
56326,77
56327,59
56328,69
56328,71
56329,69
56329,71
56330,23
56331,23
56332,23
56333,23
56334,23
56335,23
56336,23
56343,30
56343,92
56344,30
56344,92
56345,30
56345,92
56346,18
56347,18
56348,18
56349,23
56349,44
56350,77
56354,103
56355,103
56356,103
56357,103
56358,103
56359,103
56360,1
56360,43
56360,92
56361,44
56362,33
56362,34
56363,87
56365,109
56366,12
56367,12
56368,12
56369,12
56370,12
56371,10
56372,10
56373,10
56374,10
56375,10
56376,10
56377,23
56378,23
56379,18
56379,23
56380,23
56380,44
56385,44
56386,1
56386,43
56386,92
56387,1
56387,43
56387,92
56388,1
56388,43
56388,92
56389,18
56389,33
56390,18
56390,33
56391,18
56392,18
56399,18
56400,18
56401,23
56402,18
56402,44
56403,18
56403,44
56408,44
56409,44
56410,66
56411,66
56412,77
56413,77
56414,97
56415,97
56416,23
56418,37
56418,77
56419,18
56419,23
56420,18
56420,23
56421,18
56422,37
56423,92
56424,32
56425,32
56426,32
56428,58
56429,23
56430,1
56430,43
56430,92
56431,1
56431,43
56431,92
56432,1
56432,43
56432,92
56433,1
56433,43
56433,92
56434,77
56435,8
56436,87
56437,49
56438,49
56439,49
56440,23
56441,40
56442,23
56443,6
56444,32
56445,32
56446,32
56447,32
56448,32
56449,32
56450,32
56451,32
56454,23
56455,1
56455,92
56456,109
56457,109
56458,109
56459,109
56460,109
56461,109
56462,44
56463,44
56464,32
56465,32
56466,32
56467,44
56468,32
56469,32
56470,32
56471,32
56472,32
56473,32
56474,44
56475,44
56476,44
56477,44
56478,44
56479,44
56482,32
56483,32
56484,32
56485,32
56489,97
56490,87
56491,87
56492,57
56493,57
56494,57
56495,57
56496,57
56497,59
56498,59
56499,59
56500,59
56501,21
56502,21
56503,21
56504,18
56504,33
56504,34
56508,44
56509,44
56510,44
56511,59
56512,49
56513,32
56514,18
56515,18
56516,18
56517,37
56517,92
56518,49
56519,18
56520,18
56520,23
56521,33
56521,34
56522,33
56522,34
56523,33
56523,34
56533,37
56533,77
56534,37
56534,77
56535,18
56536,18
56537,18
56537,93
56538,18
56538,93
56539,18
56539,93
56540,18
56540,93
56541,18
56541,93
56542,18
56542,93
56543,18
56544,18
56545,18
56546,18
56547,18
56548,109
56549,109
56550,23
56552,21
56553,21
56554,18
56555,109
56556,109
56557,7
56558,7
56559,7
56560,32
56560,109
56561,33
56561,34
56562,23
56562,33
56562,34
56563,18
56564,40
56564,43
56564,77
56568,27
56568,43
56568,56
56569,69
56570,69
56571,69
56572,69
56573,69
56574,77
56575,1
56575,43
56575,92
56576,1
56576,43
56576,92
56577,1
56577,43
56577,92
56578,1
56578,44
56578,92
56579,95
56580,95
56584,109
56585,109
56586,109
56587,28
56589,18
56589,23
56596,109
56597,18
56598,109
56599,109
56600,109
56601,109
56602,7
56603,7
56604,1
56604,37
56604,40
56604,92
56605,1
56605,37
56605,40
56605,92
56606,71
56607,18
56608,23
56609,92
56610,23
56611,18
56612,18
56613,18
56614,18
56615,18
56616,32
56617,32
56617,44
56618,32
56618,44
56619,18
56620,18
56621,44
56622,44
56623,44
56624,44
56625,18
56626,87
56627,32
56628,109
56629,103
56633,77
56634,77
56635,23
56636,23
56637,23
56638,23
56640,21
56641,21
56643,109
56644,44
56645,33
56645,34
56645,77
56646,32
56647,23
56648,71
56649,1
56649,77
56649,92
56650,1
56650,77
56650,92
56651,97
56652,97
56653,97
56654,97
56655,97
56656,97
56657,97
56658,97
56659,97
56660,97
56661,45
56662,18
56663,33
56663,34
56663,44
56664,44
56665,44
56666,44
56667,44
56668,55
56669,55
56679,1
56679,37
56679,40
56679,77
56679,92
56681,18
56681,37
56681,44
56683,1
56683,37
56683,40
56683,77
56683,92
56684,1
56684,37
56684,40
56684,77
56684,92
56685,1
56685,37
56685,40
56685,77
56685,92
56686,32
56687,32
56688,64
56690,1
56690,43
56690,92
56691,1
56691,43
56691,92
56696,23
56697,23
56698,77
56699,77
56700,77
56701,1
56701,37
56701,40
56701,92
56702,69
56703,69
56704,69
56705,69
56706,69
56707,69
56708,69
56709,69
56710,69
56711,69
56712,21
56713,21
56714,21
56715,21
56716,21
56717,32
56717,33
56717,34
56717,44
56718,77
56719,77
56720,77
56726,37
56727,105
56728,105
56729,55
56730,18
56731,69
56732,69
56733,69
56734,69
56735,49
56736,49
56737,49
56738,49
56739,49
56740,18
56740,34
56741,40
56741,43
56741,77
56742,71
56743,71
56744,71
56745,32
56746,23
56747,87
56766,23
56767,92
56768,71
56769,37
56769,92
56770,1
56770,37
56770,92
56771,32
56772,49
56773,44
56774,108
56775,44
56776,18
56776,44
56777,18
56777,44
56778,44
56779,109
56780,109
56781,109
56782,109
56783,109
56784,109
56785,109
56786,109
56787,109
56788,109
56789,109
56790,109
56791,109
56792,109
56793,109
56794,109
56795,109
56796,109
56797,109
56798,109
56799,109
56800,109
56801,109
56802,109
56803,109
56804,109
56805,109
56806,109
56807,109
56808,109
56809,109
56810,109
56811,23
56812,43
56813,43
56814,8
56815,8
56816,18
56817,23
56818,23
56819,23
56820,23
56821,23
56822,23
56823,23
56824,52
56825,23
56825,32
56826,23
56826,32
56827,23
56827,32
56829,59
56830,49
56831,49
56832,49
56833,49
56834,49
56835,49
56836,49
56837,49
56838,69
56839,33
56839,34
56840,33
56840,34
56841,33
56841,34
56842,33
56842,34
56844,23
56845,23
56846,23
56847,23
56848,23
56849,23
56852,59
56855,49
56856,49
56857,49
56858,49
56859,49
56860,44
56861,45
56862,45
56863,18
56864,23
56865,59
56866,59
56867,59
56868,109
56869,109
56870,109
56871,109
56872,109
56873,109
56883,77
56884,12
56885,1
56885,40
56885,43
56885,92
56887,49
56888,49
56889,49
56890,49
56891,64
56897,23
56898,56
56898,77
56899,44
56900,77
56901,77
56902,77
56903,28
56904,28
56905,28
56906,23
56907,23
56908,23
56912,49
56913,92
56914,23
56914,49
56915,49
56916,49
56918,1
56918,37
56918,40
56918,77
56918,92
56919,1
56919,37
56919,40
56919,77
56919,92
56920,1
56920,37
56920,40
56920,77
56920,92
56921,108
56922,109
56923,109
56924,109
56925,23
56926,37
56927,23
56928,23
56929,23
56930,23
56931,57
56932,57
56933,37
56934,37
56935,45
56936,1
56936,37
56936,92
56937,21
56938,40
56939,40
56940,40
56941,69
56942,49
56943,49
56944,49
56945,49
56946,49
56947,49
56948,49
56949,77
56950,18
56951,23
56952,59
56953,32
56954,32
56955,44
56956,44
56957,44
56958,44
56959,44
56960,44
56961,44
56962,44
56964,105
56965,103
56966,27
56966,56
56966,92
56967,27
56967,56
56967,92
56968,27
56968,56
56968,92
56969,27
56969,56
56969,92
56970,27
56970,56
56970,92
56972,18
56972,23
56973,59
56974,32
56975,32
56976,32
56977,32
56978,32
56979,40
56979,43
56980,40
56980,43
56981,40
56981,43
56982,40
56982,43
56983,40
56983,43
56984,40
56984,43
56985,37
56985,77
56986,37
56987,37
56988,59
56989,59
56990,56
56990,77
56991,56
56991,77
56992,32
56993,32
56994,32
56995,32
56996,32
56997,32
56998,32
56999,32
57000,23
57000,44
57001,23
57001,44
57002,23
57002,44
57003,23
57003,44
57004,23
57004,44
57005,7
57006,7
57007,7
57008,7
57009,7
57010,59
57011,44
57012,44
57013,21
57014,18
57015,18
57016,18
57017,7
57018,23
57018,44
57021,18
57022,44
57023,44
57024,21
57025,21
57026,21
57027,21
57028,77
57029,77
57030,77
57031,32
57032,32
57033,32
57034,1
57034,43
57034,92
57035,1
57035,43
57035,92
57036,109
57037,109
57038,109
57039,109
57040,109
57041,109
57042,109
57043,109
57044,77
57045,18
57046,109
57047,18
57048,32
57048,105
57049,44
57050,1
57050,27
57050,56
57050,92
57051,1
57051,27
57051,56
57051,92
57052,1
57052,27
57052,56
57052,92
57053,1
57053,27
57053,56
57053,92
57054,6
57055,6
57056,6
57057,6
57058,49
57059,49
57063,32
57064,71
57065,71
57066,71
57067,18
57068,77
57069,77
57070,77
57071,59
57072,87
57073,87
57074,87
57075,87
57076,87
57077,87
57078,87
57079,87
57080,87
57081,87
57082,87
57083,87
57084,87
57085,87
57086,87
57087,87
57088,87
57089,87
57090,87
57091,109
57092,109
57093,109
57094,109
57095,109
57096,109
57097,18
57097,23
57098,27
57098,40
57098,43
57098,56
57099,27
57099,40
57099,43
57099,56
57100,18
57101,18
57102,27
57102,43
57102,56
57103,35
57104,44
57105,44
57106,44
57107,44
57108,44
57109,46
57110,23
57112,59
57113,18
57114,23
57115,95
57116,95
57117,95
57118,32
57119,32
57120,32
57121,32
57122,32
57126,37
57127,49
57128,49
57129,49
57132,18
57133,77
57134,77
57135,32
57136,59
57137,18
57138,23
57139,23
57141,32
57142,32
57143,32
57144,32
57145,35
57146,35
57147,7
57148,7
57149,23
57149,44
57150,90
57151,44
57151,90
57152,33
57152,34
57153,33
57153,34
57154,33
57154,34
57155,33
57155,34
57156,33
57156,34
57157,59
57158,45
57159,45
57160,27
57160,43
57160,56
57161,7
57162,7
57163,7
57164,7
57165,23
57169,23
57169,49
57170,59
57171,59
57172,59
57173,59
57174,59
57175,59
57176,97
57177,18
57178,18
57179,23
57180,23
57182,27
57182,43
57182,56
57183,27
57183,43
57183,56
57184,27
57184,43
57184,56
57185,23
57186,69
57187,7
57188,23
57189,23
57190,23
57191,97
57192,97
57193,97
57194,97
57195,18
57195,33
57195,34
57196,18
57196,33
57196,34
57197,18
57197,33
57197,34
57198,18
57198,33
57198,34
57199,18
57199,33
57199,34
57200,18
57200,33
57200,34
57206,12
57207,12
57208,33
57209,33
57210,1
57210,43
57210,92
57211,97
57212,1
57212,43
57212,92
57214,27
57214,43
57214,56
57216,18
57216,44
57217,97
57218,97
57219,97
57220,57
57221,57
57222,57
57223,77
57224,33
57224,34
57226,105
57227,105
57228,105
57229,109
57230,109
57231,109
57232,109
57233,37
57233,92
57234,49
57235,67
57235,69
57236,67
57236,69
57237,67
57237,69
57238,67
57238,69
57239,67
57239,69
57240,67
57240,69
57241,67
57242,69
57243,69
57244,69
57245,69
57246,69
57247,69
57248,49
57249,109
57250,109
57251,109
57252,109
57253,109
57254,109
57255,109
57256,109
57257,109
57258,109
57259,109
57260,33
57260,34
57271,44
57272,43
57273,18
57274,69
57275,69
57276,1
57276,37
57276,40
57276,77
57276,92
57277,32
57278,49
57279,49
57280,7
57281,7
57282,7
57283,7
57284,7
57285,7
57286,7
57287,7
57288,49
57289,33
57289,34
57290,32
57291,32
57292,32
57293,32
57294,32
57295,18
57296,18
57296,23
57296,33
57296,34
57296,44
57296,77
57297,6
57298,6
57299,6
57300,6
57301,6
57302,77
57303,77
57304,77
57305,84
57306,23
57307,18
57307,33
57308,18
57308,33
57309,18
57309,33
57310,18
57310,33
57311,18
57311,33
57312,18
57312,33
57313,18
57313,33
57314,14
57315,44
57316,77
57317,14
57318,14
57319,1
57319,37
57319,40
57319,43
57319,92
57320,1
57320,37
57320,40
57320,43
57320,92
57321,33
57321,34
57322,33
57322,34
57323,33
57323,34
57324,77
57325,40
57326,18
57327,18
57328,18
57329,18
57330,18
57331,18
57332,18
57333,18
57334,18
57335,18
57336,64
57337,64
57338,64
57339,1
57339,37
57339,92
57340,10
57341,18
57342,7
57343,7
57344,7
57345,18
57346,18
57347,32
57348,18
57349,10
57350,10
57351,77
57352,66
57354,97
57355,97
57357,66
57358,23
57359,77
57360,77
57361,77
57362,77
57363,77
57364,77
57365,77
57366,32
57366,33
57367,32
57367,33
57367,34
57368,23
57368,32
57369,21
57370,21
57371,32
57372,32
57373,32
57374,1
57374,43
57374,92
57375,69
57376,69
57377,69
57378,69
57379,59
57380,1
57380,77
57380,92
57381,109
57382,109
57383,69
57384,69
57385,69
57386,69
57387,69
57389,32
57390,8
57391,8
57394,57
57395,57
57396,49
57397,40
57397,43
57397,77
57398,18
57399,18
57400,18
57401,18
57402,18
57403,18
57404,18
57405,18
57406,18
57407,33
57407,34
57408,33
57408,34
57409,32
57410,32
57411,33
57411,34
57412,33
57412,34
57413,33
57413,34
57414,33
57414,34
57415,33
57415,34
57416,32
57417,32
57418,32
57419,23
57421,44
57422,84
57423,40
57423,43
57424,40
57424,43
57425,40
57425,43
57426,40
57426,43
57427,40
57427,43
57428,77
57429,77
57430,77
57431,12
57432,12
57433,18
57434,18
57435,18
57436,18
57437,18
57438,18
57439,18
57440,18
57441,18
57441,23
57441,33
57441,34
57442,27
57442,56
57443,21
57444,18
57445,18
57445,33
57445,34
57446,84
57448,18
57453,109
57454,109
57455,109
57456,109
57457,109
57458,109
57459,109
57460,109
57463,18
57463,23
57464,71
57465,18
57465,44
57466,8
57467,18
57467,44
57468,43
57468,56
57469,18
57470,18
57471,18
57472,18
57474,7
57475,7
57476,7
57477,23
57479,23
57480,18
57486,44
57487,44
57488,44
57489,52
57490,52
57491,52
57492,52
57493,52
57494,52
57495,52
57496,52
57497,18
57498,52
57499,52
57500,52
57501,52
57502,52
57503,52
57504,23
57504,44
57505,71
57506,71
57507,109
57508,23
57509,18
57510,18
57513,18
57514,18
57515,18
57516,18
57517,18
57518,18
57519,18
57520,18
57522,18
57523,18
57524,18
57525,18
57526,18
57527,18
57528,18
57529,18
57530,95
57531,95
57532,18
57533,18
57534,69
57535,23
57536,23
57538,58
57539,58
57540,58
57541,18
57542,18
57543,18
57544,18
57545,18
57546,18
57547,18
57548,18
57549,18
57550,18
57551,18
57552,18
57553,18
57554,18
57555,18
57556,18
57557,18
57558,18
57559,18
57560,18
57561,18
57562,18
57564,32
57564,49
57565,33
57565,34
57566,33
57566,34
57567,33
57567,34
57568,33
57568,34
57569,33
57569,34
57571,18
57572,18
57573,44
57574,18
57575,10
57576,33
57577,71
57578,32
57579,33
57579,34
57580,33
57580,34
57581,33
57581,34
57582,33
57582,34
57583,38
57584,38
57585,18
57586,18
57587,18
57588,18
57589,18
57590,8
57592,18
57593,18
57594,18
57595,8
57596,69
57601,23
57601,32
57602,23
57602,32
57603,18
57604,18
57609,40
57609,43
57610,18
57610,44
57611,18
57612,18
57613,18
57614,105
57615,18
57619,32
57620,32
57621,21
57623,16
57623,33
57623,34
57625,10
57625,18
57626,10
57626,18
57627,10
57627,18
57628,10
57628,18
57629,10
57629,18
57630,10
57630,18
57631,10
57631,18
57632,10
57632,18
57633,109
57634,109
57635,109
57636,109
57637,109
57638,109
57639,21
57640,21
57641,21
57642,21
57643,21
57644,105
57645,77
57646,77
57647,77
57648,77
57649,23
57650,77
57651,77
57652,77
57653,77
57654,33
57654,34
57655,109
57656,109
57657,109
57658,77
57661,1
57661,43
57661,92
57662,1
57662,43
57662,92
57663,18
57664,77
57665,77
57671,32
57672,32
57673,32
57674,46
57675,46
57676,46
57677,46
57678,32
57680,1
57680,37
57680,92
57681,1
57681,37
57681,92
57683,18
57684,18
57685,71
57686,18
57687,18
57688,77
57689,40
57690,10
57691,10
57692,69
57694,23
57694,44
57695,37
57696,18
57699,7
57700,7
57701,1
57701,37
57701,92
57702,1
57702,37
57702,92
57703,40
57703,77
57704,40
57704,77
57708,44
57709,44
57710,44
57711,21
57712,21
57713,23
57713,33
57714,23
57714,33
57715,23
57716,23
57717,23
57718,23
57718,33
57719,23
57719,33
57720,69
57721,69
57722,84
57723,84
57724,44
57725,33
57725,34
57726,44
57727,44
57728,44
57729,44
57730,44
57731,44
57732,44
57733,32
57734,109
57735,109
57736,109
57737,109
57738,109
57739,109
57740,44
57741,44
57742,23
57743,23
57744,23
57745,18
57746,18
57747,18
57748,18
57749,18
57750,58
57751,58
57752,58
57753,58
57754,58
57755,58
57756,58
57758,14
57759,14
57760,14
57761,84
57762,84
57763,18
57763,23
57763,44
57764,18
57765,18
57766,18
57767,18
57768,37
57769,77
57770,109
57771,109
57772,109
57773,18
57774,59
57775,59
57776,59
57777,59
57778,59
57780,103
57781,18
57782,18
57783,56
57783,77
57784,44
57785,44
57791,84
57792,84
57793,84
57794,84
57795,84
57796,84
57797,84
57798,84
57799,6
57800,109
57801,44
57802,44
57803,44
57804,44
57805,44
57806,45
57807,77
57808,77
57809,77
57810,77
57811,77
57812,18
57814,23
57815,23
57816,21
57817,21
57818,59
57819,59
57820,59
57821,59
57822,59
57823,59
57824,18
57825,18
57826,18
57827,18
57828,18
57829,18
57830,60
57841,77
57844,18
57845,18
57846,69
57847,69
57848,69
57849,69
57850,69
57851,95
57852,21
57853,18
57853,44
57854,44
57855,69
57856,69
57857,69
57858,69
57859,69
57860,37
57861,37
57862,18
57863,37
57864,59
57865,109
57866,109
57867,109
57868,18
57869,18
57870,18
57871,18
57872,18
57873,23
57874,23
57875,23
57876,23
57877,23
57879,18
57880,18
57881,18
57882,18
57883,18
57884,21
57885,33
57886,33
57887,37
57887,77
57888,50
57889,50
57890,50
57891,50
57892,50
57893,50
57894,18
57894,93
57895,18
57896,18
57897,18
57898,18
57898,93
57899,18
57899,93
57900,18
57900,93
57901,18
57901,93
57902,23
57903,23
57904,23
57905,37
57905,77
57906,37
57906,77
57907,49
57908,18
57909,12
57910,77
57911,77
57912,77
57913,77
57914,77
57918,18
57918,23
57918,33
57918,34
57919,18
57919,23
57919,33
57919,34
57921,77
57922,77
57923,77
57924,77
57925,77
57926,77
57927,95
57928,95
57929,34
57930,32
57931,32
57932,21
57934,66
57935,66
57936,69
57937,69
57938,49
57939,49
57940,49
57941,49
57942,23
57943,23
57944,18
57944,23
57944,44
57945,18
57945,23
57945,44
57946,23
57947,12
57949,32
57956,69
57957,69
57958,56
57958,77
57959,56
57959,77
57960,77
57961,56
57961,77
57962,32
57963,45
57964,18
57964,33
57964,44
57965,18
57965,33
57965,44
57966,18
57966,33
57966,44
57967,18
57967,33
57967,44
57968,18
57968,33
57968,44
57969,18
57969,33
57969,34
57970,109
57971,109
57972,109
57973,18
57973,23
57974,23
57975,23
57976,23
57977,23
57978,21
57979,21
57980,23
57981,23
57982,7
57983,7
57984,7
57985,7
57986,7
57987,18
57987,33
57987,44
57988,18
57988,33
57988,44
57989,18
57989,33
57989,44
57990,18
57990,33
57990,44
57991,18
57991,33
57991,44
57992,18
57992,33
57992,44
57993,77
57994,12
57995,12
57996,12
57997,12
57998,12
57999,18
58000,18
58001,18
58002,26
58003,26
58004,26
58005,26
58006,26
58007,26
58008,105
58009,105
58010,97
58012,1
58012,37
58012,40
58012,92
58015,103
58016,103
58017,103
58018,103
58019,103
58020,21
58021,21
58022,21
58023,21
58024,21
58025,21
58026,21
58027,21
58028,21
58029,21
58030,18
58031,18
58034,18
58035,44
58036,44
58037,23
58038,23
58039,23
58040,23
58041,18
58041,33
58041,34
58041,44
58042,49
58043,49
58044,97
58045,97
58046,97
58047,44
58048,44
58049,109
58050,109
58051,109
58052,23
58053,59
58054,59
58055,59
58056,59
58057,6
58058,6
58059,69
58060,23
58061,46
58062,46
58063,32
58064,32
58065,32
58066,32
58067,18
58067,23
58068,77
58069,77
58070,18
58071,44
58073,21
58074,21
58075,21
58076,21
58077,21
58078,32
58079,32
58080,32
58081,32
58082,32
58083,32
58084,32
58085,32
58086,32
58087,32
58088,32
58089,18
58090,97
58091,97
58092,97
58093,21
58094,21
58095,21
58098,95
58099,77
58100,34
58101,34
58102,34
58103,69
58105,44
58106,18
58106,23
58107,1
58107,43
58107,92
58109,109
58110,109
58111,109
58112,109
58113,18
58113,23
58114,18
58114,23
58115,18
58115,23
58116,18
58116,23
58117,32
58118,32
58119,23
58119,44
58123,77
58124,77
58129,21
58130,23
58131,23
58132,18
58133,84
58134,84
58135,18
58136,69
58137,69
58138,69
58139,69
58140,69
58141,18
58142,37
58143,33
58143,34
58144,33
58144,34
58145,33
58145,34
58146,33
58146,34
58147,45
58148,45
58149,45
58150,45
58151,18
58152,23
58153,23
58154,18
58156,18
58157,21
58158,21
58159,21
58160,21
58161,21
58163,37
58168,77
58169,18
58170,18
58170,23
58170,44
58171,77
58172,77
58173,77
58174,77
58175,77
58176,77
58177,18
58178,105
58179,21
58180,21
58181,21
58182,21
58183,77
58184,77
58197,1
58197,37
58197,40
58197,43
58197,92
58198,1
58198,37
58198,40
58198,43
58198,92
58200,56
58200,77
58201,56
58201,77
58202,57
58203,57
58204,57
58205,57
58207,92
58208,92
58209,92
58210,92
58211,92
58212,92
58213,92
58214,92
58215,92
58216,92
58217,92
58218,92
58219,92
58220,92
58224,32
58225,1
58225,37
58225,40
58225,43
58225,92
58226,1
58226,37
58226,40
58226,43
58226,92
58227,1
58227,37
58227,40
58227,43
58227,92
58228,1
58228,37
58228,40
58228,43
58228,92
58229,1
58229,37
58229,40
58229,43
58229,92
58230,1
58230,37
58230,40
58230,43
58230,92
58231,1
58231,37
58231,40
58231,43
58231,92
58232,33
58233,33
58234,37
58235,38
58236,38
58237,38
58238,38
58239,69
58240,69
58241,69
58242,69
58243,69
58244,69
58245,84
58246,84
58247,84
58248,84
58249,84
58250,8
58253,21
58254,21
58255,21
58256,109
58257,109
58258,109
58259,33
58259,34
58260,33
58260,34
58261,18
58261,23
58262,18
58262,23
58265,11
58266,11
58267,11
58268,105
58269,34
58270,69
58271,69
58272,69
58273,69
58275,8
58276,32
58277,32
58278,18
58278,23
58279,18
58280,18
58281,18
58282,18
58282,44
58287,109
58290,18
58291,69
58293,21
58294,21
58295,21
58296,37
58299,44
58300,44
58301,44
58302,44
58303,44
58304,44
58305,44
58306,44
58307,44
58308,33
58308,34
58309,33
58309,34
58310,77
58311,69
58312,69
58319,71
58320,23
58322,23
58322,44
58323,23
58323,33
58323,34
58324,21
58325,21
58326,21
58327,21
58328,21
58329,21
58330,21
58331,21
58332,109
58333,109
58334,109
58335,109
58336,109
58337,32
58338,44
58339,44
58340,44
58341,77
58342,18
58343,109
58344,109
58345,109
58346,109
58347,109
58348,49
58349,49
58350,49
58351,66
58352,66
58353,66
58354,18
58355,44
58356,44
58357,44
58358,18
58359,77
58360,77
58361,49
58362,49
58363,49
58364,49
58365,49
58366,37
58367,78
58369,44
58370,44
58371,44
58372,44
58373,49
58374,49
58375,105
58376,105
58377,18
58378,18
58379,33
58379,34
58380,49
58381,49
58382,49
58383,18
58384,105
58385,105
58386,105
58387,105
58388,105
58389,23
58390,23
58391,18
58392,18
58393,18
58394,18
58395,92
58396,44
58397,44
58398,44
58399,66
58400,66
58401,66
58404,97
58405,97
58406,97
58407,97
58408,97
58409,66
58410,66
58411,66
58412,66
58413,66
58414,66
58415,66
58416,66
58417,66
58418,66
58420,7
58421,7
58422,7
58423,7
58424,7
58425,7
58426,69
58427,69
58428,32
58429,32
58430,32
58431,69
58432,77
58433,77
58434,32
58435,32
58436,32
58437,32
58438,32
58439,32
58441,44
58442,44
58443,44
58444,44
58445,77
58447,69
58457,18
58458,18
58459,21
58460,21
58461,37
58462,23
58463,23
58464,23
58465,23
58466,37
58466,40
58466,77
58467,44
58468,44
58469,44
58470,44
58471,77
58474,44
58475,44
58476,71
58479,18
58480,21
58481,21
58482,18
58482,23
58482,33
58482,34
58486,77
58487,77
58488,77
58489,77
58490,77
58491,108
58492,71
58493,21
58494,21
58495,21
58496,21
58497,21
58500,27
58500,56
58500,92
58501,18
58501,44
58502,18
58502,44
58503,18
58503,44
58504,18
58504,44
58505,33
58505,34
58506,49
58507,49
58508,44
58509,23
58510,23
58511,18
58512,18
58513,18
58514,18
58515,18
58516,105
58518,87
58519,33
58519,34
58520,33
58520,34
58521,33
58521,34
58522,58
58523,58
58524,58
58525,58
58526,58
58527,58
58528,6
58529,23
58529,32
58530,23
58531,33
58531,34
58532,33
58532,34
58533,23
58534,23
58535,56
58535,77
58536,56
58536,77
58537,66
58538,23
58539,18
58540,23
58541,8
58543,37
58544,37
58545,18
58546,18
58547,34
58548,34
58549,34
58550,34
58551,34
58552,34
58553,34
58554,34
58555,18
58556,18
58557,23
58557,44
58558,92
58559,23
58560,57
58561,37
58561,40
58561,77
58562,92
58563,109
58564,109
58565,109
58566,109
58567,109
58568,109
58569,109
58570,44
58571,21
58572,21
58573,109
58574,109
58575,109
58576,109
58577,109
58578,109
58579,18
58580,37
58580,92
58581,109
58582,59
58583,59
58584,59
58585,59
58586,33
58587,23
58588,77
58589,77
58590,33
58591,33
58591,34
58594,44
58594,78
58598,23
58600,23
58601,23
58602,18
58602,105
58603,18
58603,105
58604,18
58604,105
58605,18
58605,105
58606,69
58611,32
58611,109
58612,32
58614,32
58618,37
58618,92
58624,23
58625,23
58626,40
58626,43
58627,32
58628,69
58629,69
58630,109
58631,109
58632,109
58633,109
58634,109
58635,109
58636,109
58637,109
58638,109
58639,109
58640,109
58641,27
58641,43
58642,59
58643,59
58644,59
58645,59
58646,1
58646,37
58646,40
58646,77
58646,92
58647,1
58647,37
58647,40
58647,77
58647,92
58649,87
58650,87
58651,32
58652,7
58653,7
58654,7
58655,7
58656,7
58657,78
58678,95
58679,21
58680,23
58681,18
58682,23
58683,23
58684,23
58685,23
58686,23
58687,23
58688,23
58689,23
58690,23
58691,23
58692,23
58693,1
58693,92
58694,49
58695,18
58696,18
58729,18
58730,18
58731,7
58732,7
58733,23
58734,23
58735,23
58736,23
58737,23
58738,23
58739,23
58745,23
58746,23
58746,32
58746,44
58747,23
58747,32
58747,44
58748,23
58748,32
58748,44
58749,77
58750,77
58751,87
58752,49
58753,59
58754,59
58755,59
58756,59
58757,59
58758,59
58759,59
58760,59
58761,59
58762,59
58763,59
58764,32
58765,32
58766,32
58767,32
58768,18
58769,18
58770,18
58791,23
58792,32
58793,32
58794,32
58795,44
58796,44
58797,44
58798,44
58800,18
58800,23
58801,40
58801,77
58802,40
58802,77
58803,44
58804,14
58805,21
58806,21
58806,71
58807,105
58808,105
58809,21
58810,23
58810,36
58811,23
58811,36
58812,36
58813,36
58814,36
58815,36
58816,69
58817,18
58817,23
58818,36
58819,36
58820,37
58821,37
58822,37
58823,18
58824,18
58825,18
58826,18
58827,30
58828,40
58829,69
58830,7
58831,7
58832,37
58833,37
58834,37
58835,1
58835,37
58835,92
58842,84
58843,84
58844,77
58845,18
58846,77
58847,77
58852,109
58853,109
58854,109
58855,109
58856,109
58857,109
58858,37
58859,109
58860,33
58860,34
58862,37
58863,37
58864,37
58865,37
58872,69
58873,69
58874,69
58875,69
58876,69
58877,69
58878,49
58880,109
58881,71
58882,71
58883,71
58884,71
58885,71
58887,33
58887,34
58888,33
58888,34
58889,33
58889,34
58890,33
58890,34
58891,33
58891,34
58892,33
58892,34
58893,33
58893,34
58894,33
58894,34
58895,32
58896,23
58897,23
58899,37
58900,37
58901,23
58902,18
58903,18
58904,37
58904,92
58905,37
58905,92
58906,59
58907,37
58908,37
58909,37
58910,37
58911,37
58912,103
58913,37
58914,37
58915,37
58917,55
58918,55
58919,92
58920,92
58921,92
58922,92
58924,23
58926,23
58927,23
58927,49
58928,23
58929,23
58930,23
58931,23
58932,32
58933,32
58935,32
58936,32
58937,32
58940,32
58941,37
58942,33
58942,34
58942,97
58943,45
58944,21
58945,21
58946,21
58947,21
58952,32
58953,10
58954,10
58955,18
58956,18
58957,1
58957,43
58957,92
58958,1
58958,43
58958,92
58959,40
58959,77
58961,21
58963,21
58964,56
58965,44
58966,44
58967,57
58968,57
58971,18
58971,23
58986,109
58987,109
58988,105
58989,105
58990,18
58993,37
58993,92
58995,32
58996,32
58997,32
58998,32
58999,32
59000,32
59001,32
59002,23
59004,21
59005,21
59006,23
59007,46
59008,46
59009,71
59010,69
59011,69
59012,69
59013,69
59014,69
59015,69
59016,69
59017,69
59018,69
59019,69
59020,69
59024,6
59025,49
59026,49
59027,49
59028,97
59029,44
59030,49
59031,21
59032,27
59032,56
59032,77
59033,27
59033,56
59034,18
59035,18
59036,18
59037,33
59037,34
59038,33
59038,34
59039,33
59039,34
59040,18
59041,8
59042,8
59043,77
59044,44
59045,103
59047,7
59048,7
59049,7
59050,92
59051,40
59051,77
59052,21
59053,21
59054,23
59057,23
59057,33
59057,34
59058,69
59059,69
59060,69
59061,69
59063,33
59063,34
59064,33
59064,34
59065,33
59065,34
59066,33
59066,34
59067,33
59067,34
59068,103
59069,23
59070,71
59071,71
59072,71
59073,71
59074,71
59075,56
59075,92
59076,44
59077,44
59078,44
59079,44
59080,44
59081,44
59082,44
59083,33
59083,34
59084,44
59085,44
59086,44
59087,44
59088,44
59089,44
59090,44
59090,109
59091,44
59091,59
59092,18
59092,44
59093,18
59093,44
59094,18
59094,44
59095,18
59095,44
59096,18
59096,44
59097,18
59097,44
59098,44
59099,44
59100,18
59100,44
59101,18
59101,44
59102,18
59102,44
59103,18
59103,44
59104,21
59105,23
59106,18
59107,18
59108,18
59109,18
59110,18
59111,18
59112,18
59113,18
59113,33
59113,34
59115,45
59116,45
59117,45
59118,45
59119,45
59120,18
59121,18
59122,18
59123,109
59126,37
59126,40
59126,43
59126,92
59127,37
59127,40
59127,43
59127,92
59128,37
59128,40
59128,43
59128,92
59129,23
59129,44
59130,23
59130,44
59131,23
59131,33
59131,34
59132,23
59132,44
59133,77
59154,7
59155,7
59157,32
59162,43
59162,77
59163,77
59164,77
59165,77
59166,77
59167,77
59168,44
59169,37
59170,45
59171,18
59172,59
59173,18
59174,18
59175,18
59176,23
59176,44
59177,23
59177,44
59178,109
59186,49
59187,109
59188,33
59188,34
59189,33
59189,34
59190,33
59190,34
59191,18
59191,33
59191,44
59192,109
59193,32
59194,32
59195,59
59196,59
59197,18
59197,23
59197,49
59198,18
59198,23
59198,49
59199,18
59199,23
59199,49
59200,18
59200,23
59200,49
59201,18
59201,23
59201,49
59202,18
59203,18
59204,109
59205,18
59206,23
59207,23
59207,44
59208,33
59208,34
59209,18
59209,33
59209,34
59212,45
59213,45
59214,59
59215,49
59216,49
59218,32
59219,7
59220,21
59222,21
59224,21
59225,21
59226,21
59227,21
59228,18
59229,23
59230,23
59231,23
59232,23
59235,45
59236,45
59237,45
59238,18
59239,34
59240,34
59241,34
59242,34
59243,34
59244,34
59245,34
59246,34
59247,77
59248,18
59249,18
59250,18
59251,21
59252,21
59253,23
59254,18
59255,8
59256,8
59257,8
59258,23
59259,23
59260,69
59261,69
59262,69
59263,69
59264,10
59265,105
59266,105
59267,105
59268,105
59269,105
59271,32
59271,105
59272,32
59272,105
59273,18
59274,18
59275,77
59276,77
59277,32
59278,32
59279,21
59280,21
59281,7
59282,59
59283,59
59284,59
59285,59
59286,32
59289,18
59290,18
59290,23
59291,23
59292,18
59299,18
59300,18
59301,77
59302,77
59304,37
59305,23
59305,32
59306,23
59306,32
59307,23
59308,32
59309,32
59310,32
59311,32
59312,32
59313,18
59313,32
59314,32
59315,32
59316,23
59316,44
59317,23
59317,44
59318,23
59318,44
59319,23
59319,44
59320,23
59320,44
59321,23
59321,44
59327,37
59328,37
59329,37
59330,77
59331,23
59332,33
59332,34
59339,23
59340,84
59341,84
59342,84
59343,84
59344,84
59345,18
59345,23
59345,33
59345,34
59346,23
59347,23
59348,44
59349,44
59350,77
59350,109
59351,77
59351,109
59352,77
59352,109
59353,77
59353,109
59354,77
59354,109
59355,77
59355,109
59356,77
59356,109
59357,77
59357,109
59358,77
59358,109
59359,77
59359,109
59360,77
59360,109
59361,77
59361,109
59362,77
59362,109
59366,18
59367,23
59368,105
59369,18
59370,23
59370,33
59370,34
59371,87
59372,109
59373,109
59374,49
59384,18
59387,109
59388,109
59389,77
59390,23
59392,23
59393,109
59394,109
59395,77
59396,23
59397,23
59398,23
59399,30
59399,87
59400,30
59400,87
59401,30
59401,87
59402,30
59402,87
59403,30
59403,87
59404,30
59404,87
59405,27
59405,43
59405,56
59407,18
59408,32
59409,23
59410,23
59411,23
59412,23
59413,23
59414,23
59415,32
59416,44
59417,44
59425,55
59426,8
59428,109
59429,23
59430,23
59431,23
59432,23
59432,44
59434,23
59434,49
59435,18
59435,23
59436,18
59436,23
59437,23
59438,59
59439,23
59439,32
59440,33
59440,34
59441,7
59442,7
59443,33
59443,34
59444,7
59445,7
59446,7
59447,7
59448,7
59449,7
59450,37
59451,69
59452,69
59453,59
59454,59
59455,59
59456,23
59457,18
59457,23
59458,18
59458,23
59459,18
59459,23
59460,18
59460,23
59461,18
59461,23
59462,18
59462,23
59463,23
59464,23
59465,77
59466,77
59467,77
59468,77
59469,77
59470,77
59471,77
59472,77
59472,109
59473,49
59474,77
59475,7
59476,7
59477,23
59478,23
59479,23
59480,49
59481,49
59482,49
59483,77
59484,18
59485,18
59486,18
59487,97
59488,59
59489,59
59490,59
59491,23
59493,18
59495,1
59495,77
59495,92
59496,44
59497,49
59498,49
59499,49
59500,49
59501,49
59502,109
59503,109
59504,109
59505,109
59506,109
59507,18
59508,32
59510,77
59511,77
59512,77
59513,18
59514,49
59515,49
59516,49
59517,49
59518,49
59519,66
59520,66
59521,103
59522,103
59523,103
59524,32
59525,18
59526,18
59527,18
59528,18
59529,44
59530,44
59531,6
59533,44
59534,44
59535,10
59537,59
59538,59
59539,59
59540,44
59542,33
59542,34
59543,18
59544,49
59545,49
59546,7
59547,7
59548,105
59550,77
59561,59
59562,59
59563,109
59564,23
59565,18
59565,23
59565,44
59566,18
59566,23
59566,44
59567,18
59567,23
59567,44
59568,18
59568,23
59568,44
59569,18
59569,23
59569,44
59570,109
59571,109
59572,109
59573,109
59574,18
59575,56
59576,56
59577,56
59578,109
59579,109
59580,109
59581,109
59582,109
59583,109
59587,34
59588,34
59589,1
59589,37
59589,92
59590,1
59590,37
59590,92
59591,1
59591,37
59591,92
59592,1
59592,37
59592,92
59593,23
59594,18
59595,18
59596,14
59597,14
59598,14
59599,14
59600,14
59601,14
59602,14
59603,14
59604,14
59607,109
59608,109
59609,109
59610,109
59611,108
59612,109
59613,109
59614,109
59615,109
59616,109
59617,109
59618,49
59619,49
59620,23
59626,40
59627,40
59628,21
59629,18
59630,18
59631,109
59632,40
59632,77
59633,59
59634,59
59635,59
59636,59
59637,59
59638,109
59639,32
59640,69
59641,69
59642,69
59643,69
59644,69
59645,57
59646,23
59647,23
59648,23
59649,23
59650,23
59651,23
59652,23
59653,23
59654,34
59655,34
59656,27
59656,56
59657,27
59657,56
59657,77
59658,6
59659,69
59662,32
59663,77
59664,77
59665,77
59666,77
59667,77
59668,77
59669,77
59670,77
59671,77
59672,77
59673,77
59674,77
59675,77
59676,7
59677,7
59678,7
59679,7
59680,7
59681,109
59682,109
59683,109
59684,109
59685,109
59686,109
59687,109
59688,37
59689,37
59690,37
59691,37
59692,37
59693,37
59696,69
59697,109
59698,109
59700,7
59701,34
59702,21
59703,21
59704,49
59705,49
59706,49
59707,49
59708,59
59709,59
59710,59
59711,59
59712,59
59713,59
59714,59
59715,59
59716,59
59717,14
59718,14
59719,14
59720,14
59721,14
59722,14
59723,14
59724,14
59725,14
59726,14
59727,14
59728,14
59729,14
59730,14
59731,14
59733,14
59734,56
59734,77
59735,56
59735,77
59736,56
59736,77
59737,44
59738,44
59739,44
59740,44
59742,44
59743,71
59745,78
59746,33
59746,34
59747,77
59749,69
59750,69
59751,69
59752,69
59753,69
59754,69
59756,56
59756,77
59757,44
59758,109
59759,109
59760,109
59761,49
59762,109
59763,109
59764,109
59766,18
59767,18
59768,7
59769,7
59770,37
59772,97
59773,97
59775,33
59776,44
59777,44
59778,44
59779,44
59780,44
59781,44
59782,44
59783,18
59784,18
59785,18
59786,18
59788,1
59788,43
59788,92
59789,1
59789,43
59789,92
59790,1
59790,43
59790,92
59791,1
59791,43
59791,92
59792,105
59793,105
59794,59
59795,59
59796,59
59797,59
59798,59
59799,59
59800,59
59801,59
59803,44
59804,59
59805,59
59806,27
59806,43
59807,18
59808,103
59809,103
59810,103
59811,103
59812,44
59813,103
59814,92
59815,18
59815,77
59816,7
59817,7
59818,33
59818,34
59819,32
59820,32
59821,32
59822,1
59822,43
59822,92
59823,1
59823,43
59823,92
59824,23
59825,37
59826,37
59827,37
59828,37
59829,21
59830,18
59831,18
59832,18
59833,18
59834,18
59835,18
59836,18
59837,18
59838,18
59839,18
59840,18
59841,18
59842,18
59843,32
59844,32
59845,18
59845,23
59846,87
59847,37
59847,77
59848,69
59849,69
59850,69
59851,69
59852,69
59853,69
59854,21
59855,105
59856,105
59858,18
59859,18
59860,18
59861,18
59862,18
59863,18
59864,18
59865,18
59866,18
59867,18
59868,18
59869,18
59870,18
59871,18
59872,18
59873,18
59874,18
59875,18
59876,18
59877,18
59878,18
59879,109
59880,109
59881,77
59882,23
59882,33
59882,34
59883,23
59883,33
59883,34
59884,23
59884,33
59884,34
59885,23
59885,33
59885,34
59886,18
59888,21
59889,21
59890,21
59891,44
59891,77
59892,23
59893,23
59894,23
59895,23
59896,97
59897,97
59898,97
59899,97
59900,44
59901,18
59901,44
59902,18
59902,44
59903,18
59903,44
59905,44
59905,77
59906,21
59907,109
59908,109
59909,23
59910,23
59915,32
59916,23
59917,23
59918,33
59918,34
59919,33
59919,34
59920,33
59920,34
59921,32
59925,59
59926,59
59927,59
59928,59
59929,27
59929,43
59929,56
59930,77
59931,77
59933,33
59933,34
59934,33
59934,34
59937,78
59938,78
59939,78
59940,78
59941,78
59942,18
59943,18
59944,18
59945,18
59946,78
59947,71
59948,71
59949,109
59950,109
59951,109
59952,109
59953,18
59954,18
59955,18
59956,18
59957,18
59958,18
59959,18
59960,49
59961,109
59964,6
59968,59
59969,18
59970,23
59971,23
59972,23
59973,23
59974,23
59975,23
59976,23
59977,49
59978,23
59979,23
59981,23
59982,23
59983,23
59984,23
59985,23
59986,23
59987,23
59988,23
59989,23
59990,23
59991,23
59992,23
59993,23
59994,23
59994,33
59994,34
59995,109
59996,109
59997,109
59998,33
59998,34
59999,18
60000,18
60001,18
60002,18
60003,69
60004,69
60006,69
60007,69
60014,23
60015,23
60016,14
60017,69
60018,30
60019,46
60019,50
60020,46
60020,50
60021,46
60021,50
60022,95
60023,43
60023,77
60025,23
60025,44
60029,109
60030,46
60031,18
60032,18
60033,57
60034,109
60035,109
60036,23
60037,23
60039,18
60040,18
60040,23
60040,33
60040,34
60041,18
60041,23
60042,77
60043,77
60044,77
60050,55
60051,55
60052,55
60053,55
60054,55
60055,55
60056,23
60056,32
60057,32
60058,32
60059,32
60060,32
60061,32
60062,18
60063,49
60064,18
60066,18
60067,18
60068,18
60069,59
60070,59
60071,59
60072,97
60073,97
60074,18
60075,49
60078,18
60079,32
60080,32
60081,32
60082,32
60083,32
60084,32
60085,32
60086,32
60090,1
60090,40
60090,43
60090,92
60091,23
60093,18
60094,44
60095,44
60100,40
60100,43
60101,49
60104,77
60105,77
60106,77
60107,97
60108,97
60109,97
60110,97
60111,97
60112,18
60113,44
60114,44
60115,44
60116,44
60117,44
60118,44
60119,44
60120,44
60121,77
60122,21
60123,109
60124,109
60125,109
60126,109
60127,109
60128,77
60129,105
60130,105
60131,105
60132,105
60133,105
60134,105
60135,105
60136,105
60137,69
60138,69
60139,69
60140,69
60141,69
60142,69
60143,105
60144,18
60146,18
60147,18
60148,18
60149,18
60150,18
60151,18
60152,18
60153,18
60154,18
60155,18
60156,18
60157,18
60158,18
60159,18
60160,18
60161,18
60162,18
60163,18
60164,49
60165,49
60166,49
60167,49
60168,49
60169,49
60170,49
60171,49
60172,49
60173,49
60174,49
60175,49
60176,18
60177,18
60178,18
60179,18
60180,18
60181,18
60182,18
60183,18
60184,18
60185,18
60186,18
60187,18
60188,18
60189,49
60190,49
60191,49
60192,49
60193,49
60194,49
60195,71
60196,18
60197,18
60198,71
60199,71
60200,49
60201,18
60201,44
60202,18
60202,44
60203,18
60203,44
60204,18
60204,44
60205,18
60205,44
60206,71
60208,18
60209,109
60210,108
60211,108
60212,108
60214,18
60215,108
60216,49
60217,49
60218,49
60219,49
60220,49
60221,49
60222,18
60223,21
60224,21
60225,21
60226,21
60227,21
60228,21
60229,1
60229,37
60229,92
60231,92
60232,92
60233,92
60234,77
60235,77
60236,18
60237,18
60239,23
60240,28
60242,64
60243,64
60244,64
60245,64
60246,64
60247,64
60248,64
60249,23
60250,18
60250,33
60250,44
60252,57
60253,57
60254,109
60255,109
60256,21
60257,23
60257,44
60258,18
60259,18
60260,49
60261,49
60262,49
60263,49
60264,49
60265,49
60266,49
60267,49
60268,49
60269,18
60269,77
60270,40
60270,43
60270,77
60271,92
60272,92
60274,69
60275,44
60276,59
60277,59
60278,40
60278,43
60279,40
60279,43
60283,18
60284,18
60285,18
60286,18
60287,11
60288,109
60289,109
60297,6
60298,6
60299,6
60300,32
60301,44
60302,1
60302,37
60302,40
60302,92
60303,1
60303,37
60303,40
60303,92
60304,23
60305,32
60306,32
60307,32
60308,69
60309,69
60310,69
60311,58
60312,58
60314,58
60315,58
60316,58
60317,58
60318,58
60319,58
60320,58
60321,58
60322,58
60323,58
60324,58
60326,49
60326,69
60327,49
60327,69
60328,49
60328,69
60329,49
60330,49
60331,77
60332,7
60333,18
60334,44
60335,77
60336,59
60337,59
60338,59
60339,23
60340,32
60341,32
60341,33
60341,34
60342,32
60342,33
60342,34
60343,32
60343,33
60343,34
60344,23
60344,32
60344,33
60345,44
60346,32
60347,32
60348,33
60348,34
60349,33
60349,34
60350,33
60350,34
60351,43
60351,92
60352,109
60353,71
60353,109
60354,32
60355,59
60356,59
60357,109
60358,7
60359,7
60360,7
60361,7
60362,7
60363,7
60364,27
60364,56
60365,40
60365,43
60366,77
60368,32
60369,32
60370,33
60370,34
60371,33
60371,34
60372,33
60372,34
60373,33
60373,34
60374,33
60374,34
60375,32
60375,49
60375,109
60376,32
60376,49
60376,109
60377,32
60377,49
60377,109
60378,32
60378,109
60379,32
60379,49
60379,109
60380,32
60380,49
60380,109
60381,32
60381,49
60381,109
60382,32
60382,49
60382,109
60383,32
60383,49
60383,109
60384,32
60384,49
60384,109
60385,32
60385,49
60385,109
60386,7
60387,7
60388,59
60389,59
60390,21
60391,109
60392,109
60393,109
60394,35
60395,32
60396,32
60397,32
60398,18
60399,18
60400,18
60401,18
60402,18
60403,18
60404,18
60405,18
60406,18
60408,44
60409,21
60410,21
60411,33
60411,34
60412,35
60414,18
60415,18
60416,18
60422,77
60423,32
60424,33
60424,34
60425,44
60426,23
60427,23
60428,23
60429,23
60430,23
60431,23
60432,23
60433,23
60434,49
60435,49
60436,32
60437,32
60441,33
60441,34
60442,33
60442,34
60443,18
60443,33
60443,34
60444,1
60444,43
60444,92
60445,1
60445,43
60445,92
60446,21
60447,7
60448,7
60449,7
60450,7
60451,23
60452,59
60453,7
60454,7
60455,7
60456,7
60457,7
60458,7
60459,7
60460,7
60461,7
60462,32
60463,18
60464,59
60465,59
60466,59
60467,59
60468,59
60469,59
60470,6
60471,9
60472,18
60473,21
60474,21
60475,21
60476,21
60477,21
60478,21
60479,21
60480,21
60481,21
60482,21
60483,21
60484,21
60485,21
60486,77
60487,32
60488,32
60489,38
60490,38
60491,38
60492,38
60493,38
60494,38
60495,66
60496,59
60497,59
60498,59
60499,59
60500,59
60501,59
60502,44
60503,32
60504,32
60505,23
60506,21
60507,44
60509,32
60509,49
60509,109
60510,32
60510,49
60510,109
60511,33
60511,34
60512,33
60512,34
60513,33
60513,34
60514,77
60515,77
60516,35
60518,90
60519,90
60520,32
60521,23
60521,32
60522,95
60523,40
60524,49
60525,18
60526,90
60527,87
60528,35
60529,35
60530,35
60531,35
60533,23
60534,18
60535,90
60536,18
60536,23
60537,109
60538,109
60539,59
60540,90
60541,33
60541,34
60542,33
60542,34
60545,109
60546,109
60547,109
60548,109
60549,109
60550,109
60551,109
60552,109
60553,109
60554,7
60555,18
60555,44
60556,18
60556,44
60557,18
60557,44
60558,18
60558,44
60559,18
60559,44
60560,18
60560,44
60561,18
60561,44
60562,18
60562,44
60563,44
60564,44
60565,44
60566,90
60567,77
60568,77
60569,77
60570,71
60571,69
60572,69
60573,56
60573,77
60574,56
60574,77
60575,23
60576,23
60577,77
60579,109
60580,66
60581,59
60582,59
60583,59
60584,59
60585,59
60586,59
60587,59
60588,18
60589,44
60590,44
60591,44
60592,44
60593,44
60594,44
60595,44
60596,44
60597,44
60598,44
60599,44
60600,44
60601,44
60605,44
60606,44
60607,77
60608,77
60609,109
60610,109
60611,109
60612,105
60613,105
60614,92
60615,18
60615,23
60616,77
60618,10
60619,10
60620,10
60621,18
60622,18
60623,18
60625,23
60626,23
60627,45
60628,45
60629,45
60630,45
60631,45
60632,45
60633,7
60634,7
60635,7
60636,7
60637,23
60638,23
60639,23
60640,44
60641,23
60642,23
60643,23
60645,77
60646,66
60647,66
60648,23
60649,23
60650,66
60651,66
60652,66
60653,66
60654,66
60655,66
60656,66
60657,8
60658,8
60659,66
60660,18
60660,33
60660,34
60661,49
60662,49
60663,49
60664,8
60665,8
60666,8
60667,8
60668,21
60671,77
60672,105
60676,89
60677,89
60678,89
60679,89
60680,87
60681,21
60682,34
60683,34
60684,21
60685,37
60689,18
60690,18
60691,18
60692,18
60693,18
60694,18
60695,18
60696,18
60697,18
60699,21
60700,33
60700,44
60701,18
60701,34
60701,44
60702,18
60702,34
60702,44
60703,18
60703,34
60703,44
60704,18
60704,34
60704,44
60705,18
60705,34
60705,44
60706,18
60706,34
60706,44
60707,18
60707,34
60707,44
60708,18
60708,34
60708,44
60709,18
60709,34
60709,44
60710,18
60711,18
60712,77
60713,18
60713,23
60714,18
60714,23
60721,105
60722,18
60723,23
60723,32
60724,7
60725,7
60726,7
60727,7
60728,77
60729,77
60730,23
60731,18
60732,18
60732,44
60733,18
60733,44
60734,18
60734,44
60735,18
60735,44
60736,21
60737,21
60738,21
60739,89
60740,69
60741,89
60742,89
60743,34
60744,109
60745,109
60746,109
60747,109
60748,109
60749,109
60750,21
60751,21
60752,18
60752,23
60752,44
60753,50
60754,50
60755,50
60756,50
60757,50
60758,50
60759,50
60760,50
60761,50
60762,50
60763,50
60765,82
60766,21
60767,21
60768,21
60769,46
60770,37
60771,21
60772,21
60774,44
60775,44
60776,44
60777,97
60778,18
60779,18
60780,18
60786,1
60786,77
60786,92
60787,18
60789,18
60790,18
60791,77
60792,38
60793,38
60794,77
60795,77
60796,77
60797,77
60799,32
60801,27
60801,56
60801,92
60802,9
60803,18
60804,18
60805,18
60806,18
60807,18
60808,18
60809,32
60810,32
60811,32
60812,32
60815,109
60816,59
60817,59
60818,59
60819,59
60820,92
60821,32
60822,71
60823,32
60824,32
60825,32
60826,32
60827,71
60828,71
60829,71
60830,1
60830,43
60830,92
60831,1
60831,43
60831,92
60832,1
60832,43
60832,92
60833,1
60833,43
60833,92
60834,1
60834,43
60834,92
60835,23
60836,18
60836,77
60837,18
60837,23
60838,49
60839,33
60839,34
60840,33
60840,34
60841,33
60841,34
60842,57
60843,77
60844,77
60845,59
60846,59
60847,95
60848,95
60849,95
60850,95
60851,18
60851,34
60851,44
60852,18
60852,34
60852,44
60853,18
60853,34
60853,44
60854,18
60854,34
60854,44
60855,18
60855,34
60855,44
60856,18
60856,34
60856,44
60857,18
60857,33
60857,34
60857,44
60858,18
60858,33
60858,34
60858,44
60859,18
60859,33
60859,34
60859,44
60860,18
60860,34
60860,44
60861,18
60861,34
60861,44
60862,18
60862,34
60862,44
60863,18
60863,34
60863,44
60864,18
60864,34
60864,44
60865,18
60865,34
60865,44
60866,18
60867,18
60868,18
60869,18
60870,18
60871,18
60872,18
60872,44
60872,109
60873,18
60873,44
60873,109
60874,18
60874,44
60874,109
60875,69
60876,57
60877,18
60877,93
60878,18
60879,18
60880,109
60881,18
60881,23
60881,33
60881,34
60895,18
60896,18
60897,18
60901,55
60902,97
60903,97
60904,97
60905,97
60919,69
60920,69
60921,69
60922,69
60923,69
60924,7
60925,7
60926,1
60926,43
60926,92
60927,1
60927,43
60927,92
60928,1
60928,43
60928,92
60929,1
60929,43
60929,92
60930,69
60931,69
60932,69
60933,18
60934,18
60935,18
60936,18
60937,18
60938,23
60939,23
60940,23
60941,23
60942,38
60943,59
60944,59
60945,59
60946,59
60947,59
60948,59
60949,59
60950,59
60951,59
60952,59
60953,59
60954,109
60955,27
60955,37
60955,60
60956,27
60956,37
60956,60
60957,18
60958,18
60959,18
60960,18
60961,18
60962,18
60988,33
60988,34
60989,33
60989,34
60990,18
60991,77
60992,77
60993,77
60994,77
60995,77
60996,77
60997,77
60998,18
60998,59
60999,18
60999,44
60999,59
61000,21
61001,21
61002,18
61002,44
61002,59
61003,18
61003,44
61003,59
61004,18
61004,44
61004,59
61005,18
61005,59
61006,18
61006,59
61007,18
61007,59
61008,18
61008,59
61009,18
61009,59
61010,18
61010,59
61011,77
61012,77
61013,77
61014,77
61015,59
61016,59
61017,59
61018,59
61019,59
61020,59
61021,59
61022,32
61023,32
61024,38
61025,38
61030,59
61031,109
61032,109
61033,109
61034,109
61035,109
61036,109
61037,109
61038,109
61039,109
61040,109
61041,109
61042,109
61043,109
61044,109
61045,109
61046,109
61047,109
61048,77
61049,77
61050,77
61051,77
61052,56
61052,77
61053,56
61053,77
61054,56
61054,77
61055,37
61056,37
61057,97
61058,77
61059,18
61060,18
61061,18
61062,33
61062,34
61063,18
61064,7
61065,7
61066,21
61067,6
61068,6
61071,6
61072,6
61073,32
61074,40
61075,44
61076,44
61077,44
61078,44
61079,44
61080,44
61081,44
61082,44
61086,23
61087,18
61087,44
61088,18
61088,44
61089,18
61089,44
61090,18
61090,44
61091,45
61092,18
61092,23
61093,49
61094,49
61095,32
61096,32
61097,32
61098,32
61099,32
61100,32
61101,32
61102,32
61103,45
61104,45
61105,45
61106,45
61107,45
61108,45
61109,109
61110,109
61111,109
61112,109
61113,109
61114,23
61115,23
61116,23
61117,23
61118,23
61119,23
61120,32
61121,32
61122,23
61123,66
61124,108
61125,18
61126,44
61127,49
61128,35
61129,27
61129,56
61129,92
61130,18
61131,45
61132,45
61133,53
61135,53
61136,37
61137,37
61138,109
61139,109
61140,109
61141,109
61142,109
61144,18
61145,18
61146,35
61147,35
61148,35
61149,35
61150,35
61151,35
61152,35
61153,35
61154,35
61155,35
61156,6
61157,18
61158,18
61159,33
61159,34
61160,27
61160,56
61160,92
61161,27
61161,56
61161,77
61162,27
61162,56
61162,92
61163,1
61163,37
61163,40
61163,43
61163,92
61164,23
61165,78
61166,78
61167,23
61168,77
61169,18
61170,21
61171,21
61172,34
61172,44
61173,18
61174,18
61175,18
61176,18
61177,35
61178,35
61179,35
61180,35
61181,35
61182,35
61183,97
61184,97
61185,97
61186,97
61187,97
61188,97
61190,103
61191,103
61192,103
61193,53
61194,53
61195,53
61196,53
61197,78
61198,78
61199,78
61200,78
61201,78
61202,78
61204,18
61205,18
61205,33
61205,34
61205,44
61206,44
61207,44
61208,44
61209,34
61209,44
61210,44
61211,92
61212,109
61213,109
61214,109
61215,109
61216,109
61217,109
61218,33
61218,34
61218,44
61219,34
61219,44
61220,34
61220,44
61221,34
61221,44
61222,34
61222,44
61223,34
61223,44
61224,21
61225,21
61226,92
61227,77
61228,49
61229,18
61229,44
61230,18
61230,44
61231,18
61231,44
61232,18
61232,44
61233,18
61233,44
61234,18
61234,34
61234,44
61235,18
61235,34
61235,44
61236,18
61236,34
61236,44
61237,18
61237,34
61238,18
61238,34
61238,44
61239,18
61239,34
61239,44
61240,18
61240,44
61241,18
61241,44
61242,18
61242,44
61243,18
61243,44
61244,18
61244,44
61245,18
61245,34
61245,44
61246,18
61246,34
61246,44
61247,18
61247,34
61247,44
61248,18
61248,34
61248,44
61249,18
61249,34
61249,44
61250,33
61250,34
61250,44
61251,18
61251,34
61251,44
61252,18
61252,34
61252,44
61253,18
61253,34
61253,44
61254,18
61254,44
61255,33
61255,34
61255,44
61256,33
61256,34
61257,18
61258,7
61259,7
61260,109
61261,33
61261,34
61262,33
61262,34
61263,33
61263,34
61264,33
61264,34
61265,33
61265,34
61266,97
61267,97
61268,97
61269,97
61270,97
61272,40
61273,97
61274,97
61275,97
61276,44
61277,44
61278,44
61279,44
61280,109
61281,18
61281,37
61281,44
61282,32
61283,64
61284,64
61285,64
61286,64
61287,37
61288,37
61289,37
61290,37
61291,53
61292,53
61293,53
61294,23
61295,18
61295,33
61295,34
61295,44
61296,18
61296,33
61296,34
61296,44
61297,49
61298,27
61298,43
61299,18
61299,23
61300,18
61300,44
61301,18
61301,44
61302,18
61302,44
61303,18
61303,44
61304,18
61304,33
61304,34
61304,44
61305,92
61306,23
61307,18
61308,18
61309,18
61314,8
61315,8
61316,8
61317,8
61318,8
61319,8
61320,71
61321,32
61321,33
61321,34
61322,18
61324,23
61325,23
61326,23
61327,23
61328,23
61329,23
61330,23
61331,18
61332,30
61332,64
61333,18
61333,23
61334,6
61336,23
61337,23
61338,23
61339,23
61340,66
61341,38
61342,38
61343,109
61344,103
61345,102
61346,33
61346,34
61347,23
61354,18
61355,21
61356,21
61357,23
61357,32
61358,18
61359,18
61360,18
61361,77
61362,77
61363,109
61364,109
61365,109
61366,109
61367,109
61370,18
61370,33
61370,34
61371,18
61371,33
61371,34
61372,33
61372,34
61373,13
61374,13
61375,18
61375,59
61376,18
61376,59
61377,59
61378,59
61379,59
61381,8
61382,8
61383,32
61384,32
61392,44
61393,44
61394,44
61395,44
61396,44
61398,8
61399,8
61400,8
61401,18
61402,18
61403,7
61404,7
61405,7
61406,7
61407,64
61408,64
61409,64
61410,23
61411,33
61411,34
61413,32
61414,32
61415,32
61416,69
61417,23
61418,23
61419,45
61420,45
61421,45
61422,45
61423,45
61424,45
61425,45
61426,45
61427,45
61428,45
61429,23
61429,44
61430,69
61432,109
61433,109
61434,109
61435,33
61435,34
61436,21
61437,92
61438,10
61439,45
61440,45
61441,45
61442,45
61443,45
61444,45
61445,45
61446,45
61447,45
61448,45
61449,18
61450,18
61454,18
61454,77
61455,21
61456,1
61456,92
61457,1
61457,92
61458,1
61458,92
61459,21
61460,21
61461,21
61462,21
61463,1
61463,92
61464,1
61464,92
61465,1
61465,92
61466,1
61466,92
61467,1
61467,92
61468,1
61468,92
61469,18
61469,23
61471,23
61471,44
61472,23
61472,44
61473,23
61473,44
61474,23
61474,44
61475,23
61475,44
61476,18
61476,23
61476,44
61477,32
61482,21
61483,21
61484,21
61485,8
61486,8
61487,18
61488,18
61489,18
61490,18
61491,18
61492,18
61493,18
61494,18
61495,32
61496,32
61497,32
61498,32
61499,32
61500,32
61501,32
61502,32
61503,32
61504,32
61505,18
61506,18
61507,18
61509,6
61510,18
61511,18
61512,23
61513,23
61514,23
61515,23
61516,23
61517,23
61518,21
61519,77
61521,89
61522,69
61523,18
61525,103
61526,103
61528,23
61529,23
61530,52
61531,18
61532,77
61533,18
61534,18
61535,18
61536,18
61537,18
61537,93
61538,18
61538,93
61539,93
61540,18
61540,93
61541,109
61542,77
61543,23
61544,23
61545,23
61546,77
61547,109
61548,109
61549,109
61550,95
61551,52
61552,52
61553,77
61554,77
61557,18
61558,18
61559,54
61560,54
61561,54
61562,54
61563,54
61564,54
61565,54
61566,54
61567,54
61568,54
61569,54
61570,54
61571,54
61572,54
61573,105
61574,105
61575,33
61575,34
61576,78
61577,78
61578,78
61579,78
61580,78
61581,32
61581,33
61581,34
61582,14
61583,109
61584,14
61585,57
61586,57
61587,109
61588,109
61589,7
61590,7
61591,7
61592,7
61593,7
61594,7
61595,7
61596,7
61599,45
61600,84
61601,84
61602,23
61603,23
61604,23
61605,18
61605,23
61606,38
61613,23
61614,27
61614,56
61615,97
61616,97
61617,23
61618,23
61619,8
61620,8
61621,8
61622,8
61623,75
61624,75
61625,75
61626,75
61627,75
61628,75
61629,75
61630,75
61631,75
61632,75
61633,75
61634,75
61635,77
61636,105
61637,23
61638,44
61639,44
61640,44
61641,44
61642,44
61643,33
61643,34
61647,33
61647,34
61648,49
61650,77
61651,77
61652,18
61653,18
61654,18
61655,18
61656,18
61657,18
61658,77
61661,32
61662,23
61663,23
61664,69
61665,69
61666,77
61667,77
61668,71
61674,18
61675,21
61676,21
61677,21
61678,21
61679,18
61679,23
61679,33
61679,34
61680,18
61680,23
61680,33
61680,34
61681,82
61682,46
61683,82
61684,38
61700,33
61700,34
61705,27
61705,56
61705,92
61706,27
61706,56
61706,77
61707,18
61708,18
61709,21
61710,21
61711,21
61712,18
61712,33
61713,92
61716,23
61717,59
61718,59
61719,32
61720,18
61721,23
61721,44
61722,35
61725,21
61726,7
61727,7
61728,7
61729,7
61730,7
61731,7
61732,7
61733,7
61734,21
61735,21
61736,21
61737,21
61738,55
61739,55
61740,21
61741,21
61742,21
61745,18
61746,18
61747,69
61748,69
61749,69
61750,69
61751,69
61753,23
61754,23
61755,23
61756,66
61757,23
61758,21
61759,6
61760,23
61761,23
61762,23
61763,23
61764,23
61765,18
61765,77
61766,23
61767,66
61768,66
61769,18
61769,23
61769,33
61769,34
61770,18
61771,18
61772,18
61773,18
61774,33
61774,34
61775,18
61776,18
61778,33
61778,34
61778,77
61781,66
61782,66
61786,45
61787,45
61788,45
61789,45
61790,45
61791,18
61792,18
61793,64
61794,64
61795,64
61796,64
61797,64
61798,64
61799,64
61800,64
61801,64
61804,33
61804,34
61805,33
61805,34
61806,33
61806,34
61807,109
61808,109
61810,7
61811,7
61812,44
61813,44
61814,44
61815,44
61819,44
61820,44
61821,44
61822,44
61823,44
61824,21
61832,66
61833,44
61834,18
61835,18
61835,23
61836,18
61836,23
61837,33
61837,34
61838,37
61838,92
61839,37
61839,92
61840,109
61841,109
61842,109
61843,109
61844,109
61845,109
61846,18
61847,77
61848,77
61849,71
61854,18
61854,44
61855,18
61855,44
61856,18
61856,44
61857,77
61858,77
61859,69
61860,56
61860,77
61861,56
61861,77
61862,44
61863,44
61864,44
61865,44
61866,44
61867,44
61868,109
61869,109
61870,109
61871,109
61872,18
61873,18
61874,18
61874,23
61875,37
61876,44
61877,44
61878,44
61879,44
61880,44
61881,44
61882,44
61883,44
61884,44
61885,6
61889,18
61890,23
61891,18
61892,18
61893,43
61893,77
61894,18
61895,56
61895,77
61896,21
61897,21
61898,21
61899,21
61900,21
61901,21
61902,21
61908,32
61909,32
61911,69
61912,18
61913,1
61913,37
61913,40
61913,77
61913,92
61914,23
61915,23
61916,23
61917,23
61918,18
61919,18
61920,21
61921,21
61922,21
61923,21
61924,21
61925,37
61925,40
61926,56
61926,77
61927,56
61927,77
61928,56
61928,77
61929,56
61929,77
61930,56
61930,77
61931,77
61932,109
61933,33
61933,34
61934,1
61934,37
61934,92
61935,18
61936,18
61937,18
61938,18
61939,18
61940,18
61941,18
61942,33
61942,34
61943,33
61943,34
61944,33
61944,34
61945,33
61945,34
61946,33
61946,34
61947,33
61947,34
61948,33
61948,34
61949,33
61949,34
61950,33
61950,34
61951,33
61951,34
61952,33
61952,34
61953,33
61953,34
61954,33
61954,34
61955,33
61955,34
61956,33
61956,34
61957,33
61957,34
61958,33
61958,34
61959,33
61959,34
61960,33
61960,34
61961,33
61961,34
61962,8
61963,8
61964,8
61965,8
61966,33
61966,34
61967,33
61968,33
61968,34
61969,33
61970,33
61971,33
61972,33
61972,34
61973,33
61973,34
61974,33
61974,34
61975,23
61976,6
61977,6
61978,6
61979,6
61980,6
61981,23
61982,45
61983,45
61984,45
61985,45
61986,45
61987,45
61988,45
61989,18
61990,33
61991,33
61992,33
61994,6
61995,109
61996,109
61997,33
61997,34
61997,44
61998,44
61999,18
62000,33
62000,34
62000,44
62001,33
62002,33
62002,34
62003,33
62003,34
62004,33
62004,34
62005,33
62005,34
62006,32
62008,34
62009,34
62010,34
62011,34
62012,6
62016,7
62021,23
62022,23
62037,92
62038,18
62039,18
62040,109
62041,33
62042,46
62043,23
62044,23
62047,32
62048,32
62049,32
62050,32
62051,32
62052,77
62053,77
62054,77
62055,77
62056,77
62057,77
62060,18
62061,77
62062,23
62063,49
62064,32
62065,44
62066,44
62067,44
62068,44
62069,23
62071,23
62072,40
62073,40
62074,40
62075,40
62076,23
62076,32
62077,23
62077,32
62078,23
62078,32
62079,23
62079,32
62080,23
62080,32
62081,23
62081,32
62082,23
62083,92
62084,92
62085,23
62085,32
62086,18
62086,23
62087,18
62087,23
62087,33
62087,34
62088,18
62088,23
62089,18
62089,23
62089,33
62089,34
62090,18
62090,23
62091,23
62091,32
62092,23
62092,32
62093,23
62093,32
62094,23
62094,32
62095,18
62095,23
62096,18
62096,23
62097,33
62097,34
62098,23
62098,44
62099,23
62100,23
62100,33
62100,34
62101,69
62102,69
62103,69
62104,69
62105,69
62106,69
62107,69
62108,69
62114,23
62114,33
62114,34
62115,23
62115,33
62115,34
62116,23
62116,33
62116,34
62117,37
62118,37
62119,37
62120,37
62121,37
62122,23
62122,33
62122,34
62123,23
62123,33
62123,34
62124,23
62124,33
62124,34
62125,23
62125,33
62125,34
62126,77
62129,7
62130,7
62131,7
62132,7
62133,7
62134,7
62135,7
62136,7
62137,7
62138,7
62139,7
62140,7
62141,109
62142,109
62143,109
62144,109
62145,109
62146,109
62147,109
62148,109
62149,109
62150,109
62151,109
62152,109
62153,109
62154,109
62155,109
62156,109
62157,77
62158,18
62159,18
62160,109
62161,109
62162,109
62163,109
62164,109
62165,109
62166,109
62167,109
62168,109
62169,109
62170,109
62171,109
62172,109
62173,109
62174,109
62175,18
62176,44
62177,44
62178,44
62180,87
62186,40
62186,77
62187,37
62188,37
62189,37
62190,109
62191,109
62192,109
62193,109
62194,59
62195,59
62196,59
62197,21
62198,18
62199,18
62200,18
62201,23
62202,23
62203,23
62204,23
62205,18
62205,37
62206,59
62207,59
62208,18
62208,59
62209,18
62209,59
62210,18
62210,59
62211,18
62211,59
62212,18
62212,59
62213,18
62213,59
62214,18
62214,59
62215,18
62215,59
62216,18
62216,59
62217,18
62217,59
62218,18
62218,59
62219,77
62220,77
62222,49
62223,69
62224,69
62225,69
62226,69
62227,8
62227,92
62228,8
62228,92
62229,34
62230,69
62231,69
62232,13
62233,21
62236,97
62237,97
62238,97
62239,97
62240,97
62241,77
62242,6
62249,103
62250,103
62251,103
62252,103
62253,64
62254,77
62255,64
62257,23
62258,23
62259,23
62260,23
62261,32
62262,49
62263,59
62264,59
62265,59
62266,59
62267,33
62267,34
62268,69
62269,32
62270,77
62270,92
62271,45
62272,45
62273,109
62274,109
62275,8
62276,27
62277,8
62278,8
62279,8
62280,8
62281,8
62282,8
62283,37
62284,37
62285,8
62286,8
62287,37
62288,37
62289,7
62290,18
62291,49
62293,18
62293,93
62295,18
62296,18
62297,18
62298,18
62299,21
62300,21
62301,21
62302,33
62303,49
62304,18
62305,18
62306,57
62307,18
62307,33
62308,18
62308,33
62309,18
62309,33
62310,32
62311,32
62312,32
62319,77
62320,43
62321,71
62322,23
62322,109
62323,23
62323,109
62324,23
62324,109
62325,23
62325,109
62326,23
62326,109
62327,18
62328,18
62329,18
62330,18
62331,18
62332,33
62332,34
62333,77
62334,6
62335,18
62336,18
62337,18
62338,18
62339,21
62340,18
62340,44
62341,18
62341,44
62342,18
62342,44
62343,18
62344,18
62345,18
62346,18
62347,18
62348,18
62349,18
62350,18
62351,18
62352,18
62353,18
62354,18
62355,23
62356,59
62357,59
62358,59
62359,59
62360,109
62361,109
62362,109
62363,37
62364,18
62364,44
62365,18
62365,44
62366,18
62366,44
62367,18
62367,44
62368,97
62369,109
62370,109
62371,109
62372,109
62373,109
62374,109
62375,109
62376,109
62377,109
62378,37
62379,18
62379,23
62379,33
62379,34
62380,59
62381,59
62382,21
62383,18
62383,23
62384,33
62384,34
62386,18
62387,7
62388,7
62389,7
62390,77
62391,32
62392,26
62393,26
62394,77
62395,26
62398,59
62399,59
62400,109
62401,109
62402,109
62403,109
62404,109
62405,109
62406,109
62407,109
62408,109
62409,109
62410,109
62411,109
62412,109
62414,18
62415,44
62416,44
62417,23
62417,44
62418,23
62418,44
62419,23
62419,44
62420,23
62420,44
62421,23
62421,44
62422,23
62422,44
62423,23
62423,44
62424,23
62424,44
62425,23
62425,44
62426,23
62426,44
62427,23
62427,44
62428,23
62428,44
62429,23
62429,44
62430,23
62430,44
62431,23
62431,44
62432,23
62432,44
62433,23
62433,44
62434,23
62434,44
62435,23
62435,44
62436,23
62436,44
62437,23
62437,44
62438,23
62438,44
62439,23
62439,44
62440,23
62440,44
62441,23
62441,44
62442,18
62442,34
62443,32
62444,32
62445,32
62447,18
62448,18
62448,44
62451,18
62452,18
62453,33
62453,34
62454,33
62454,34
62455,33
62455,34
62456,33
62456,34
62457,33
62457,34
62458,33
62458,34
62460,59
62461,59
62462,59
62463,59
62464,59
62465,59
62466,77
62467,23
62468,23
62468,44
62469,23
62469,44
62470,59
62471,59
62472,59
62473,23
62474,23
62475,23
62478,45
62479,45
62482,23
62483,23
62484,23
62485,23
62486,23
62487,23
62488,23
62489,23
62490,23
62492,44
62493,18
62493,23
62494,7
62495,7
62496,7
62497,57
62498,57
62499,57
62500,57
62501,57
62502,57
62503,57
62504,23
62505,23
62506,23
62506,33
62507,18
62508,77
62509,77
62510,77
62511,77
62512,18
62513,18
62514,18
62515,77
62516,23
62517,45
62518,18
62519,18
62520,23
62520,44
62521,23
62521,44
62522,23
62522,44
62523,23
62523,44
62524,23
62524,44
62525,23
62525,44
62526,23
62526,44
62527,23
62527,44
62528,23
62528,44
62529,23
62529,44
62530,23
62530,44
62531,23
62531,44
62532,55
62533,55
62540,32
62541,32
62542,32
62543,18
62543,44
62544,27
62544,56
62544,92
62545,23
62546,23
62547,32
62548,32
62549,32
62550,34
62551,77
62552,32
62553,35
62554,35
62555,32
62556,34
62557,32
62558,109
62559,109
62565,18
62566,57
62567,57
62570,97
62571,97
62572,97
62573,97
62574,97
62575,97
62576,97
62577,97
62578,97
62579,97
62580,97
62581,97
62582,97
62583,97
62584,97
62585,97
62586,97
62587,97
62588,97
62589,97
62590,77
62602,108
62603,108
62604,108
62605,108
62606,108
62607,44
62608,108
62609,108
62610,108
62611,108
62612,108
62613,108
62614,108
62615,108
62617,23
62618,23
62619,58
62620,58
62622,58
62623,58
62624,7
62625,7
62626,7
62627,7
62628,7
62629,7
62630,7
62631,7
62632,7
62633,1
62633,37
62633,92
62634,59
62635,59
62636,59
62637,59
62638,59
62639,59
62640,59
62641,59
62642,59
62645,21
62646,18
62646,23
62647,6
62648,18
62648,93
62649,109
62650,109
62651,33
62651,34
62652,33
62652,34
62653,59
62654,59
62655,59
62656,59
62657,49
62658,49
62659,18
62659,23
62659,33
62659,34
62660,18
62660,23
62660,33
62660,34
62661,18
62662,8
62663,8
62664,109
62665,109
62666,77
62667,77
62668,44
62669,38
62671,18
62672,64
62673,64
62674,64
62675,64
62676,109
62677,109
62678,109
62679,109
62680,33
62681,32
62682,23
62683,34
62684,77
62685,40
62686,40
62687,40
62688,40
62690,97
62691,33
62691,34
62692,109
62710,23
62711,33
62711,34
62712,23
62713,18
62714,18
62715,49
62716,49
62717,49
62718,23
62719,23
62720,23
62721,23
62722,23
62723,23
62724,44
62725,44
62730,109
62731,109
62732,23
62733,32
62734,32
62735,56
62735,77
62736,21
62737,21
62738,44
62739,44
62740,44
62741,44
62742,71
62743,44
62744,44
62745,44
62746,44
62747,44
62753,95
62754,95
62755,95
62756,18
62757,49
62758,8
62759,8
62760,8
62761,8
62762,8
62763,8
62764,21
62765,32
62766,32
62767,32
62768,1
62768,37
62768,92
62769,1
62769,37
62769,92
62770,71
62771,18
62772,18
62773,66
62774,66
62775,66
62776,18
62776,44
62777,18
62777,44
62778,18
62778,44
62779,18
62779,44
62780,109
62781,109
62782,109
62783,109
62784,109
62785,109
62786,109
62787,109
62788,109
62789,33
62789,34
62790,40
62790,43
62791,43
62792,33
62792,34
62793,40
62793,43
62794,40
62794,43
62795,40
62795,43
62796,6
62800,59
62801,18
62802,18
62803,18
62804,18
62805,18
62806,32
62807,44
62808,44
62809,44
62810,44
62811,6
62812,32
62813,32
62814,32
62815,32
62816,32
62817,32
62818,32
62819,32
62820,32
62821,23
62822,23
62823,23
62824,6
62825,6
62826,6
62827,6
62828,6
62829,6
62830,6
62831,6
62832,6
62833,6
62834,6
62835,34
62836,34
62837,34
62838,23
62840,21
62841,64
62842,1
62842,27
62842,92
62843,21
62844,1
62844,37
62844,40
62844,43
62844,92
62845,35
62846,1
62846,37
62846,40
62846,43
62846,92
62847,1
62847,37
62847,40
62847,43
62847,92
62848,37
62848,77
62849,35
62850,35
62851,23
62852,23
62853,18
62854,18
62855,18
62856,18
62857,18
62860,23
62861,23
62862,77
62863,77
62864,1
62864,92
62865,1
62865,92
62866,1
62866,92
62867,1
62867,92
62868,33
62868,34
62869,21
62870,32
62871,37
62871,40
62871,77
62872,84
62873,37
62874,7
62875,7
62876,32
62877,32
62878,32
62880,21
62881,7
62882,7
62883,7
62884,7
62885,7
62886,18
62887,18
62888,18
62889,18
62890,18
62891,23
62892,23
62893,23
62895,18
62896,37
62897,37
62898,109
62899,109
62900,109
62901,109
62902,7
62903,7
62904,69
62905,69
62906,69
62907,69
62908,69
62909,53
62910,53
62911,53
62912,7
62914,37
62914,92
62917,18
62918,2
62919,2
62920,2
62921,2
62922,44
62923,8
62924,8
62925,8
62926,49
62927,109
62928,109
62929,109
62930,109
62931,109
62932,49
62933,49
62934,49
62935,18
62936,109
62937,27
62937,43
62937,56
62938,18
62939,69
62940,69
62941,69
62942,69
62943,69
62944,69
62945,69
62946,77
62947,1
62947,77
62947,92
62948,1
62948,77
62948,92
62949,18
62949,23
62950,18
62950,23
62951,18
62951,23
62952,53
62953,53
62954,53
62957,71
62958,71
62959,71
62960,71
62961,32
62962,32
62964,1
62964,37
62964,92
62965,1
62965,37
62965,92
62966,49
62967,49
62968,49
62969,49
62970,49
62971,49
62972,49
62973,49
62974,49
62975,49
62976,49
62977,49
62978,49
62979,23
62980,18
62981,18
62982,44
62983,1
62983,43
62983,92
62984,109
62985,109
62986,109
62987,109
62988,109
62989,109
62990,23
62991,27
62991,43
62991,56
62992,84
62993,84
62994,84
62995,18
62997,109
62998,109
62999,109
63000,109
63001,32
63002,18
63003,18
63004,18
63004,77
63005,77
63006,77
63012,7
63013,7
63014,7
63015,7
63016,7
63017,18
63018,18
63018,93
63019,44
63020,44
63021,23
63022,49
63023,23
63024,21
63028,23
63028,32
63029,27
63029,43
63029,56
63033,77
63034,77
63035,77
63036,23
63037,23
63038,18
63039,18
63039,44
63040,7
63041,87
63043,64
63044,64
63045,64
63046,64
63047,64
63048,109
63049,109
63050,109
63051,109
63052,109
63053,109
63054,109
63055,109
63056,109
63057,109
63058,7
63059,7
63060,64
63061,23
63062,32
63070,8
63071,8
63072,108
63073,71
63074,97
63075,40
63075,43
63076,32
63077,32
63078,103
63079,44
63080,18
63081,18
63082,18
63084,32
63085,43
63085,77
63086,43
63086,77
63087,23
63088,14
63089,14
63090,37
63091,1
63091,37
63091,92
63092,8
63093,8
63094,21
63095,21
63096,32
63097,95
63098,95
63099,7
63100,18
63101,23
63102,18
63102,44
63103,18
63103,44
63104,18
63110,32
63116,18
63117,18
63118,18
63119,45
63120,45
63121,45
63122,69
63123,69
63124,69
63125,45
63126,23
63127,23
63128,23
63129,23
63132,18
63133,44
63135,32
63136,32
63137,32
63138,32
63139,32
63140,32
63141,32
63142,32
63143,32
63144,32
63145,32
63146,32
63147,32
63148,32
63149,32
63150,32
63151,32
63152,32
63153,32
63154,32
63155,32
63156,32
63157,32
63158,32
63159,32
63160,32
63161,32
63162,32
63163,32
63164,69
63165,69
63166,69
63167,21
63168,45
63169,109
63170,109
63171,32
63172,44
63173,14
63174,14
63175,44
63176,105
63177,105
63178,105
63179,105
63180,105
63181,105
63182,109
63183,109
63184,109
63185,109
63186,109
63187,109
63188,109
63189,109
63190,109
63192,109
63193,77
63194,23
63195,18
63196,18
63197,18
63201,7
63202,27
63202,56
63203,44
63204,18
63204,77
63205,18
63205,77
63206,109
63207,71
63208,71
63209,44
63213,21
63214,21
63215,21
63217,44
63218,14
63219,14
63220,14
63221,14
63222,14
63223,14
63224,23
63225,23
63226,109
63227,69
63228,69
63229,69
63230,69
63231,69
63232,69
63233,69
63234,69
63235,69
63236,69
63237,69
63238,18
63238,33
63238,34
63239,18
63240,18
63240,33
63240,34
63243,18
63245,37
63246,37
63247,37
63251,37
63252,37
63253,37
63254,37
63255,37
63256,6
63257,21
63259,64
63260,18
63261,18
63262,23
63263,23
63263,32
63264,23
63264,32
63265,23
63265,32
63266,23
63267,23
63270,32
63271,32
63272,32
63273,32
63284,77
63285,59
63292,21
63293,21
63294,43
63294,92
63295,43
63295,92
63296,32
63297,18
63297,23
63298,18
63298,23
63299,18
63299,23
63301,77
63302,32
63303,32
63304,32
63305,32
63306,32
63307,32
63308,32
63309,32
63310,32
63311,32
63312,87
63313,27
63313,43
63313,56
63313,92
63315,58
63316,23
63317,23
63318,44
63319,23
63320,21
63321,21
63322,18
63323,18
63324,44
63325,33
63326,69
63327,103
63335,109
63336,109
63338,44
63339,44
63340,44
63341,44
63342,109
63343,109
63344,109
63345,109
63346,109
63348,109
63349,109
63350,109
63351,37
63351,40
63351,43
63351,92
63352,37
63352,40
63352,43
63352,92
63353,37
63353,40
63353,43
63353,92
63354,37
63354,40
63354,43
63354,92
63360,21
63362,33
63362,34
63363,33
63363,34
63364,35
63365,35
63366,35
63367,35
63369,18
63369,44
63371,32
63372,27
63372,43
63373,71
63374,71
63375,33
63376,33
63377,33
63378,33
63379,33
63380,33
63381,33
63382,33
63383,33
63384,33
63385,33
63386,33
63387,33
63388,33
63389,33
63390,33
63391,33
63392,33
63393,33
63394,33
63395,33
63396,33
63397,33
63398,33
63399,33
63400,33
63401,21
63402,77
63403,77
63404,77
63405,77
63406,77
63407,77
63408,109
63409,109
63410,109
63411,109
63412,109
63413,109
63414,109
63415,109
63416,109
63417,109
63418,109
63428,34
63429,34
63430,34
63431,33
63432,18
63433,18
63434,18
63435,18
63437,18
63438,21
63439,21
63440,1
63440,43
63440,92
63441,23
63442,33
63443,21
63444,21
63445,21
63446,21
63447,32
63448,23
63449,1
63449,43
63449,92
63450,18
63451,44
63453,23
63455,23
63456,23
63457,23
63458,23
63459,23
63460,23
63461,18
63462,37
63463,37
63464,37
63465,37
63466,37
63467,37
63468,32
63469,44
63472,21
63473,30
63473,87
63474,44
63475,37
63476,33
63476,34
63477,33
63477,34
63478,1
63478,92
63479,92
63480,23
63481,49
63482,109
63483,33
63483,34
63484,18
63485,21
63486,97
63487,97
63488,97
63489,37
63490,37
63491,33
63491,34
63492,33
63492,34
63493,18
63494,1
63494,37
63494,92
63495,77
63496,30
63496,43
63496,44
63496,56
63496,92
63497,71
63498,30
63498,43
63498,44
63498,56
63498,92
63499,30
63499,43
63499,44
63499,56
63499,92
63500,32
63500,33
63500,34
63501,97
63502,97
63509,18
63510,40
63510,43
63510,77
63511,32
63512,109
63513,21
63515,18
63516,18
63516,23
63516,34
63516,44
63517,18
63517,23
63517,34
63517,44
63518,18
63518,23
63518,34
63518,44
63519,18
63519,23
63519,34
63519,44
63520,18
63520,23
63520,34
63520,44
63521,18
63521,23
63521,34
63521,44
63522,18
63522,23
63522,34
63522,44
63523,18
63523,23
63523,34
63523,44
63524,18
63524,23
63524,34
63524,44
63525,18
63525,23
63525,34
63525,44
63526,23
63526,44
63527,18
63527,23
63527,34
63527,44
63528,18
63528,23
63528,34
63528,44
63529,18
63529,23
63529,34
63529,44
63530,18
63530,23
63530,34
63530,44
63531,18
63531,23
63531,34
63531,44
63532,18
63532,23
63532,34
63532,44
63533,18
63533,23
63533,34
63533,44
63534,18
63534,23
63534,34
63534,43
63535,18
63535,23
63535,34
63535,44
63536,18
63536,23
63536,34
63536,44
63537,18
63537,23
63537,34
63537,44
63538,18
63538,23
63538,34
63538,44
63541,35
63542,35
63543,35
63544,35
63545,35
63546,18
63547,23
63548,7
63549,7
63550,7
63551,35
63552,18
63553,18
63554,18
63555,18
63556,18
63557,18
63558,97
63559,33
63559,34
63560,7
63561,7
63562,7
63563,7
63564,59
63565,59
63566,109
63567,23
63568,92
63569,6
63570,6
63571,6
63572,8
63573,8
63574,8
63575,8
63577,77
63578,18
63578,23
63578,34
63578,44
63579,18
63579,23
63579,33
63579,34
63579,44
63580,18
63580,23
63580,34
63580,44
63581,18
63581,23
63581,34
63581,44
63582,23
63582,44
63583,40
63583,43
63584,109
63585,109
63586,18
63587,34
63587,77
63588,23
63588,49
63589,18
63590,18
63594,44
63595,23
63596,23
63597,23
63598,53
63599,109
63600,109
63601,109
63602,109
63603,109
63604,109
63605,109
63606,109
63607,23
63608,18
63609,44
63610,44
63611,44
63612,44
63613,109
63614,109
63615,109
63616,109
63617,71
63618,71
63619,71
63620,71
63621,71
63622,6
63623,18
63623,23
63624,44
63628,32
63629,32
63630,32
63631,32
63632,32
63633,32
63634,32
63635,32
63636,32
63637,32
63638,32
63639,32
63640,32
63641,32
63642,10
63643,10
63644,23
63645,23
63646,23
63647,23
63648,23
63649,23
63650,23
63651,23
63652,23
63653,23
63654,32
63655,32
63656,32
63657,32
63658,32
63659,32
63660,32
63661,32
63662,21
63663,71
63664,71
63665,71
63666,71
63667,32
63667,33
63667,34
63668,77
63669,77
63670,32
63670,33
63670,34
63671,32
63671,33
63671,34
63672,32
63672,33
63672,34
63673,32
63673,33
63673,34
63674,32
63674,33
63674,34
63675,32
63675,33
63675,34
63676,69
63677,69
63678,1
63678,92
63679,64
63680,77
63681,45
63682,45
63683,45
63684,45
63685,45
63686,45
63687,45
63688,7
63689,7
63690,7
63691,23
63692,1
63692,43
63692,92
63693,7
63694,7
63695,7
63696,21
63697,21
63698,21
63699,21
63700,21
63701,21
63702,49
63703,49
63704,49
63705,49
63706,49
63707,32
63708,32
63709,37
63710,37
63711,18
63712,46
63713,27
63713,43
63713,56
63714,16
63715,27
63715,43
63715,56
63717,23
63718,71
63719,71
63720,71
63721,71
63722,71
63723,71
63724,71
63725,71
63726,71
63727,71
63728,71
63729,71
63730,32
63733,87
63734,44
63735,44
63736,21
63737,21
63738,21
63739,21
63740,21
63741,7
63742,7
63743,7
63744,66
63745,18
63745,23
63746,97
63747,9
63748,1
63748,37
63748,92
63749,78
63750,23
63751,18
63752,44
63753,21
63754,21
63755,21
63756,21
63757,21
63758,21
63759,21
63760,21
63761,1
63761,77
63761,92
63762,1
63762,77
63762,92
63763,23
63764,33
63765,33
63766,34
63767,33
63768,109
63773,94
63774,94
63775,94
63776,94
63783,77
63784,77
63785,77
63791,77
63791,92
63792,32
63793,18
63794,18
63794,44
63795,18
63795,44
63796,21
63797,18
63797,44
63798,18
63798,44
63801,7
63802,21
63803,21
63804,18
63805,18
63811,21
63812,21
63813,21
63814,21
63815,21
63816,21
63817,21
63818,69
63819,18
63819,44
63820,44
63821,43
63821,92
63822,44
63823,71
63824,71
63825,71
63826,71
63827,77
63828,32
63829,18
63830,18
63831,18
63832,18
63833,109
63834,109
63835,109
63836,109
63837,45
63837,71
63838,45
63838,71
63839,45
63839,71
63840,45
63840,71
63841,45
63841,71
63842,109
63843,109
63844,18
63846,33
63846,34
63847,33
63847,34
63848,33
63848,34
63849,77
63850,77
63851,77
63852,87
63853,21
63854,21
63855,21
63856,21
63857,21
63858,21
63859,21
63860,21
63864,35
63865,35
63869,18
63869,93
63870,40
63870,43
63871,18
63872,109
63873,109
63874,109
63875,18
63876,18
63877,18
63882,92
63883,18
63883,23
63883,44
63884,18
63884,23
63884,44
63885,18
63885,23
63885,44
63886,18
63886,23
63886,44
63887,18
63887,23
63888,18
63888,23
63889,18
63889,23
63890,18
63890,23
63891,18
63891,23
63892,18
63892,23
63893,66
63894,33
63894,34
63895,23
63896,49
63897,6
63899,18
63899,23
63899,33
63899,34
63900,23
63901,33
63901,34
63902,33
63902,34
63903,77
63903,92
63904,77
63904,92
63905,69
63906,69
63907,69
63908,69
63909,69
63910,69
63911,45
63912,109
63913,109
63914,109
63915,109
63916,109
63917,87
63918,23
63919,23
63920,23
63921,37
63922,37
63923,37
63924,37
63925,87
63926,32
63926,109
63927,32
63927,109
63928,18
63929,57
63930,57
63931,57
63932,57
63933,57
63934,57
63935,18
63937,40
63937,77
63938,18
63939,23
63940,7
63941,7
63942,18
63942,23
63943,38
63944,38
63945,32
63946,21
63947,18
63948,18
63949,18
63950,55
63951,55
63952,94
63953,94
63954,32
63955,18
63957,32
63958,32
63960,32
63961,32
63962,32
63963,32
63964,32
63965,33
63965,34
63966,23
63967,23
63968,23
63971,23
63972,1
63972,43
63972,92
63973,1
63973,43
63973,92
63974,1
63974,43
63974,92
63975,103
63976,103
63977,103
63978,69
63979,69
63980,69
63981,69
63982,23
63983,69
63984,69
63985,69
63986,69
63987,57
63991,1
63991,43
63991,92
63992,1
63992,43
63992,92
63993,1
63993,43
63993,92
63994,1
63994,43
63994,92
63995,1
63995,43
63995,92
63996,53
63997,53
63998,44
63998,59
63999,59
64000,44
64001,44
64002,44
64003,44
64004,44
64005,18
64006,18
64007,18
64008,18
64009,18
64010,1
64010,37
64010,40
64010,43
64010,92
64011,1
64011,37
64011,40
64011,43
64011,92
64012,21
64013,21
64014,21
64015,21
64016,69
64017,57
64018,57
64019,57
64020,57
64021,57
64022,57
64023,44
64024,14
64025,12
64026,53
64027,105
64028,6
64029,109
64030,77
64033,33
64033,34
64034,33
64034,34
64036,49
64037,109
64038,109
64039,109
64040,109
64041,109
64042,109
64043,18
64044,18
64045,18
64049,7
64050,7
64051,32
64052,32
64053,32
64054,32
64055,32
64056,32
64057,32
64058,64
64059,64
64071,69
64072,69
64073,23
64074,44
64074,49
64075,23
64075,34
64076,23
64076,33
64076,34
64077,23
64077,33
64077,34
64078,23
64078,33
64078,34
64079,44
64080,109
64081,32
64083,18
64083,33
64083,34
64083,44
64084,34
64084,44
64085,34
64085,44
64086,34
64086,44
64089,18
64089,23
64090,18
64090,23
64092,44
64092,49
64093,44
64093,49
64094,23
64095,18
64096,18
64097,18
64098,18
64099,18
64100,18
64101,32
64102,23
64103,23
64104,23
64105,23
64106,23
64107,77
64108,77
64109,70
64110,70
64113,18
64113,23
64114,18
64114,23
64115,18
64115,23
64116,18
64116,23
64117,18
64117,23
64118,18
64118,23
64119,18
64119,23
64120,18
64120,23
64121,18
64121,23
64122,18
64122,23
64123,18
64123,23
64124,18
64124,23
64125,18
64125,23
64126,18
64126,23
64127,18
64127,23
64128,18
64128,23
64129,18
64129,23
64130,18
64130,23
64131,18
64131,23
64132,18
64132,23
64134,77
64134,109
64135,18
64135,23
64136,34
64137,92
64138,44
64139,44
64140,44
64141,44
64142,44
64146,44
64147,44
64148,44
64149,109
64150,37
64151,37
64152,37
64153,37
64154,37
64155,37
64156,103
64157,103
64158,103
64159,37
64160,46
64161,49
64162,49
64163,103
64164,37
64165,37
64166,37
64167,37
64168,37
64169,37
64170,32
64172,18
64173,71
64180,92
64181,27
64181,43
64183,56
64183,77
64185,69
64186,69
64187,69
64188,69
64189,69
64193,23
64194,23
64194,44
64195,23
64195,33
64195,34
64196,13
64197,77
64198,37
64199,37
64200,37
64201,45
64202,45
64203,45
64204,44
64205,44
64206,44
64207,44
64208,44
64209,44
64210,44
64211,18
64212,18
64213,1
64213,37
64213,92
64214,18
64215,109
64216,109
64217,109
64218,109
64219,109
64220,44
64221,1
64221,37
64221,40
64221,43
64221,92
64222,1
64222,37
64222,40
64222,43
64222,92
64223,103
64224,103
64225,103
64226,103
64227,103
64228,103
64229,58
64231,69
64232,69
64233,58
64234,58
64235,103
64236,103
64237,33
64237,34
64238,18
64239,49
64240,44
64240,49
64241,44
64241,49
64242,44
64242,49
64243,44
64243,49
64245,18
64246,105
64247,23
64248,23
64249,23
64250,23
64253,7
64254,7
64255,7
64256,7
64257,7
64258,7
64259,7
64260,7
64261,7
64262,7
64263,77
64264,77
64265,77
64266,77
64267,109
64268,109
64269,109
64270,109
64271,109
64272,109
64273,27
64273,56
64273,77
64274,27
64274,56
64274,92
64275,103
64276,103
64277,103
64278,18
64279,18
64281,21
64282,33
64282,34
64284,33
64284,34
64285,77
64288,58
64289,77
64290,18
64291,44
64292,44
64293,69
64294,69
64295,69
64296,69
64297,8
64298,8
64299,8
64300,8
64301,8
64302,8
64303,59
64304,27
64304,56
64304,92
64305,27
64305,56
64305,92
64306,92
64307,109
64308,18
64309,35
64310,35
64311,35
64312,23
64313,33
64313,34
64314,33
64314,34
64315,64
64316,64
64317,35
64318,35
64319,35
64320,35
64321,64
64322,64
64327,43
64327,77
64328,60
64329,60
64330,14
64331,14
64332,14
64333,14
64334,18
64334,33
64334,34
64335,18
64335,33
64335,34
64336,77
64337,77
64338,23
64339,71
64341,103
64342,103
64343,103
64344,103
64345,103
64346,71
64347,59
64348,59
64349,59
64350,59
64351,59
64352,59
64353,59
64354,59
64355,59
64356,59
64357,59
64358,59
64359,32
64359,33
64359,34
64360,32
64360,33
64360,34
64361,40
64361,77
64362,109
64363,18
64363,44
64364,18
64364,44
64365,18
64365,44
64366,18
64366,44
64367,18
64367,44
64368,18
64368,44
64369,18
64369,44
64370,18
64370,44
64371,18
64371,44
64372,18
64372,44
64373,18
64373,44
64374,18
64374,44
64375,18
64375,44
64376,18
64376,44
64377,18
64377,44
64378,18
64378,44
64379,18
64379,44
64380,18
64380,44
64381,18
64381,44
64382,18
64382,44
64383,18
64383,44
64384,18
64384,44
64385,37
64386,37
64387,37
64390,33
64390,34
64391,18
64392,18
64393,18
64394,98
64395,98
64396,98
64397,21
64398,21
64401,98
64404,45
64405,45
64406,45
64407,45
64408,45
64409,45
64410,45
64411,45
64412,18
64412,71
64413,18
64413,71
64414,23
64419,33
64419,34
64420,33
64420,34
64421,33
64421,34
64424,18
64425,18
64426,84
64427,84
64428,32
64428,44
64428,59
64429,59
64430,44
64430,59
64431,44
64431,59
64432,44
64432,59
64433,44
64433,59
64434,44
64434,59
64435,77
64436,97
64437,44
64438,49
64439,49
64440,49
64441,49
64442,49
64443,18
64444,49
64445,18
64446,18
64447,18
64448,18
64449,18
64450,49
64451,33
64451,34
64452,33
64452,34
64453,33
64453,34
64454,18
64455,18
64456,18
64457,33
64457,34
64458,33
64458,34
64459,33
64459,34
64460,33
64460,34
64461,33
64461,34
64462,33
64462,34
64463,18
64464,18
64465,18
64466,33
64466,34
64467,33
64467,34
64468,33
64468,34
64469,18
64469,44
64470,18
64470,44
64471,18
64471,44
64472,18
64472,44
64473,18
64473,44
64474,18
64474,44
64475,64
64476,64
64477,64
64478,64
64479,34
64480,33
64480,34
64481,44
64482,18
64482,33
64482,34
64483,40
64483,77
64484,40
64484,77
64485,105
64486,105
64487,105
64488,105
64489,105
64490,105
64491,105
64492,105
64493,105
64494,105
64495,18
64495,23
64499,18
64500,18
64501,18
64502,18
64503,18
64504,18
64505,18
64506,21
64507,21
64508,21
64509,21
64510,21
64511,21
64512,21
64513,21
64514,21
64515,21
64516,21
64517,21
64518,21
64519,21
64520,21
64521,21
64522,21
64523,21
64524,21
64525,21
64526,21
64527,21
64528,21
64529,21
64530,21
64531,21
64532,21
64537,18
64538,18
64540,18
64540,44
64541,44
64542,44
64543,44
64544,44
64545,23
64546,44
64547,44
64548,44
64549,44
64550,44
64551,77
64552,77
64555,18
64555,44
64556,18
64556,44
64557,18
64557,44
64558,44
64559,18
64559,44
64560,7
64561,7
64562,7
64563,7
64564,7
64565,105
64566,105
64567,18
64567,23
64567,33
64567,34
64568,97
64569,97
64570,97
64571,97
64572,69
64573,69
64574,69
64575,69
64576,69
64577,18
64577,44
64578,18
64579,18
64580,37
64581,109
64582,109
64583,109
64584,21
64585,21
64586,21
64587,21
64588,21
64589,21
64591,14
64592,23
64593,23
64594,23
64595,23
64596,23
64597,23
64597,32
64598,67
64599,67
64600,21
64601,21
64602,21
64603,21
64604,21
64605,21
64606,18
64607,7
64608,7
64609,7
64610,92
64611,97
64613,77
64614,77
64615,45
64616,45
64617,45
64618,45
64619,45
64620,45
64621,45
64622,45
64623,45
64624,45
64625,45
64626,45
64627,45
64628,27
64628,43
64628,56
64630,18
64632,7
64633,45
64634,45
64635,45
64636,45
64637,45
64638,57
64639,45
64640,45
64641,45
64642,45
64643,45
64644,45
64645,45
64646,45
64647,45
64648,45
64649,45
64650,45
64651,45
64652,45
64653,45
64654,45
64655,45
64656,21
64657,21
64658,23
64659,1
64659,37
64659,40
64659,77
64659,92
64665,21
64666,21
64667,21
64668,21
64669,1
64669,43
64669,92
64670,18
64673,32
64674,32
64675,32
64676,32
64677,32
64678,32
64680,32
64681,32
64682,32
64683,32
64684,32
64685,32
64687,32
64688,32
64689,44
64690,44
64691,33
64691,34
64692,33
64692,34
64693,33
64693,34
64694,33
64694,34
64695,33
64695,34
64696,33
64696,34
64697,33
64697,34
64698,33
64698,34
64699,33
64699,34
64700,33
64700,34
64701,109
64702,18
64702,23
64702,44
64704,33
64704,34
64705,33
64705,34
64708,21
64709,21
64710,21
64711,40
64711,43
64711,77
64712,40
64712,43
64712,77
64715,32
64716,32
64717,32
64718,32
64719,32
64720,32
64721,60
64722,109
64723,109
64724,109
64725,109
64726,109
64727,109
64728,109
64729,109
64730,18
64731,18
64732,6
64733,1
64733,37
64733,40
64733,77
64733,92
64734,1
64734,37
64734,40
64734,77
64734,92
64735,1
64735,37
64735,40
64735,77
64735,92
64736,18
64737,18
64738,21
64739,21
64740,21
64741,21
64742,21
64743,21
64744,21
64745,21
64746,21
64747,14
64748,14
64749,14
64750,14
64751,95
64752,95
64753,95
64754,95
64755,40
64756,40
64757,30
64758,37
64758,40
64758,77
64759,40
64759,43
64760,77
64761,33
64761,34
64763,49
64764,77
64765,77
64766,77
64767,109
64768,33
64768,34
64769,18
64770,18
64771,103
64772,103
64773,33
64773,34
64774,33
64774,34
64775,33
64775,34
64776,33
64776,34
64777,33
64777,34
64778,33
64778,34
64779,33
64779,34
64780,33
64780,34
64781,33
64781,34
64782,33
64782,34
64783,33
64783,34
64784,33
64784,34
64785,49
64786,49
64787,49
64788,49
64789,23
64790,23
64791,23
64792,21
64792,23
64793,6
64794,6
64795,6
64796,77
64797,77
64798,77
64799,77
64800,32
64801,21
64802,21
64803,21
64804,69
64805,14
64806,59
64807,18
64808,21
64809,21
64810,21
64811,21
64812,37
64813,37
64814,37
64815,37
64816,37
64817,37
64818,37
64820,69
64821,44
64822,44
64823,44
64824,33
64824,34
64825,33
64825,34
64826,33
64826,34
64827,18
64827,23
64828,23
64829,18
64829,23
64830,18
64830,23
64831,18
64831,23
64832,18
64832,23
64833,18
64833,23
64834,18
64834,23
64835,23
64835,44
64836,33
64837,49
64838,49
64839,49
64840,49
64841,23
64842,36
64843,71
64844,33
64844,34
64845,77
64846,69
64847,69
64848,69
64849,69
64850,69
64851,69
64852,69
64853,32
64854,77
64855,77
64856,77
64857,18
64857,23
64858,69
64859,37
64860,33
64860,34
64862,7
64863,7
64864,7
64865,7
64866,7
64867,7
64868,7
64869,7
64870,7
64871,7
64872,7
64873,7
64874,44
64875,44
64876,44
64877,44
64878,44
64879,44
64880,44
64881,33
64881,34
64882,27
64882,43
64882,56
64885,44
64886,44
64887,44
64888,44
64889,44
64890,49
64891,18
64896,33
64896,34
64898,33
64899,21
64900,21
64901,27
64901,56
64902,77
64903,44
64904,44
64905,44
64906,44
64907,44
64908,44
64909,44
64910,44
64911,44
64912,44
64913,44
64914,44
64915,44
64916,44
64917,44
64918,44
64919,44
64920,44
64921,55
64922,33
64922,34
64923,33
64923,34
64924,33
64924,34
64926,43
64926,77
64927,43
64927,77
64928,43
64928,77
64929,32
64930,32
64931,32
64932,33
64932,34
64933,77
64934,77
64935,44
64936,23
64937,77
64940,109
64941,109
64942,77
64943,77
64944,109
64945,18
64947,33
64947,34
64948,21
64949,1
64949,37
64949,40
64949,77
64949,92
64950,1
64950,37
64950,40
64950,77
64950,92
64951,1
64951,37
64951,40
64951,77
64951,92
64952,1
64952,37
64952,40
64952,77
64952,92
64953,23
64953,44
64954,23
64955,23
64955,44
64956,23
64956,44
64957,23
64957,44
64958,23
64958,44
64959,109
64960,21
64961,21
64962,21
64963,56
64963,77
64964,69
64965,21
64966,44
64966,77
64967,44
64968,32
64969,33
64969,34
64970,33
64970,34
64971,1
64971,43
64971,92
64972,1
64972,43
64972,92
64973,1
64973,43
64973,92
64974,1
64974,43
64974,92
64975,18
64976,18
64976,23
64976,33
64976,34
64978,69
64979,69
64980,69
64981,69
64982,69
64983,69
64984,92
64985,46
64986,52
64987,77
64988,33
64988,34
64989,69
64990,69
64991,69
64992,18
64992,33
64992,34
64993,27
64993,43
64993,56
64994,52
64996,23
64997,103
64998,92
64999,21
65000,21
65001,21
65002,18
65003,18
65004,21
65005,21
65006,21
65007,1
65007,77
65007,92
65013,103
65014,23
65015,23
65016,23
65017,23
65018,23
65019,23
65020,23
65021,23
65022,23
65023,18
65023,33
65023,34
65024,18
65024,33
65024,34
65025,23
65026,23
65027,21
65028,21
65029,69
65030,69
65031,77
65032,8
65033,8
65034,77
65039,40
65040,40
65043,18
65044,109
65045,59
65046,59
65047,32
65048,27
65048,43
65048,56
65049,109
65050,109
65051,109
65052,109
65053,77
65054,32
65055,32
65056,32
65057,59
65058,45
65059,109
65060,21
65061,18
65061,77
65062,18
65063,18
65064,18
65065,18
65066,18
65067,21
65068,21
65069,21
65070,21
65071,21
65072,21
65073,23
65073,44
65074,23
65074,44
65075,23
65075,44
65076,23
65076,44
65077,23
65078,23
65079,27
65079,56
65081,10
65082,33
65082,34
65083,33
65083,34
65084,33
65084,34
65085,33
65085,34
65086,33
65086,34
65087,6
65088,6
65089,6
65090,69
65091,69
65092,67
65093,67
65094,67
65095,67
65096,67
65097,109
65098,109
65099,109
65100,109
65101,64
65102,64
65103,64
65104,64
65105,64
65108,23
65109,1
65109,43
65109,92
65110,97
65111,97
65112,97
65113,69
65114,69
65115,69
65116,27
65116,56
65116,77
65117,27
65117,56
65117,77
65118,92
65119,27
65119,43
65120,7
65121,7
65122,7
65123,7
65124,7
65125,7
65126,7
65127,7
65129,67
65130,67
65131,67
65132,67
65133,67
65135,64
65136,64
65137,64
65138,64
65139,64
65140,77
65141,54
65142,54
65143,95
65144,21
65145,21
65146,21
65147,21
65148,21
65149,21
65151,32
65152,33
65152,34
65153,23
65155,37
65156,21
65157,37
65158,109
65159,109
65160,109
65161,109
65162,109
65163,109
65164,109
65165,109
65166,109
65175,77
65176,18
65177,32
65178,32
65179,32
65180,32
65181,32
65182,32
65183,32
65184,33
65184,34
65185,33
65185,34
65186,33
65186,34
65187,33
65187,34
65188,21
65189,21
65190,21
65191,21
65192,21
65193,21
65194,37
65195,37
65196,37
65197,37
65198,37
65199,37
65200,37
65201,37
65205,18
65206,18
65208,32
65209,14
65210,14
65211,44
65212,18
65213,18
65214,18
65215,18
65216,18
65217,18
65218,18
65220,77
65221,21
65222,21
65223,21
65224,21
65225,21
65226,21
65227,32
65228,97
65229,97
65230,97
65231,97
65232,97
65233,97
65234,97
65235,97
65236,97
65237,77
65238,33
65238,34
65239,33
65239,34
65241,23
65241,32
65242,23
65242,32
65243,23
65243,32
65244,23
65244,32
65245,23
65245,32
65246,23
65246,32
65247,21
65248,40
65248,43
65249,55
65250,55
65251,35
65252,35
65265,103
65267,32
65275,23
65276,35
65277,18
65278,18
65279,1
65279,37
65279,92
65280,1
65280,37
65280,92
65282,52
65283,44
65284,44
65285,44
65289,18
65290,18
65291,18
65293,69
65294,69
65295,69
65296,33
65296,34
65298,23
65299,77
65300,18
65305,1
65305,37
65305,92
65308,87
65309,87
65310,7
65311,7
65312,7
65313,7
65314,7
65315,7
65316,7
65317,7
65318,7
65334,14
65335,14
65336,14
65337,14
65338,44
65339,44
65339,59
65340,18
65340,44
65351,33
65352,32
65353,109
65354,109
65355,109
65356,109
65357,7
65358,7
65359,7
65360,54
65361,54
65362,54
65363,54
65364,1
65364,37
65364,77
65364,92
65365,1
65365,37
65365,77
65365,92
65366,33
65366,34
65367,1
65367,37
65367,40
65367,92
65370,35
65371,7
65372,21
65373,45
65374,45
65375,103
65376,33
65377,109
65378,109
65379,109
65380,18
65381,49
65382,49
65385,18
65386,18
65387,18
65388,44
65392,59
65393,59
65395,77
65396,77
65397,35
65398,77
65399,77
65400,77
65401,18
65402,18
65403,18
65404,18
65405,18
65406,77
65407,18
65408,92
65409,44
65410,44
65411,44
65412,44
65413,44
65414,59
65415,50
65416,50
65417,50
65418,50
65419,50
65420,57
65421,57
65422,57
65423,57
65424,50
65425,50
65426,18
65426,23
65427,18
65427,23
65428,52
65429,32
65430,18
65430,44
65431,59
65432,18
65432,44
65432,59
65433,59
65434,37
65435,37
65436,37
65437,37
65438,21
65439,21
65440,21
65441,21
65447,92
65448,92
65449,60
65450,60
65451,60
65452,60
65453,60
65454,60
65455,60
65456,60
65457,18
65458,18
65459,27
65460,27
65461,27
65462,27
65463,27
65465,35
65466,35
65467,35
65468,49
65469,77
65471,18
65471,64
65472,64
65473,64
65474,64
65475,21
65476,40
65476,43
65477,75
65478,75
65479,75
65480,75
65481,75
65482,75
65483,23
65484,1
65484,43
65484,92
65485,1
65485,43
65485,92
65486,23
65487,7
65488,7
65489,44
65490,103
65491,103
65492,103
65493,103
65494,21
65495,21
65496,18
65496,93
65497,18
65497,93
65498,18
65498,93
65499,77
65502,21
65503,21
65504,21
65505,77
65506,77
65507,77
65508,37
65509,37
65514,43
65515,43
65516,43
65517,43
65518,43
65519,43
65520,33
65520,34
65521,23
65522,109
65523,49
65524,49
65526,18
65527,35
65529,1
65529,43
65529,92
65530,1
65530,43
65530,92
65531,69
65531,70
65532,69
65532,70
65533,69
65533,70
65534,23
65535,23
65536,23
65537,66
65542,23
65543,23
65544,23
65548,34
65549,18
65549,23
65549,44
65550,35
65551,35
65552,35
65553,35
65554,35
65555,103
65556,95
65557,95
65558,95
65559,95
65560,95
65561,95
65562,95
65565,23
65566,23
65567,32
65568,32
65571,69
65571,70
65572,69
65572,70
65573,69
65573,70
65574,44
65575,21
65576,21
65577,21
65578,21
65579,109
65580,109
65581,1
65581,37
65581,40
65581,77
65581,92
65582,1
65582,37
65582,40
65582,77
65582,92
65583,18
65584,33
65584,34
65585,33
65585,34
65586,33
65586,34
65587,33
65587,34
65588,21
65589,7
65590,7
65591,18
65592,18
65593,14
65594,14
65595,14
65596,14
65597,14
65598,1
65598,37
65598,40
65598,77
65598,92
65599,1
65599,37
65599,40
65599,77
65599,92
65600,23
65601,18
65602,32
65603,55
65604,21
65605,21
65606,21
65608,18
65608,93
65609,18
65609,93
65610,21
65611,21
65612,45
65613,45
65614,45
65615,59
65616,59
65617,59
65618,59
65619,59
65620,59
65621,59
65622,109
65623,37
65624,37
65625,37
65626,37
65627,37
65628,37
65629,23
65629,44
65630,33
65631,33
65632,33
65633,33
65634,23
65635,37
65636,37
65637,37
65638,37
65639,37
65641,21
65642,77
65643,95
65644,95
65645,95
65646,95
65647,95
65648,77
65649,95
65652,14
65653,14
65654,97
65655,109
65656,37
65657,21
65658,21
65659,82
65660,82
65661,82
65662,82
65664,21
65665,21
65666,21
65667,6
65668,55
65669,18
65669,44
65670,18
65670,44
65671,56
65671,77
65677,69
65677,70
65678,69
65678,70
65679,69
65679,70
65680,69
65680,70
65681,44
65682,48
65683,48
65684,48
65685,109
65686,109
65687,109
65688,109
65689,48
65690,48
65691,48
65692,48
65693,48
65694,48
65695,48
65696,44
65697,44
65698,48
65699,48
65700,48
65701,48
65702,77
65703,77
65704,44
65705,48
65706,48
65707,48
65708,48
65709,48
65710,48
65711,48
65712,48
65713,48
65714,48
65715,48
65716,48
65717,48
65718,48
65719,48
65720,48
65721,48
65722,48
65723,48
65724,48
65725,48
65726,48
65727,48
65728,18
65729,18
65730,18
65731,18
65732,48
65733,48
65734,48
65735,18
65736,18
65737,23
65738,1
65738,37
65738,40
65738,77
65738,92
65739,1
65739,37
65739,40
65739,77
65739,92
65740,1
65740,37
65740,40
65740,77
65740,92
65741,1
65741,37
65741,40
65741,77
65741,92
65742,44
65743,44
65744,48
65745,8
65745,92
65746,8
65746,92
65747,33
65747,34
65748,109
65749,109
65750,59
65751,56
65751,77
65752,56
65752,77
65753,56
65753,77
65754,32
65755,32
65756,32
65757,32
65758,32
65759,32
65760,32
65761,32
65762,32
65763,32
65764,32
65765,32
65766,32
65767,32
65768,32
65769,32
65770,32
65771,32
65772,32
65773,32
65774,32
65775,32
65776,32
65777,32
65778,32
65779,32
65780,32
65781,77
65782,77
65783,23
65784,23
65785,33
65785,34
65786,23
65787,23
65788,49
65789,49
65790,49
65793,49
65794,1
65794,37
65794,92
65795,18
65796,18
65797,18
65798,18
65799,18
65800,18
65801,18
65802,18
65803,18
65804,18
65805,18
65806,1
65806,92
65807,1
65807,92
65808,37
65808,40
65808,77
65809,18
65809,93
65810,108
65811,10
65812,10
65813,33
65813,34
65814,18
65814,23
65815,18
65816,7
65817,7
65818,23
65823,69
65823,70
65824,33
65825,49
65826,32
65826,33
65827,18
65828,95
65829,95
65830,95
65831,95
65832,48
65833,48
65834,48
65835,48
65836,48
65837,48
65838,48
65839,48
65840,48
65841,44
65842,44
65843,44
65844,44
65845,64
65846,64
65847,64
65848,64
65849,18
65850,18
65850,23
65851,18
65851,23
65852,18
65852,97
65853,18
65853,97
65854,48
65855,33
65855,34
65856,1
65856,37
65856,77
65856,92
65869,33
65869,34
65870,21
65872,48
65873,48
65874,48
65875,48
65876,48
65877,48
65878,48
65879,48
65880,48
65881,48
65882,48
65883,48
65884,48
65885,48
65886,48
65887,48
65888,48
65889,48
65890,48
65891,48
65892,48
65893,48
65894,48
65895,48
65896,44
65896,103
65897,21
65898,21
65905,48
65906,48
65907,44
65908,23
65909,18
65910,18
65911,18
65912,48
65913,48
65915,44
65916,44
65917,44
65918,69
65918,70
65919,69
65919,70
65920,48
65921,48
65922,48
65923,48
65924,48
65925,48
65926,48
65927,48
65928,48
65930,108
65935,1
65935,43
65935,92
65936,18
65937,18
65937,33
65937,44
65938,18
65939,18
65940,18
65941,18
65942,18
65943,18
65944,48
65945,48
65946,18
65946,33
65946,44
65947,33
65948,32
65949,32
65950,32
65951,32
65952,71
65953,71
65954,71
65955,71
65956,71
65957,71
65958,71
65959,71
65960,71
65961,71
65962,71
65963,71
65964,71
65965,108
65966,71
65967,71
65968,71
65969,32
65970,32
65971,32
65971,109
65972,59
65973,18
65974,27
65974,43
65974,96
65975,33
65975,34
65976,35
65977,44
65978,44
65979,44
65980,23
65981,18
65981,23
65982,21
65984,1
65984,37
65984,77
65984,92
65985,1
65985,37
65985,77
65985,92
65986,1
65986,37
65986,77
65986,92
65987,1
65987,37
65987,77
65987,92
65988,18
65989,18
65990,23
65990,44
65991,23
65991,44
65992,27
65992,43
65993,77
65994,77
65996,18
65997,69
65997,70
65998,69
65998,70
66007,103
66015,23
66016,23
66017,23
66018,23
66020,23
66022,23
66023,23
66024,23
66025,109
66026,59
66027,109
66028,109
66029,59
66030,2
66031,2
66032,2
66033,2
66034,18
66034,93
66035,18
66036,77
66037,97
66038,97
66039,77
66040,37
66041,37
66042,23
66043,23
66044,23
66045,23
66060,77
66061,64
66062,64
66063,23
66064,23
66065,23
66066,23
66067,23
66068,23
66071,44
66072,44
66073,44
66074,44
66075,44
66076,97
66077,97
66078,109
66079,55
66080,55
66086,1
66086,37
66086,43
66086,92
66087,1
66087,37
66087,43
66087,92
66088,69
66088,70
66089,69
66090,43
66090,92
66091,1
66091,37
66091,40
66091,43
66092,66
66093,66
66098,23
66099,59
66100,59
66101,59
66102,59
66104,59
66105,59
66106,59
66107,18
66108,18
66109,18
66110,18
66111,48
66112,48
66113,48
66114,48
66115,48
66116,48
66117,48
66118,48
66119,48
66120,48
66121,48
66122,48
66123,48
66124,48
66125,48
66126,48
66127,48
66128,69
66128,70
66129,1
66129,43
66129,92
66130,32
66131,55
66132,18
66133,18
66134,18
66135,18
66136,18
66137,18
66138,18
66139,18
66140,48
66141,48
66142,48
66143,48
66144,48
66145,48
66146,48
66147,48
66148,48
66149,48
66150,48
66151,48
66152,48
66153,77
66154,109
66155,48
66156,48
66157,48
66158,48
66159,48
66160,18
66164,18
66165,48
66166,48
66167,48
66168,48
66169,48
66170,48
66171,48
66172,48
66173,48
66174,48
66175,18
66176,18
66177,18
66178,18
66179,18
66180,32
66181,21
66182,21
66183,48
66184,48
66185,40
66185,77
66186,18
66187,18
66188,18
66189,38
66190,38
66191,38
66192,38
66193,38
66194,44
66195,44
66196,44
66197,44
66198,44
66199,44
66200,44
66201,44
66202,44
66203,44
66204,44
66205,77
66206,23
66207,18
66207,44
66208,18
66209,18
66210,18
66211,18
66212,18
66213,18
66215,109
66216,109
66217,109
66218,109
66219,6
66220,6
66221,6
66222,23
66223,14
66224,44
66229,33
66240,69
66240,70
66241,64
66242,44
66243,23
66244,44
66245,33
66245,34
66246,33
66246,34
66247,33
66247,34
66248,77
66249,77
66250,44
66251,18
66251,33
66251,34
66252,23
66253,23
66254,44
66255,1
66255,37
66255,40
66255,92
66256,77
66257,59
66258,109
66259,109
66260,109
66261,109
66262,109
66263,43
66263,77
66264,43
66264,77
66265,58
66266,109
66268,109
66269,32
66269,109
66270,109
66271,109
66272,59
66273,59
66274,59
66275,59
66276,59
66277,59
66278,59
66279,59
66280,59
66281,59
66282,59
66283,59
66284,23
66285,23
66286,95
66287,95
66288,95
66289,95
66291,18
66292,44
66293,44
66294,44
66295,44
66296,44
66297,44
66298,44
66299,44
66300,44
66301,44
66302,7
66303,7
66304,18
66304,44
66305,77
66308,32
66308,109
66309,32
66310,32
66311,32
66312,66
66313,66
66314,66
66315,66
66316,66
66317,66
66318,66
66319,33
66320,21
66321,44
66322,44
66323,44
66343,44
66344,23
66345,44
66346,23
66347,23
66348,6
66349,7
66350,18
66351,18
66351,23
66358,21
66359,21
66360,21
66361,21
66362,21
66363,49
66364,49
66365,18
66366,18
66367,18
66368,18
66369,18
66370,18
66371,70
66372,70
66373,69
66373,70
66374,70
66375,70
66376,69
66376,70
66377,69
66377,70
66378,18
66379,18
66380,23
66381,23
66382,23
66383,109
66384,109
66385,109
66386,109
66387,109
66388,70
66389,33
66389,34
66389,44
66390,44
66391,44
66392,18
66393,103
66394,103
66395,103
66396,21
66397,27
66397,43
66398,18
66399,18
66400,45
66401,18
66402,1
66402,77
66402,92
66403,66
66404,1
66404,43
66404,92
66405,1
66405,43
66405,92
66406,1
66406,43
66406,92
66407,1
66407,43
66407,92
66408,18
66408,23
66409,23
66410,66
66411,8
66412,8
66415,21
66416,109
66417,49
66418,18
66419,18
66420,18
66421,18
66425,49
66426,49
66427,49
66428,70
66429,70
66430,70
66431,70
66432,70
66433,70
66434,71
66435,49
66436,49
66437,18
66437,44
66438,18
66438,44
66440,55
66441,21
66442,21
66443,21
66444,21
66445,18
66445,93
66446,32
66447,32
66448,32
66449,32
66450,32
66451,32
66452,32
66453,32
66454,32
66455,32
66456,23
66458,18
66459,32
66460,109
66461,109
66462,109
66463,109
66464,109
66465,109
66466,23
66466,44
66467,32
66468,18
66469,21
66470,21
66471,21
66472,21
66473,44
66474,44
66475,44
66476,44
66477,23
66479,64
66480,64
66481,64
66482,64
66484,45
66485,45
66486,45
66487,45
66488,45
66489,45
66490,45
66491,45
66492,35
66493,35
66494,35
66495,35
66496,35
66497,35
66498,35
66499,35
66500,23
66500,44
66501,23
66501,44
66502,77
66503,18
66504,18
66505,18
66505,77
66506,23
66507,59
66508,59
66509,87
66510,38
66512,77
66513,77
66514,77
66516,77
66517,77
66518,77
66519,33
66520,33
66520,34
66521,14
66522,32
66523,37
66524,32
66526,109
66527,49
66529,18
66530,18
66531,18
66532,7
66533,1
66533,43
66533,92
66534,1
66534,43
66534,92
66535,1
66535,43
66535,92
66536,18
66537,55
66538,32
66540,18
66548,59
66549,59
66550,59
66551,59
66552,59
66555,7
66556,7
66557,7
66558,7
66559,18
66559,44
66560,18
66560,44
66561,18
66561,44
66562,18
66562,44
66563,18
66563,44
66564,18
66564,44
66565,64
66566,49
66567,23
66568,18
66569,23
66570,8
66571,21
66572,23
66573,23
66574,23
66575,23
66576,23
66577,23
66581,59
66582,59
66583,59
66584,59
66585,59
66587,7
66588,7
66589,7
66590,7
66591,49
66592,49
66593,49
66594,49
66595,49
66596,7
66597,7
66598,49
66599,49
66600,49
66601,33
66601,34
66602,109
66603,70
66604,70
66605,70
66606,7
66608,18
66610,77
66611,33
66611,34
66612,18
66613,18
66614,18
66615,18
66616,18
66617,33
66617,34
66618,77
66619,77
66620,77
66621,33
66622,38
66628,18
66631,44
66632,30
66632,87
66633,44
66634,44
66635,40
66635,43
66636,40
66636,43
66637,18
66638,71
66639,71
66640,71
66641,71
66642,21
66642,71
66643,21
66643,71
66644,21
66644,71
66645,23
66646,23
66647,38
66648,21
66649,21
66650,21
66651,21
66652,70
66653,23
66653,49
66654,23
66654,49
66655,23
66655,49
66656,23
66656,49
66657,40
66657,43
66658,44
66659,44
66664,21
66665,21
66666,21
66667,7
66668,7
66669,7
66670,7
66671,7
66672,7
66673,7
66674,7
66675,33
66676,49
66677,44
66678,23
66679,18
66680,18
66681,18
66682,33
66682,34
66683,77
66684,77
66685,23
66686,6
66687,32
66688,49
66711,95
66712,95
66713,95
66714,59
66715,59
66716,18
66717,18
66718,7
66719,7
66720,7
66721,7
66722,7
66729,44
66730,44
66731,21
66732,21
66736,27
66736,56
66736,92
66737,27
66737,56
66737,77
66738,23
66739,103
66740,32
66741,7
66742,7
66745,18
66745,44
66746,6
66747,6
66748,6
66749,6
66750,18
66750,93
66751,1
66751,37
66751,40
66751,43
66751,92
66752,1
66752,37
66752,40
66752,43
66752,92
66753,1
66753,37
66753,40
66753,43
66753,92
66754,1
66754,37
66754,40
66754,43
66754,92
66755,66
66756,37
66756,40
66756,43
66756,92
66757,37
66757,40
66757,43
66757,92
66758,37
66758,40
66758,43
66758,92
66759,37
66759,40
66759,43
66759,92
66760,77
66761,18
66762,18
66763,77
66764,77
66765,77
66766,77
66767,77
66768,27
66768,43
66768,56
66769,77
66770,40
66770,77
66771,40
66771,43
66771,77
66772,40
66772,43
66772,77
66773,49
66774,23
66775,109
66776,109
66777,56
66777,77
66778,56
66778,77
66779,37
66780,37
66781,37
66782,37
66783,27
66783,43
66783,56
66784,109
66785,109
66786,109
66787,109
66788,109
66789,109
66790,109
66791,109
66792,109
66793,109
66794,109
66795,109
66796,109
66801,23
66802,23
66805,40
66805,77
66806,71
66807,66
66808,66
66809,59
66810,59
66811,59
66812,59
66813,59
66814,59
66815,59
66816,59
66817,23
66818,18
66818,44
66819,18
66819,44
66820,18
66821,32
66822,33
66822,34
66823,21
66824,77
66825,77
66826,77
66827,77
66828,18
66828,23
66829,18
66830,105
66831,105
66832,18
66833,18
66834,32
66834,49
66839,32
66840,1
66840,43
66840,92
66841,1
66842,1
66843,1
66844,1
66845,1
66846,1
66847,1
66847,43
66847,92
66848,1
66848,43
66848,92
66849,40
66849,43
66850,23
66851,109
66852,109
66853,109
66854,43
66854,92
66855,18
66856,18
66857,18
66858,18
66859,70
66860,70
66861,70
66862,95
66863,95
66864,95
66865,23
66866,23
66867,23
66868,23
66869,1
66869,77
66869,92
66870,67
66871,28
66872,87
66873,21
66874,44
66875,44
66876,44
66877,44
66878,34
66879,109
66880,109
66881,109
66882,59
66883,59
66884,70
66885,18
66885,34
66886,44
66887,33
66887,34
66887,44
66888,7
66889,7
66890,7
66891,7
66892,18
66893,18
66894,18
66895,18
66896,1
66896,92
66897,23
66898,18
66899,18
66900,66
66901,66
66902,66
66903,66
66904,66
66905,66
66906,66
66907,90
66908,37
66909,37
66910,109
66911,109
66912,109
66913,109
66914,109
66915,109
66916,109
66917,109
66918,109
66919,109
66920,109
66921,109
66922,109
66923,109
66924,109
66925,109
66926,109
66927,109
66928,109
66929,109
66930,109
66931,109
66932,109
66933,109
66934,18
66935,18
66936,18
66937,18
66938,44
66939,44
66940,32
66941,18
66942,109
66943,109
66944,109
66945,109
66946,105
66947,105
66948,46
66949,6
66950,18
66951,1
66951,37
66951,40
66951,92
66952,49
66956,49
66957,49
66958,49
66959,49
66960,49
66961,49
66962,49
66963,49
66964,33
66964,34
66965,18
66966,18
66969,92
66970,40
66971,40
66972,87
66973,59
66974,59
66975,18
66975,109
66976,18
66976,109
66977,18
66977,109
66978,34
66979,18
66980,18
66980,23
66981,18
66982,1
66982,37
66982,92
66983,18
66984,109
66985,109
66986,109
66987,70
66988,18
66989,18
66992,7
66993,7
66994,7
66995,7
66996,7
66997,7
66998,1
66998,43
66998,92
66999,1
66999,43
66999,92
67000,21
67001,21
67002,21
67003,7
67004,7
67005,7
67006,7
67007,92
67008,49
67009,49
67010,49
67011,49
67012,49
67013,23
67014,23
67015,23
67016,18
67016,23
67017,70
67018,70
67019,18
67021,87
67023,87
67024,87
67025,40
67026,77
67027,77
67028,77
67029,77
67030,77
67031,105
67032,105
67033,105
67034,33
67034,34
67035,18
67036,49
67037,49
67038,49
67039,60
67040,60
67041,60
67042,60
67043,60
67044,109
67045,109
67046,109
67047,109
67048,109
67049,109
67050,109
67051,109
67052,109
67053,109
67054,109
67055,109
67056,109
67063,49
67064,49
67065,49
67066,49
67067,49
67068,18
67069,18
67070,109
67071,1
67071,37
67071,92
67072,49
67073,49
67074,49
67075,18
67076,18
67077,33
67077,34
67078,8
67079,8
67080,18
67081,37
67082,18
67083,18
67084,18
67086,70
67087,1
67087,37
67087,92
67088,64
67089,64
67090,64
67091,64
67092,45
67093,23
67094,38
67095,32
67096,32
67097,32
67098,32
67099,32
67100,1
67100,37
67100,92
67101,77
67102,18
67102,23
67102,33
67102,34
67102,44
67102,77
67103,70
67104,44
67105,18
67105,23
67105,33
67105,34
67106,77
67107,1
67107,37
67107,40
67107,43
67107,92
67108,23
67109,23
67110,109
67111,109
67112,109
67113,109
67114,109
67115,109
67116,109
67117,109
67118,109
67120,10
67120,18
67121,59
67122,59
67123,59
67124,77
67125,77
67126,77
67127,77
67128,40
67128,43
67129,21
67130,21
67131,44
67132,44
67133,70
67134,70
67135,60
67136,60
67137,60
67138,66
67139,66
67140,66
67141,66
67142,18
67143,77
67144,7
67145,7
67146,7
67147,7
67148,77
67149,84
67150,71
67151,71
67152,71
67153,71
67154,71
67155,71
67156,71
67157,71
67158,71
67159,71
67160,71
67161,71
67162,71
67163,71
67165,71
67166,71
67167,71
67168,71
67169,71
67171,71
67172,71
67173,71
67174,71
67175,71
67176,71
67177,71
67178,23
67179,44
67180,44
67181,44
67182,71
67183,71
67184,71
67185,71
67186,71
67187,109
67188,92
67189,71
67190,71
67191,71
67192,71
67193,71
67194,71
67195,71
67196,71
67197,71
67198,71
67199,71
67200,71
67201,71
67202,71
67203,71
67204,71
67205,46
67206,46
67211,77
67212,77
67213,77
67214,77
67215,77
67216,23
67217,23
67218,37
67219,18
67220,18
67221,18
67222,45
67223,45
67224,45
67225,70
67232,66
67238,18
67239,46
67240,46
67241,46
67242,38
67243,38
67245,32
67246,23
67247,23
67248,23
67249,23
67250,32
67251,32
67252,32
67253,7
67254,7
67255,109
67256,23
67257,23
67258,23
67259,23
67260,18
67260,33
67260,34
67265,37
67265,40
67265,43
67265,92
67266,37
67266,40
67266,43
67266,92
67267,1
67267,37
67267,40
67267,43
67267,92
67268,37
67268,40
67268,43
67268,92
67269,37
67269,40
67269,43
67269,92
67270,1
67270,37
67270,40
67270,43
67270,92
67272,71
67273,48
67274,48
67275,48
67276,48
67277,48
67278,14
67279,32
67279,109
67280,32
67280,109
67281,32
67281,109
67282,32
67282,109
67283,32
67283,109
67284,32
67284,109
67285,32
67285,109
67286,32
67286,109
67287,32
67287,109
67288,32
67288,109
67289,32
67289,109
67290,32
67290,109
67291,33
67291,34
67292,70
67293,23
67294,35
67295,35
67296,35
67297,35
67298,35
67299,35
67300,35
67301,35
67302,40
67302,43
67302,77
67303,40
67303,43
67303,77
67304,40
67304,43
67304,77
67305,40
67305,43
67305,77
67306,40
67306,43
67306,77
67307,40
67307,43
67307,77
67308,44
67309,40
67309,77
67310,18
67311,18
67312,33
67312,34
67313,18
67314,23
67315,32
67315,44
67315,59
67315,105
67316,32
67316,44
67316,59
67316,105
67317,32
67317,44
67317,59
67317,105
67318,23
67319,109
67320,109
67321,109
67322,109
67323,109
67324,21
67325,66
67326,66
67327,66
67328,97
67329,97
67330,97
67331,97
67332,109
67333,109
67334,109
67335,8
67336,109
67337,23
67338,18
67338,93
67339,44
67340,44
67350,32
67351,35
67356,37
67356,71
67357,1
67357,27
67357,43
67357,56
67357,92
67358,59
67374,71
67375,71
67376,71
67377,77
67378,23
67379,40
67379,43
67380,21
67381,21
67382,21
67383,21
67384,21
67385,21
67386,21
67387,21
67388,18
67389,7
67390,7
67391,7
67392,18
67393,18
67394,49
67395,18
67396,18
67397,18
67398,1
67398,37
67398,40
67398,43
67398,92
67399,64
67400,64
67401,40
67401,43
67401,77
67403,32
67404,32
67405,97
67406,97
67407,97
67408,97
67409,97
67410,32
67411,32
67412,32
67413,32
67414,32
67415,32
67416,32
67417,32
67418,32
67419,18
67420,33
67420,34
67421,97
67422,97
67423,97
67424,97
67425,103
67427,18
67427,44
67428,23
67429,18
67429,44
67430,18
67430,44
67431,18
67431,44
67432,18
67432,44
67433,18
67433,44
67434,18
67434,44
67435,18
67435,44
67436,18
67436,44
67437,18
67437,44
67438,18
67438,44
67439,109
67441,18
67442,109
67443,109
67444,109
67445,109
67446,109
67447,109
67449,32
67450,32
67451,32
67452,32
67453,32
67454,32
67455,32
67456,32
67457,32
67458,32
67459,32
67460,32
67461,32
67462,32
67463,32
67464,32
67465,32
67466,32
67467,32
67468,32
67469,32
67470,32
67471,32
67472,32
67473,109
67474,60
67475,60
67476,59
67477,56
67477,77
67478,7
67479,7
67480,7
67481,7
67482,7
67483,7
67486,1
67486,37
67486,40
67486,92
67488,1
67488,43
67488,92
67489,1
67489,43
67489,92
67490,1
67490,43
67490,92
67491,77
67492,6
67493,6
67494,6
67495,23
67495,44
67497,40
67497,43
67498,40
67498,43
67499,40
67499,43
67500,57
67501,57
67502,57
67503,49
67504,49
67505,49
67506,49
67507,49
67508,49
67509,49
67510,49
67511,49
67512,49
67513,49
67514,49
67515,49
67516,23
67517,77
67518,77
67519,77
67522,18
67522,23
67523,21
67524,23
67525,44
67526,44
67528,44
67529,23
67530,73
67531,109
67532,109
67533,109
67534,109
67535,109
67536,109
67537,109
67538,109
67539,109
67540,109
67541,109
67542,109
67543,109
67545,109
67546,109
67547,109
67548,18
67548,77
67551,104
67552,104
67553,104
67554,33
67554,34
67555,18
67556,18
67557,21
67558,21
67559,21
67560,7
67561,7
67562,7
67563,7
67564,7
67565,7
67566,7
67567,7
67568,7
67569,7
67570,46
67571,46
67573,7
67574,23
67575,32
67576,32
67577,44
67578,23
67579,77
67580,18
67581,18
67582,18
67583,18
67584,18
67585,18
67586,18
67587,18
67588,18
67589,37
67591,109
67592,109
67593,109
67594,109
67595,109
67596,109
67597,109
67598,109
67599,109
67600,109
67601,109
67602,109
67603,109
67604,109
67605,109
67606,59
67607,1
67607,77
67607,92
67608,44
67609,21
67610,21
67611,21
67612,18
67613,77
67614,37
67614,92
67615,1
67615,37
67615,92
67616,37
67616,92
67617,97
67618,33
67618,34
67619,33
67619,34
67620,33
67620,34
67621,33
67621,34
67622,18
67623,23
67624,33
67624,34
67625,64
67626,64
67627,45
67628,45
67629,109
67630,109
67631,109
67632,109
67633,109
67634,43
67635,21
67636,21
67637,21
67638,21
67639,21
67640,77
67641,33
67641,34
67642,33
67642,34
67643,33
67643,34
67644,77
67645,40
67645,77
67646,40
67646,77
67647,44
67648,44
67649,44
67650,21
67651,21
67652,21
67653,21
67654,21
67655,21
67656,32
67657,32
67658,32
67659,32
67660,32
67661,32
67662,32
67663,32
67664,32
67665,32
67666,18
67667,23
67668,23
67669,23
67670,23
67671,21
67672,21
67673,77
67676,18
67677,18
67678,23
67679,32
67679,70
67680,32
67680,70
67681,70
67682,70
67683,70
67684,70
67685,1
67685,77
67685,92
67686,64
67687,64
67688,54
67689,54
67690,54
67691,54
67692,54
67693,54
67694,54
67695,54
67696,18
67697,18
67698,18
67699,105
67702,59
67703,59
67704,59
67705,21
67706,21
67709,27
67709,56
67709,92
67710,27
67710,56
67710,77
67711,21
67712,21
67713,27
67713,56
67713,87
67713,92
67714,8
67715,7
67716,7
67717,7
67718,7
67719,7
67720,7
67721,18
67721,23
67721,33
67721,34
67722,1
67722,37
67722,92
67723,14
67724,32
67725,54
67726,49
67727,49
67728,103
67729,109
67730,109
67731,109
67737,7
67738,7
67739,7
67740,7
67744,7
67745,7
67746,7
67747,7
67748,7
67749,7
67750,7
67751,7
67752,49
67753,64
67754,66
67755,66
67756,40
67756,43
67756,77
67757,23
67758,77
67759,44
67760,18
67761,18
67762,23
67764,14
67765,14
67766,14
67767,32
67767,33
67767,34
67768,77
67769,77
67770,37
67771,37
67772,18
67772,23
67772,33
67772,34
67773,33
67774,33
67774,34
67775,44
67775,48
67776,44
67776,48
67777,44
67777,48
67778,44
67778,48
67779,44
67779,48
67780,44
67780,48
67781,44
67781,48
67782,44
67782,48
67783,44
67783,48
67784,44
67784,48
67785,44
67785,48
67786,44
67786,48
67787,23
67788,23
67789,23
67790,23
67791,23
67792,44
67792,48
67793,21
67794,56
67794,77
67795,56
67795,77
67796,56
67796,77
67797,56
67797,77
67798,56
67798,77
67799,56
67799,77
67800,18
67800,37
67800,44
67801,18
67801,37
67801,44
67802,18
67803,54
67804,54
67805,18
67806,18
67807,18
67808,33
67808,34
67809,33
67809,34
67810,33
67810,34
67811,33
67811,34
67812,33
67812,34
67813,33
67813,34
67814,33
67814,34
67817,32
67818,32
67819,95
67820,1
67820,37
67820,40
67820,43
67822,18
67822,23
67823,18
67824,18
67825,32
67826,109
67827,18
67828,109
67829,109
67830,109
67831,109
67832,109
67833,109
67835,44
67836,44
67837,109
67838,109
67839,109
67840,109
67841,109
67842,109
67843,109
67844,109
67845,109
67846,109
67847,109
67848,109
67849,109
67850,109
67851,109
67852,33
67852,34
67853,77
67854,37
67854,40
67854,77
67855,18
67855,34
67856,43
67856,92
67857,54
67858,54
67859,54
67860,18
67861,18
67862,44
67863,44
67864,44
67865,44
67866,44
67867,44
67868,44
67869,44
67870,44
67871,44
67872,18
67873,56
67873,92
67874,23
67875,23
67876,23
67877,92
67878,92
67879,92
67880,92
67881,49
67882,49
67883,49
67884,18
67885,18
67886,77
67887,18
67887,23
67887,44
67888,77
67889,77
67890,7
67891,18
67891,23
67891,44
67892,70
67893,70
67894,70
67895,70
67897,32
67898,33
67898,34
67899,54
67900,54
67901,54
67902,54
67903,54
67904,54
67905,54
67906,18
67907,23
67908,77
67909,77
67910,77
67911,71
67912,18
67913,18
67914,18
67915,18
67916,21
67917,21
67918,23
67919,18
67919,44
67920,77
67921,77
67922,77
67928,77
67929,7
67930,7
67931,59
67932,59
67933,59
67934,59
67935,59
67936,59
67937,59
67938,59
67939,109
67940,59
67941,59
67942,59
67943,59
67944,59
67945,59
67946,59
67947,59
67949,7
67950,7
67951,7
67952,7
67953,7
67955,23
67955,32
67959,1
67960,23
67961,6
67964,27
67964,43
67965,27
67965,43
67966,27
67966,43
67967,18
67967,44
67968,18
67968,44
67969,18
67969,44
67970,18
67970,44
67971,18
67971,44
67972,18
67972,44
67973,18
67973,44
67974,18
67974,44
67975,18
67975,44
67976,77
67977,77
67978,77
67979,18
67980,49
67981,49
67982,49
67983,49
67984,1
67984,37
67984,40
67984,43
67984,92
67985,1
67985,37
67985,40
67985,43
67985,92
67986,1
67986,37
67986,40
67986,43
67986,92
67987,1
67987,37
67987,40
67987,43
67987,92
67989,59
67990,59
67991,59
67992,59
67993,59
67994,59
67995,59
67996,59
67997,59
67998,59
68000,49
68001,1
68001,37
68001,40
68001,43
68001,92
68002,1
68002,37
68002,40
68002,43
68002,92
68003,1
68003,37
68003,40
68003,43
68003,92
68004,1
68004,37
68004,40
68004,43
68004,92
68005,23
68006,70
68007,18
68007,33
68007,34
68008,18
68009,44
68010,32
68011,44
68012,18
68013,18
68014,18
68015,18
68016,18
68017,18
68018,18
68019,18
68020,18
68021,1
68021,37
68021,40
68021,77
68021,92
68022,1
68022,37
68022,40
68022,77
68022,92
68025,18
68026,18
68028,77
68029,70
68030,70
68031,70
68032,70
68033,70
68038,1
68038,40
68038,43
68038,92
68039,1
68039,40
68039,43
68039,92
68040,1
68040,40
68040,43
68040,92
68041,1
68041,40
68041,43
68041,92
68042,1
68042,40
68042,43
68042,92
68043,59
68044,59
68045,18
68046,18
68047,23
68048,23
68049,23
68050,1
68050,43
68050,92
68051,1
68051,43
68051,92
68052,1
68052,43
68052,92
68053,1
68053,43
68053,92
68054,1
68054,43
68054,92
68055,1
68055,43
68055,92
68056,1
68056,43
68056,92
68057,21
68058,33
68059,21
68061,33
68062,18
68063,40
68063,77
68064,87
68065,18
68068,77
68069,40
68070,40
68071,18
68072,109
68073,58
68074,58
68075,58
68076,58
68077,108
68078,108
68079,45
68080,18
68081,18
68082,18
68083,18
68084,18
68085,18
68086,54
68087,54
68088,54
68089,54
68090,18
68090,44
68091,109
68092,109
68093,109
68094,48
68095,48
68096,48
68097,48
68098,48
68099,48
68100,48
68101,48
68102,48
68103,48
68104,48
68105,48
68106,48
68107,48
68112,23
68113,23
68114,23
68115,23
68116,23
68117,95
68118,95
68119,95
68120,58
68121,23
68122,77
68123,64
68124,64
68125,109
68126,38
68127,97
68128,97
68129,97
68130,97
68131,105
68132,105
68133,105
68134,57
68135,32
68136,6
68137,6
68138,56
68138,77
68139,109
68140,109
68141,109
68142,109
68143,109
68144,109
68145,109
68146,109
68147,109
68148,109
68149,109
68150,109
68151,23
68151,32
68152,23
68152,32
68153,18
68154,18
68155,18
68156,18
68157,18
68158,18
68159,18
68160,18
68161,18
68162,18
68163,18
68164,18
68165,18
68166,18
68167,18
68169,8
68169,18
68171,34
68172,34
68173,34
68174,34
68175,34
68176,32
68177,32
68178,32
68179,70
68180,70
68181,70
68182,70
68184,18
68185,70
68186,70
68187,66
68188,54
68189,54
68190,18
68191,40
68191,74
68192,40
68192,77
68193,21
68194,21
68195,33
68196,33
68197,33
68198,33
68199,18
68200,71
68201,71
68202,71
68203,71
68204,44
68205,92
68206,21
68207,21
68208,37
68209,37
68210,37
68211,37
68213,32
68214,40
68214,43
68216,97
68217,97
68218,97
68219,97
68220,23
68220,44
68221,23
68221,44
68222,23
68222,44
68223,23
68224,1
68224,37
68224,40
68224,43
68224,92
68225,1
68225,37
68225,40
68225,43
68225,92
68226,1
68226,37
68226,40
68226,43
68226,92
68227,1
68227,37
68227,40
68227,43
68227,92
68228,109
68229,109
68230,71
68231,71
68232,71
68233,105
68234,95
68235,23
68236,18
68236,32
68237,18
68238,54
68239,109
68240,109
68241,109
68242,1
68242,37
68242,40
68242,43
68242,92
68243,1
68243,37
68243,40
68243,43
68243,92
68244,1
68244,37
68244,40
68244,43
68244,92
68245,18
68245,23
68246,34
68248,18
68249,43
68250,109
68251,109
68252,18
68253,18
68254,18
68255,18
68256,45
68257,44
68258,44
68259,44
68259,49
68260,49
68261,49
68262,49
68263,44
68263,49
68264,37
68265,37
68266,37
68267,37
68268,70
68269,70
68270,70
68271,70
68272,18
68273,1
68273,27
68273,56
68273,92
68274,1
68274,27
68274,56
68274,92
68275,1
68275,27
68275,56
68275,92
68276,1
68276,27
68276,56
68276,92
68278,18
68279,18
68280,18
68281,18
68282,18
68283,18
68284,18
68285,18
68286,18
68287,18
68288,23
68289,21
68290,56
68290,77
68291,71
68292,71
68293,23
68294,18
68295,77
68296,7
68297,7
68298,7
68299,7
68300,7
68301,7
68302,7
68303,45
68304,18
68305,18
68305,23
68306,77
68307,77
68308,77
68309,77
68310,49
68311,1
68311,92
68312,1
68312,92
68313,1
68313,92
68314,1
68314,92
68315,32
68316,32
68317,40
68318,18
68319,18
68319,44
68323,18
68324,6
68325,6
68326,6
68327,23
68328,6
68329,6
68330,18
68331,18
68332,18
68333,18
68334,18
68336,18
68337,18
68338,18
68339,18
68340,70
68341,70
68342,70
68343,70
68344,70
68345,70
68346,105
68347,105
68348,105
68350,23
68351,92
68352,92
68353,92
68354,92
68355,32
68356,32
68357,32
68358,32
68359,32
68360,32
68361,32
68366,23
68366,32
68367,34
68367,44
68368,33
68368,44
68369,52
68370,8
68371,8
68372,8
68374,40
68374,43
68375,18
68375,93
68376,33
68376,34
68377,33
68377,34
68378,33
68378,34
68379,33
68379,34
68380,33
68380,34
68381,33
68381,34
68382,45
68383,45
68384,45
68385,45
68386,77
68387,70
68388,70
68389,70
68390,70
68391,70
68392,70
68393,70
68394,49
68395,49
68396,1
68396,92
68397,21
68398,21
68399,21
68401,21
68402,21
68403,1
68403,37
68403,40
68403,77
68403,92
68404,18
68404,44
68405,12
68406,49
68407,49
68408,49
68409,49
68410,49
68411,49
68412,49
68413,18
68414,18
68415,18
68416,18
68417,18
68418,34
68419,34
68422,77
68423,77
68424,33
68424,34
68425,77
68426,18
68427,18
68428,49
68429,49
68430,21
68431,21
68432,21
68434,18
68434,23
68435,50
68436,50
68437,6
68438,40
68438,43
68439,37
68440,37
68441,37
68442,37
68452,44
68453,1
68453,37
68453,40
68453,43
68453,92
68454,23
68455,71
68456,18
68457,18
68458,45
68459,45
68460,45
68461,23
68462,23
68463,7
68464,7
68465,7
68466,7
68467,7
68468,7
68469,18
68470,77
68471,77
68472,87
68473,87
68474,103
68475,70
68476,70
68477,70
68478,70
68479,70
68480,21
68482,32
68483,32
68484,32
68485,32
68486,32
68487,71
68488,32
68489,32
68490,18
68491,18
68492,18
68493,44
68494,6
68495,46
68496,46
68497,18
68498,18
68501,64
68502,64
68503,64
68504,64
68505,64
68506,44
68507,44
68508,18
68508,23
68508,33
68509,32
68510,32
68511,32
68512,18
68513,18
68514,44
68515,18
68515,34
68529,70
68530,70
68531,70
68532,44
68533,64
68534,33
68534,44
68535,33
68535,44
68536,18
68537,33
68537,34
68538,105
68542,23
68544,108
68545,108
68546,108
68547,109
68548,109
68549,109
68550,109
68551,109
68552,77
68553,77
68554,77
68555,77
68556,109
68557,109
68558,109
68559,109
68560,109
68561,40
68561,43
68561,77
68562,23
68563,59
68564,59
68565,59
68566,59
68567,59
68568,109
68569,109
68570,109
68571,6
68572,6
68573,23
68574,23
68575,49
68576,23
68576,32
68577,23
68577,32
68578,77
68579,95
68580,95
68581,95
68582,95
68583,95
68584,95
68585,95
68586,95
68587,95
68588,95
68589,95
68590,77
68591,77
68592,18
68592,34
68593,7
68594,98
68595,87
68596,44
68597,103
68598,98
68599,98
68600,98
68601,98
68602,98
68603,98
68604,98
68605,98
68606,98
68613,77
68614,59
68615,59
68616,33
68616,34
68617,33
68617,34
68618,33
68618,34
68619,33
68619,34
68620,33
68620,34
68621,18
68622,18
68623,18
68624,33
68624,44
68625,45
68626,45
68630,45
68631,33
68632,34
68633,95
68634,95
68635,95
68636,18
68637,18
68644,105
68644,109
68645,105
68645,109
68646,32
68647,33
68647,44
68648,95
68649,95
68650,95
68651,95
68652,56
68652,92
68653,59
68654,59
68655,59
68656,59
68657,59
68658,59
68659,59
68660,23
68660,32
68661,23
68661,32
68662,18
68663,18
68664,18
68665,18
68666,18
68667,18
68668,18
68669,18
68670,18
68671,109
68672,37
68673,37
68674,77
68675,44
68676,44
68677,23
68678,23
68679,33
68680,95
68681,95
68682,95
68683,95
68684,70
68685,21
68686,21
68687,21
68688,32
68693,32
68694,32
68697,18
68698,18
68699,18
68700,70
68701,70
68702,70
68703,70
68704,77
68705,77
68706,77
68707,77
68708,77
68709,77
68710,87
68711,87
68712,87
68713,87
68714,87
68715,46
68732,92
68734,23
68734,44
68735,109
68736,43
68737,21
68738,21
68739,21
68740,21
68741,21
68742,21
68744,44
68745,18
68746,23
68747,40
68747,43
68747,77
68748,77
68749,77
68750,77
68751,77
68752,77
68753,77
68754,77
68755,77
68756,77
68757,77
68758,103
68759,27
68759,43
68759,56
68760,48
68761,48
68762,48
68763,48
68764,48
68765,48
68766,48
68767,48
68768,48
68769,48
68770,48
68771,48
68772,48
68773,48
68774,48
68775,48
68776,48
68777,59
68778,59
68779,59
68780,59
68781,59
68782,109
68783,109
68784,109
68785,109
68786,109
68787,109
68788,109
68789,44
68790,45
68791,45
68792,45
68793,45
68794,109
68795,109
68796,109
68797,109
68798,109
68799,109
68800,109
68801,109
68802,109
68803,109
68804,109
68807,109
68808,33
68809,23
68809,49
68810,48
68811,23
68812,77
68813,18
68814,18
68819,32
68819,109
68820,32
68820,109
68821,32
68822,32
68822,109
68823,32
68824,109
68825,109
68826,109
68827,109
68828,109
68829,109
68830,109
68831,109
68832,109
68833,18
68834,44
68835,44
68836,44
68837,44
68838,44
68839,55
68840,18
68840,23
68840,34
68841,23
68842,23
68843,23
68844,21
68845,21
68846,21
68847,21
68848,21
68849,21
68850,21
68851,87
68852,87
68853,21
68854,21
68855,21
68860,21
68879,21
68880,21
68885,44
68886,44
68887,44
68888,21
68889,95
68890,44
68891,44
68892,44
68893,44
68894,44
68895,44
68896,44
68897,44
68898,44
68899,44
68900,44
68901,109
68902,109
68903,109
68904,109
68905,34
68907,70
68908,70
68909,70
68910,70
68911,70
68912,70
68913,18
68913,23
68914,18
68915,18
68916,18
68917,18
68918,18
68918,23
68919,18
68920,109
68921,6
68922,49
68923,49
68924,1
68924,37
68924,40
68924,77
68924,92
68925,43
68925,92
68926,32
68927,32
68928,32
68929,32
68930,32
68930,109
68931,32
68932,32
68933,32
68934,32
68935,32
68935,109
68936,32
68937,32
68938,71
68939,71
68940,71
68941,71
68942,97
68943,97
68944,97
68945,97
68946,97
68947,49
68948,49
68949,33
68949,34
68950,33
68950,34
68951,33
68951,34
68952,33
68952,34
68953,49
68954,49
68955,32
68957,59
68958,59
68959,59
68961,23
68962,23
68963,40
68963,43
68963,77
68966,23
68967,18
68968,18
68969,18
68970,18
68971,109
68972,109
68973,109
68974,109
68975,109
68976,109
68977,109
68978,109
68979,109
68980,23
68981,7
68982,18
68983,18
68984,18
68985,18
68986,18
68987,18
68988,18
68989,18
68990,18
68991,109
68992,109
68993,109
68994,109
68995,109
68996,18
68996,23
68997,18
68997,23
68998,109
68999,109
69000,109
69001,109
69002,109
69003,109
69004,109
69005,109
69006,109
69007,58
69008,58
69009,58
69010,58
69011,58
69012,73
69014,7
69015,7
69016,7
69017,7
69018,7
69022,32
69023,32
69024,21
69025,21
69026,21
69027,21
69028,21
69029,77
69030,77
69031,77
69032,77
69034,40
69034,77
69035,40
69035,77
69036,23
69037,32
69038,33
69039,33
69040,21
69041,21
69042,97
69043,97
69044,97
69045,97
69046,97
69047,97
69048,97
69049,97
69050,97
69051,97
69052,18
69053,23
69054,109
69055,109
69056,109
69057,77
69058,45
69059,45
69060,45
69061,45
69062,45
69063,45
69064,23
69065,18
69066,18
69067,18
69068,18
69069,18
69070,18
69074,55
69075,55
69076,55
69077,55
69078,55
69079,55
69080,33
69080,34
69081,77
69082,77
69083,49
69084,49
69085,49
69086,59
69087,45
69088,45
69089,45
69090,45
69091,45
69092,45
69093,56
69093,77
69094,56
69094,77
69095,56
69095,77
69096,56
69096,77
69097,34
69098,34
69099,49
69100,56
69100,77
69101,56
69101,77
69102,56
69102,77
69103,56
69103,77
69104,56
69104,77
69105,56
69105,77
69106,56
69106,77
69107,56
69107,77
69108,56
69108,77
69109,56
69109,77
69110,1
69110,92
69113,23
69114,23
69115,23
69116,23
69117,23
69118,23
69119,18
69120,18
69121,18
69122,18
69123,18
69124,23
69125,23
69125,49
69126,23
69126,49
69127,109
69128,109
69130,40
69130,43
69131,23
69132,18
69133,18
69134,18
69135,18
69136,52
69137,52
69138,52
69139,87
69140,44
69143,23
69144,18
69144,23
69145,18
69145,23
69146,18
69146,23
69147,18
69147,23
69148,23
69149,7
69150,7
69151,7
69152,7
69153,7
69154,7
69155,7
69156,18
69156,93
69157,18
69157,93
69158,18
69159,40
69159,43
69160,40
69160,43
69161,40
69161,43
69164,44
69165,44
69166,44
69166,59
69167,44
69167,59
69168,18
69168,93
69169,18
69169,93
69170,18
69170,93
69172,49
69173,49
69174,49
69175,34
69176,23
69176,44
69177,23
69178,23
69178,44
69179,23
69179,44
69180,23
69180,44
69181,23
69181,44
69182,77
69184,18
69185,21
69186,105
69187,105
69188,105
69189,49
69190,49
69191,49
69192,49
69193,49
69194,49
69195,18
69196,109
69197,109
69198,109
69199,109
69200,109
69201,109
69202,44
69203,23
69203,44
69204,23
69204,44
69205,77
69206,77
69207,77
69208,77
69209,103
69210,1
69210,92
69211,1
69211,92
69212,1
69212,92
69213,1
69213,92
69214,1
69214,92
69215,64
69216,64
69217,64
69218,64
69219,64
69220,64
69221,64
69222,64
69223,1
69223,92
69224,1
69224,92
69225,1
69225,92
69226,1
69226,92
69227,70
69233,18
69233,33
69234,18
69234,34
69235,18
69235,34
69236,18
69236,33
69237,18
69237,34
69238,8
69239,8
69240,8
69241,8
69242,8
69243,45
69244,45
69245,49
69246,27
69246,43
69247,32
69249,18
69250,66
69251,49
69252,18
69253,23
69254,23
69254,32
69255,32
69256,21
69259,18
69259,109
69260,18
69260,93
69261,18
69262,18
69263,43
69264,43
69265,7
69266,7
69267,7
69268,7
69269,7
69270,7
69271,7
69276,18
69277,7
69278,70
69279,70
69280,70
69281,70
69282,30
69283,32
69284,77
69285,77
69286,77
69287,77
69288,77
69289,77
69290,32
69291,32
69292,32
69293,32
69294,23
69295,23
69296,23
69297,23
69298,21
69299,21
69300,21
69301,21
69302,23
69303,23
69304,18
69305,18
69306,18
69307,18
69308,105
69309,105
69310,105
69311,105
69312,18
69315,8
69316,8
69317,8
69320,27
69320,56
69323,77
69324,77
69325,77
69326,77
69327,77
69328,77
69329,18
69330,49
69331,18
69332,18
69333,21
69334,21
69335,21
69336,21
69337,21
69338,21
69339,21
69340,32
69341,32
69342,32
69343,8
69344,8
69345,8
69346,8
69347,8
69348,43
69348,77
69349,43
69349,77
69350,23
69351,23
69352,18
69353,77
69354,32
69355,70
69356,70
69360,70
69361,70
69362,45
69365,18
69365,64
69366,18
69366,64
69367,18
69367,64
69368,18
69368,64
69369,18
69369,64
69370,18
69370,64
69371,8
69372,18
69372,34
69372,44
69376,33
69376,34
69377,33
69377,34
69378,77
69381,70
69382,70
69383,70
69384,70
69385,70
69386,70
69387,70
69388,27
69388,43
69388,56
69389,27
69389,43
69389,56
69390,7
69391,7
69392,7
69393,7
69394,7
69395,7
69396,7
69397,7
69400,87
69401,59
69402,21
69403,21
69404,34
69405,44
69406,27
69406,43
69406,56
69412,49
69413,49
69414,49
69415,49
69422,21
69423,21
69424,21
69425,21
69426,21
69427,18
69427,93
69428,18
69428,93
69429,23
69430,18
69430,23
69431,21
69432,21
69433,21
69434,21
69435,21
69436,18
69437,18
69438,18
69441,18
69442,23
69447,18
69448,18
69449,97
69450,103
69451,103
69452,103
69453,103
69454,103
69455,103
69456,18
69462,109
69463,97
69464,97
69465,97
69466,97
69467,97
69468,97
69469,97
69470,70
69471,70
69472,70
69473,70
69474,70
69475,70
69476,70
69477,70
69478,70
69479,70
69482,23
69483,23
69484,23
69485,23
69486,23
69487,23
69488,23
69489,23
69490,23
69491,23
69492,23
69493,23
69494,23
69495,23
69496,23
69497,23
69498,23
69499,23
69501,8
69502,43
69502,77
69503,43
69503,77
69504,43
69504,77
69505,18
69506,18
69507,18
69508,18
69509,18
69510,18
69511,18
69512,18
69513,18
69514,32
69515,32
69516,109
69517,18
69517,49
69518,27
69518,43
69518,56
69519,23
69519,34
69520,32
69520,34
69521,23
69522,23
69523,23
69524,23
69525,23
69526,23
69527,23
69529,44
69530,32
69531,32
69532,32
69533,32
69534,32
69535,32
69536,32
69537,32
69538,109
69539,109
69540,109
69541,109
69542,109
69543,109
69544,109
69545,109
69546,109
69547,109
69548,1
69548,37
69548,92
69549,1
69549,37
69549,92
69550,1
69550,37
69550,92
69551,1
69551,37
69551,92
69552,43
69553,43
69554,109
69555,109
69556,109
69557,109
69558,109
69559,77
69560,77
69561,77
69562,77
69563,77
69564,77
69565,32
69566,32
69567,18
69568,18
69569,18
69570,18
69571,18
69572,18
69573,32
69574,32
69575,32
69576,32
69577,32
69578,32
69579,32
69580,32
69581,109
69582,49
69583,49
69584,49
69586,109
69587,109
69588,109
69589,109
69590,109
69591,109
69592,109
69593,109
69594,109
69595,109
69596,109
69597,109
69598,109
69599,109
69600,109
69601,109
69602,109
69603,109
69604,109
69605,109
69606,109
69607,37
69608,37
69609,109
69610,109
69611,109
69612,109
69613,109
69614,109
69615,109
69617,109
69618,109
69619,109
69620,109
69621,109
69623,23
69623,44
69624,23
69624,44
69626,27
69626,43
69626,56
69627,21
69628,23
69632,75
69633,75
69634,12
69635,32
69636,32
69637,32
69638,10
69639,10
69640,10
69641,44
69642,23
69643,23
69644,23
69645,23
69646,49
69647,34
69648,8
69649,8
69650,8
69651,18
69652,49
69654,21
69655,8
69656,32
69657,32
69658,32
69659,77
69660,77
69661,77
69662,77
69663,109
69664,109
69665,109
69667,23
69668,21
69669,21
69670,77
69671,77
69672,40
69673,103
69674,103
69683,109
69684,1
69684,37
69684,92
69685,14
69686,14
69687,18
69687,93
69688,18
69688,93
69689,18
69689,93
69695,70
69696,32
69696,70
69697,32
69697,70
69698,32
69698,70
69699,32
69699,70
69702,77
69703,77
69704,77
69705,71
69706,23
69711,21
69712,21
69713,21
69714,21
69715,21
69716,21
69717,21
69718,21
69719,21
69720,21
69721,21
69722,18
69725,21
69728,18
69729,32
69729,109
69730,70
69731,70
69732,70
69738,27
69738,56
69743,109
69744,18
69745,70
69746,44
69747,18
69747,44
69748,44
69749,44
69750,44
69751,44
69752,23
69752,44
69753,18
69753,44
69753,59
69754,28
69755,28
69756,37
69757,44
69758,44
69759,44
69760,37
69761,37
69762,37
69763,37
69764,37
69765,18
69766,37
69767,44
69768,18
69769,18
69770,18
69771,59
69772,59
69774,1
69774,37
69774,92
69775,18
69775,93
69776,18
69776,93
69777,77
69778,18
69779,18
69780,18
69781,43
69781,77
69782,77
69783,77
69784,77
69785,77
69786,77
69794,98
69795,49
69796,23
69797,58
69805,13
69806,13
69807,37
69807,71
69808,37
69808,71
69809,37
69809,71
69810,37
69810,71
69811,37
69811,71
69812,37
69812,71
69813,18
69814,18
69815,77
69816,77
69823,37
69824,37
69825,37
69827,77
69828,92
69830,18
69832,23
69833,44
69834,44
69835,38
69836,38
69837,38
69838,38
69839,18
69840,18
69841,18
69842,21
69843,21
69844,21
69845,18
69845,23
69846,18
69846,23
69847,18
69847,23
69848,109
69849,44
69850,49
69851,18
69852,44
69853,77
69854,18
69854,32
69855,23
69855,34
69857,77
69859,18
69859,44
69859,59
69860,44
69860,59
69861,44
69861,59
69862,44
69862,59
69863,44
69863,59
69864,44
69864,59
69865,18
69865,59
69866,18
69866,44
69866,59
69867,18
69867,44
69867,59
69868,44
69868,59
69869,18
69869,44
69869,59
69870,44
69870,59
69871,59
69872,34
69873,32
69874,32
69875,18
69876,18
69878,18
69878,44
69879,18
69879,44
69880,18
69881,18
69882,18
69883,18
69884,21
69885,18
69886,87
69891,109
69892,109
69893,109
69894,109
69895,109
69896,64
69897,64
69898,64
69899,64
69911,21
69912,21
69913,21
69914,77
69915,77
69916,77
69917,77
69918,77
69919,64
69920,59
69921,59
69922,59
69923,59
69924,59
69925,59
69926,59
69927,59
69928,59
69929,59
69930,77
69931,21
69932,21
69933,21
69934,21
69935,18
69935,32
69936,18
69936,33
69937,18
69937,33
69938,18
69938,33
69939,18
69939,33
69940,18
69940,33
69941,40
69941,43
69941,77
69944,109
69945,109
69946,109
69947,109
69948,109
69949,109
69950,109
69951,44
69952,18
69953,77
69954,8
69956,77
69957,18
69957,23
69957,34
69958,23
69959,109
69960,109
69961,109
69962,109
69963,109
69964,109
69965,109
69966,109
69967,23
69968,23
69969,23
69970,37
69970,67
69970,71
69971,77
69975,109
69976,37
69976,92
69977,1
69977,37
69977,40
69977,92
69978,1
69978,37
69978,40
69978,92
69979,7
69980,7
69981,7
69982,7
69983,7
69984,7
69985,7
69986,109
69987,109
69988,109
69989,109
69990,109
69991,109
69992,109
69993,109
69994,23
69994,44
69994,109
69995,71
69996,71
69997,32
69998,32
69999,32
70000,32
70001,18
70005,23
70006,7
70007,109
70008,18
70008,33
70008,34
70009,34
70010,27
70010,43
70010,56
70011,21
70012,21
70013,21
70014,109
70015,109
70016,21
70017,33
70018,33
70019,34
70021,21
70026,32
70027,32
70028,43
70029,43
70030,33
70030,34
70031,71
70040,32
70040,109
70041,32
70042,32
70045,37
70046,37
70047,37
70048,37
70049,38
70063,18
70064,18
70065,8
70066,18
70067,18
70079,33
70079,44
70080,35
70081,35
70082,97
70083,44
70084,49
70085,49
70086,49
70089,23
70090,23
70091,33
70091,44
70092,44
70097,109
70098,109
70099,43
70100,43
70101,43
70102,43
70104,67
70106,23
70107,23
70108,23
70108,44
70109,77
70110,77
70112,77
70114,14
70115,109
70116,109
70117,109
70118,109
70119,109
70120,109
70121,109
70122,109
70123,109
70124,109
70125,109
70126,109
70127,109
70128,109
70129,109
70130,18
70131,77
70132,33
70133,33
70133,34
70136,18
70137,18
70138,18
70139,18
70140,18
70141,18
70142,18
70143,18
70144,18
70145,44
70146,44
70147,59
70148,18
70149,18
70150,18
70151,18
70152,18
70153,18
70154,18
70155,18
70156,18
70157,18
70162,109
70163,18
70165,92
70166,92
70167,77
70168,18
70169,18
70170,18
70171,18
70172,18
70173,18
70174,18
70175,18
70176,18
70177,44
70178,44
70179,44
70181,18
70181,44
70182,18
70182,44
70183,109
70184,21
70185,21
70186,21
70187,1
70187,43
70187,92
70188,7
70189,18
70189,109
70190,18
70190,109
70191,18
70191,109
70192,18
70192,109
70193,18
70193,109
70194,18
70194,109
70195,18
70195,109
70196,18
70196,109
70197,18
70197,109
70198,18
70198,109
70199,18
70199,109
70200,18
70200,109
70201,18
70201,109
70202,18
70202,109
70203,18
70203,109
70204,18
70204,109
70205,18
70205,109
70206,18
70206,109
70207,7
70208,7
70209,7
70210,7
70211,37
70212,37
70213,6
70214,44
70215,92
70216,21
70217,6
70218,6
70219,23
70220,23
70221,23
70222,77
70223,77
70224,77
70226,7
70227,18
70227,23
70227,34
70227,44
70227,77
70228,70
70229,70
70230,70
70231,21
70232,18
70236,109
70237,109
70238,109
70239,109
70240,8
70241,59
70242,59
70243,59
70244,59
70245,59
70246,59
70247,59
70248,59
70249,59
70250,59
70251,59
70252,59
70253,44
70257,18
70257,23
70257,34
70258,18
70258,23
70258,34
70259,18
70260,37
70261,46
70263,34
70264,34
70265,34
70266,34
70267,32
70269,32
70273,32
70275,77
70276,77
70277,89
70278,77
70279,18
70280,18
70281,18
70282,8
70283,8
70284,8
70285,8
70286,8
70287,37
70288,37
70289,50
70290,18
70295,40
70295,43
70296,18
70297,18
70298,18
70299,18
70300,33
70300,34
70301,33
70301,34
70302,33
70302,34
70303,33
70303,34
70304,44
70305,18
70306,32
70308,23
70310,23
70311,18
70311,44
70312,77
70313,70
70314,70
70315,70
70316,70
70317,70
70318,70
70319,18
70320,18
70321,59
70322,59
70323,59
70324,59
70325,59
70326,59
70327,59
70328,59
70329,59
70330,59
70331,59
70332,59
70333,59
70334,59
70335,59
70336,59
70337,59
70338,59
70339,59
70340,59
70341,59
70342,59
70343,59
70344,59
70345,59
70346,59
70347,59
70348,59
70349,18
70349,33
70350,18
70350,33
70351,18
70351,33
70352,18
70352,33
70353,18
70353,33
70354,105
70355,18
70355,44
70356,21
70358,103
70364,34
70365,1
70365,43
70365,92
70367,23
70368,23
70370,71
70371,40
70371,43
70372,50
70376,105
70377,105
70378,32
70379,32
70380,32
70381,33
70382,33
70383,33
70384,33
70385,33
70386,44
70387,44
70388,44
70389,44
70390,44
70391,44
70392,109
70393,21
70394,21
70395,7
70396,38
70397,77
70398,77
70399,77
70400,77
70401,7
70402,7
70403,21
70404,46
70405,46
70406,46
70407,45
70408,45
70409,45
70410,45
70411,45
70412,45
70413,45
70414,45
70415,49
70416,49
70417,49
70418,49
70422,23
70423,23
70424,21
70425,21
70426,21
70427,21
70428,44
70429,44
70430,44
70431,44
70432,44
70433,44
70434,55
70435,109
70436,109
70437,109
70438,109
70439,109
70440,109
70441,109
70442,109
70443,109
70444,109
70445,109
70446,109
70447,109
70449,71
70450,32
70451,1
70451,92
70452,12
70457,18
70458,18
70459,18
70460,18
70461,18
70462,33
70462,70
70462,109
70463,33
70463,70
70463,109
70464,33
70464,70
70464,109
70465,33
70465,70
70466,70
70466,109
70467,18
70467,33
70468,18
70468,33
70469,18
70469,33
70469,93
70470,18
70470,33
70471,18
70471,33
70472,32
70473,32
70474,32
70477,18
70477,44
70478,32
70480,7
70481,7
70484,18
70484,23
70485,18
70488,32
70489,49
70490,49
70491,77
70492,77
70493,77
70494,77
70495,77
70496,18
70497,18
70498,18
70499,18
70500,59
70501,23
70501,33
70502,23
70502,33
70503,23
70503,33
70504,23
70504,33
70505,23
70505,33
70506,23
70506,33
70507,59
70508,59
70509,109
70511,44
70512,44
70513,44
70514,44
70515,44
70516,44
70517,44
70518,43
70519,44
70520,44
70521,44
70522,44
70523,44
70524,44
70525,44
70526,44
70527,44
70532,44
70533,44
70534,44
70537,33
70537,34
70538,21
70539,32
70540,18
70541,18
70542,109
70543,109
70544,109
70545,49
70546,49
70547,49
70548,49
70549,1
70549,77
70549,92
70550,1
70550,77
70550,92
70552,16
70553,16
70554,18
70555,109
70556,109
70557,109
70558,109
70559,59
70560,59
70561,59
70562,59
70563,59
70564,59
70565,59
70566,56
70566,77
70567,21
70568,21
70569,21
70570,21
70571,18
70572,18
70574,37
70574,71
70575,44
70576,44
70577,92
70578,92
70579,49
70580,49
70581,18
70582,18
70583,37
70583,77
70584,23
70585,77
70586,37
70587,18
70587,23
70589,59
70590,59
70591,59
70592,59
70593,59
70594,59
70595,77
70596,77
70597,77
70598,23
70599,23
70600,23
70602,18
70602,93
70603,18
70603,93
70604,1
70604,37
70604,40
70604,43
70604,92
70606,18
70607,18
70608,32
70608,33
70609,32
70609,33
70610,32
70610,33
70611,32
70611,33
70612,32
70612,33
70613,32
70613,33
70615,18
70616,18
70617,49
70618,71
70619,109
70620,23
70621,7
70622,7
70623,7
70624,7
70625,21
70626,21
70627,109
70628,109
70629,109
70630,77
70631,18
70635,21
70636,14
70637,14
70644,49
70645,21
70648,71
70649,59
70650,59
70651,21
70652,21
70653,18
70654,23
70654,44
70655,23
70656,23
70657,23
70657,44
70658,70
70659,70
70660,70
70661,70
70662,6
70663,18
70664,1
70664,37
70664,40
70664,92
70665,21
70666,6
70667,109
70668,70
70669,70
70670,70
70671,70
70672,70
70673,70
70674,43
70675,43
70676,43
70678,21
70679,21
70680,21
70681,21
70682,21
70683,21
70684,21
70685,95
70686,95
70687,95
70688,95
70689,95
70690,95
70691,95
70692,23
70693,44
70694,44
70695,44
70698,77
70700,23
70700,32
70701,23
70701,32
70702,23
70702,32
70703,32
70704,23
70704,32
70705,23
70705,32
70706,23
70706,32
70707,23
70707,32
70708,23
70708,32
70709,23
70709,44
70710,95
70711,95
70712,109
70713,109
70714,109
70715,49
70716,18
70717,18
70718,18
70719,32
70719,77
70720,32
70720,77
70723,18
70724,77
70725,32
70729,21
70730,109
70731,18
70732,18
70733,18
70734,34
70735,59
70737,18
70737,33
70737,34
70738,18
70739,18
70740,18
70741,18
70742,43
70743,71
70744,71
70745,71
70746,71
70747,71
70748,71
70749,71
70750,71
70751,64
70752,64
70753,64
70754,32
70755,105
70756,105
70757,44
70758,23
70759,18
70759,23
70760,48
70761,48
70762,48
70763,48
70764,48
70765,48
70766,48
70767,43
70768,6
70769,6
70770,6
70771,23
70772,34
70773,33
70773,34
70774,33
70774,34
70775,33
70775,34
70776,33
70776,34
70777,33
70777,34
70778,33
70778,34
70779,33
70779,34
70780,33
70780,34
70781,77
70782,77
70783,77
70784,77
70785,77
70786,77
70787,21
70788,34
70789,23
70790,23
70791,59
70792,59
70793,59
70794,59
70795,59
70796,59
70797,18
70798,18
70799,44
70800,44
70801,44
70802,44
70803,44
70804,44
70805,44
70807,21
70808,43
70808,77
70809,59
70810,59
70811,59
70812,59
70813,18
70814,32
70816,18
70817,44
70818,34
70820,32
70821,18
70825,109
70826,109
70827,109
70828,109
70829,14
70830,14
70831,14
70832,70
70833,70
70834,70
70835,70
70836,18
70837,18
70838,23
70839,23
70840,34
70841,34
70842,34
70843,34
70844,34
70845,34
70846,34
70847,71
70848,71
70849,71
70850,71
70851,71
70852,71
70853,58
70854,58
70855,58
70856,58
70857,87
70859,6
70859,37
70859,40
70859,92
70860,44
70860,109
70861,23
70861,44
70862,44
70863,44
70864,44
70865,44
70866,44
70867,44
70868,23
70869,18
70870,18
70871,18
70872,23
70873,18
70874,18
70875,18
70876,18
70877,18
70878,32
70879,71
70880,71
70881,71
70882,71
70883,71
70884,71
70885,71
70886,71
70887,49
70887,70
70888,49
70888,70
70889,44
70890,77
70891,77
70892,77
70893,77
70894,77
70895,23
70897,49
70898,32
70899,32
70899,103
70900,103
70901,103
70902,32
70902,33
70902,34
70902,44
70903,59
70904,59
70906,27
70906,56
70906,92
70907,105
70909,21
70910,21
70911,103
70912,103
70913,23
70914,70
70915,70
70916,70
70917,49
70917,70
70918,49
70918,70
70919,49
70919,70
70920,49
70920,70
70921,49
70921,70
70922,49
70922,70
70923,49
70923,70
70924,49
70924,70
70925,49
70925,70
70926,10
70927,10
70928,71
70929,71
70930,71
70931,32
70932,21
70933,21
70934,18
70935,58
70936,58
70937,18
70938,18
70939,18
70940,7
70941,7
70942,7
70943,7
70944,7
70945,7
70946,7
70947,34
70948,18
70948,49
70949,70
70950,21
70951,49
70952,37
70953,37
70954,71
70955,71
70956,71
70957,71
70958,71
70959,6
70960,77
70961,77
70962,23
70963,18
70964,18
70965,18
70966,18
70967,18
70967,23
70968,77
70969,70
70970,70
70971,77
70972,23
70973,23
70974,23
70975,23
70976,23
70977,23
70978,23
70979,23
70980,49
70981,49
70982,49
70983,49
70984,49
70985,21
70986,21
70987,21
70988,109
70989,109
70990,109
70991,109
70992,109
70993,109
70994,109
70995,109
70996,109
70997,109
70998,109
70999,109
71000,109
71001,109
71002,109
71003,109
71009,27
71009,56
71009,92
71010,8
71011,70
71012,70
71013,70
71014,70
71015,70
71016,33
71016,34
71017,33
71017,34
71018,33
71018,34
71019,34
71020,34
71021,33
71022,33
71023,33
71024,33
71025,32
71026,18
71027,18
71028,23
71029,23
71030,77
71031,77
71032,77
71033,77
71034,77
71035,77
71036,77
71037,77
71038,77
71039,77
71040,77
71041,77
71042,77
71043,77
71044,52
71045,52
71046,52
71047,59
71048,59
71052,23
71053,77
71054,44
71055,49
71056,77
71057,109
71058,77
71059,77
71060,77
71061,77
71062,77
71063,77
71064,77
71065,77
71066,77
71069,18
71069,23
71071,27
71072,27
71073,27
71074,27
71075,77
71076,44
71077,44
71078,49
71079,34
71080,21
71081,77
71082,77
71083,21
71085,7
71086,7
71087,7
71088,18
71088,23
71089,18
71089,44
71090,59
71091,109
71092,95
71093,18
71094,18
71095,18
71096,18
71097,18
71098,18
71099,21
71100,77
71102,21
71103,21
71104,21
71105,21
71106,77
71107,21
71108,21
71109,21
71110,109
71111,109
71112,109
71113,109
71114,109
71115,109
71116,109
71117,109
71118,109
71119,109
71120,109
71121,109
71122,109
71123,109
71124,109
71125,7
71126,7
71127,7
71128,49
71129,7
71130,23
71131,109
71132,109
71133,109
71134,109
71135,109
71136,18
71137,18
71138,70
71139,70
71140,70
71141,70
71142,70
71143,70
71144,33
71145,33
71146,44
71147,77
71148,49
71149,49
71150,49
71151,23
71152,23
71153,49
71157,49
71158,49
71160,49
71161,49
71162,49
71164,33
71165,33
71166,33
71167,33
71168,18
71169,18
71170,18
71173,18
71174,18
71175,7
71176,7
71177,7
71182,18
71184,1
71184,37
71184,92
71185,1
71185,37
71185,92
71186,1
71186,37
71186,92
71187,1
71187,37
71187,92
71188,18
71189,77
71190,33
71191,33
71192,33
71194,109
71195,109
71196,109
71197,109
71198,109
71199,23
71200,77
71201,77
71202,77
71203,77
71204,77
71205,77
71206,77
71207,77
71208,77
71209,77
71210,77
71213,57
71214,33
71219,77
71220,77
71221,77
71222,1
71222,37
71222,40
71222,43
71222,92
71223,1
71223,37
71223,40
71223,43
71223,92
71224,1
71224,37
71224,40
71224,43
71224,92
71225,37
71226,6
71227,37
71228,37
71229,77
71230,18
71231,44
71232,44
71233,44
71234,49
71235,77
71236,77
71237,77
71238,44
71239,44
71240,44
71241,44
71242,59
71243,59
71244,59
71245,59
71246,59
71247,23
71248,23
71249,23
71250,23
71251,23
71252,18
71253,44
71254,77
71255,18
71256,58
71257,58
71263,21
71264,77
71265,77
71266,27
71266,92
71267,77
71268,77
71269,8
71275,18
71276,18
71277,18
71278,23
71279,23
71280,23
71281,97
71282,97
71283,97
71284,97
71285,77
71286,44
71288,77
71289,18
71290,21
71291,18
71291,23
71293,23
71294,37
71295,37
71296,37
71297,44
71298,109
71299,56
71299,77
71300,18
71301,18
71302,38
71303,38
71304,38
71305,87
71306,1
71306,92
71309,33
71310,33
71311,44
71312,44
71313,44
71314,18
71314,93
71315,18
71315,93
71316,23
71320,70
71321,70
71322,70
71323,70
71324,70
71326,18
71327,23
71327,44
71328,105
71329,55
71330,55
71332,18
71337,109
71338,109
71339,56
71339,77
71340,56
71340,77
71341,56
71341,77
71346,44
71347,44
71348,44
71349,95
71352,30
71353,30
71354,33
71355,23
71363,48
71364,48
71365,48
71366,48
71367,48
71368,48
71369,48
71370,70
71371,70
71372,70
71373,70
71374,48
71375,48
71376,48
71377,48
71378,48
71379,48
71380,48
71381,48
71382,48
71383,48
71384,48
71385,48
71386,30
71387,23
71389,44
71390,44
71391,44
71392,35
71393,35
71394,64
71395,64
71396,64
71397,64
71398,64
71399,48
71400,18
71401,18
71402,52
71403,52
71404,52
71405,52
71406,18
71407,67
71408,59
71409,59
71410,59
71411,59
71412,59
71413,23
71414,71
71415,48
71416,48
71417,48
71418,48
71419,48
71420,48
71421,48
71422,48
71423,48
71424,48
71425,48
71426,48
71427,48
71428,48
71429,48
71430,48
71431,48
71432,48
71433,48
71434,48
71435,48
71436,48
71437,48
71438,48
71439,48
71440,48
71441,48
71442,48
71443,48
71444,48
71445,48
71446,48
71447,48
71448,18
71448,105
71449,48
71450,48
71451,48
71452,48
71453,55
71454,55
71455,55
71456,48
71457,48
71458,48
71459,48
71460,48
71461,48
71462,48
71463,48
71464,48
71465,48
71466,48
71467,48
71468,48
71469,48
71470,18
71471,70
71472,70
71473,70
71474,70
71475,70
71476,70
71477,109
71478,109
71479,109
71480,109
71481,109
71482,109
71483,109
71484,109
71485,109
71486,109
71487,109
71488,109
71489,109
71490,27
71490,43
71491,18
71491,93
71492,109
71493,18
71494,33
71494,34
71495,37
71496,37
71497,109
71498,109
71499,109
71500,109
71501,109
71502,109
71503,109
71504,109
71505,109
71506,109
71507,109
71508,109
71509,109
71510,21
71511,71
71512,71
71513,70
71514,37
71515,37
71516,37
71517,37
71518,37
71519,37
71520,37
71521,37
71522,37
71523,37
71524,37
71525,37
71526,37
71527,37
71528,37
71529,37
71530,37
71531,37
71532,37
71533,37
71534,37
71535,37
71536,37
71537,37
71538,109
71539,109
71540,109
71541,109
71542,109
71543,109
71544,109
71545,109
71546,109
71547,109
71548,109
71549,109
71550,109
71551,109
71552,109
71553,59
71554,109
71555,109
71556,109
71557,13
71558,18
71559,18
71560,1
71560,77
71560,92
71562,37
71566,38
71567,38
71568,38
71571,33
71572,33
71573,33
71575,40
71575,77
71575,92
71576,40
71576,77
71576,92
71577,18
71577,23
71578,18
71578,23
