id_tiempo,fecha,dia,mes,nombre_mes,trimestre,anio,tipo_fecha
1,2014-04-03,3,4,Abril,2,2014,INICIO_VIGENCIA
2,2020-12-15,15,12,Diciembre,4,2020,INICIO_VIGENCIA
3,2020-12-16,16,12,Diciembre,4,2020,INICIO_VIGENCIA
4,2021-07-20,20,7,Julio,3,2021,INICIO_VIGENCIA
5,2021-09-02,2,9,Septiembre,3,2021,INICIO_VIGENCIA
6,2021-10-18,18,10,Octubre,4,2021,INICIO_VIGENCIA
7,2022-01-24,24,1,Enero,1,2022,INICIO_VIGENCIA
8,2022-03-15,15,3,Marzo,1,2022,INICIO_VIGENCIA
9,2022-04-14,14,4,Abril,2,2022,INICIO_VIGENCIA
10,2022-04-26,26,4,Abril,2,2022,INICIO_VIGENCIA
11,2022-04-28,28,4,Abril,2,2022,INICIO_VIGENCIA
12,2022-06-07,7,6,Junio,2,2022,INICIO_VIGENCIA
13,2022-09-07,7,9,Septiembre,3,2022,INICIO_VIGENCIA
14,2022-09-08,8,9,Septiembre,3,2022,INICIO_VIGENCIA
15,2022-09-09,9,9,Septiembre,3,2022,INICIO_VIGENCIA
16,2022-09-13,13,9,Septiembre,3,2022,INICIO_VIGENCIA
17,2022-09-14,14,9,Septiembre,3,2022,INICIO_VIGENCIA
18,2022-09-15,15,9,Septiembre,3,2022,INICIO_VIGENCIA
19,2022-09-19,19,9,Septiembre,3,2022,INICIO_VIGENCIA
20,2022-09-20,20,9,Septiembre,3,2022,INICIO_VIGENCIA
21,2022-09-21,21,9,Septiembre,3,2022,INICIO_VIGENCIA
22,2022-09-23,23,9,Septiembre,3,2022,INICIO_VIGENCIA
23,2022-09-26,26,9,Septiembre,3,2022,INICIO_VIGENCIA
24,2022-09-28,28,9,Septiembre,3,2022,INICIO_VIGENCIA
25,2022-10-17,17,10,Octubre,4,2022,INICIO_VIGENCIA
26,2023-05-17,17,5,Mayo,2,2023,INICIO_VIGENCIA
27,2023-05-26,26,5,Mayo,2,2023,INICIO_VIGENCIA
28,2023-05-27,27,5,Mayo,2,2023,INICIO_VIGENCIA
29,2023-05-28,28,5,Mayo,2,2023,INICIO_VIGENCIA
30,2023-05-29,29,5,Mayo,2,2023,INICIO_VIGENCIA
31,2023-05-30,30,5,Mayo,2,2023,INICIO_VIGENCIA
32,2023-05-31,31,5,Mayo,2,2023,INICIO_VIGENCIA
33,2023-06-01,1,6,Junio,2,2023,INICIO_VIGENCIA
34,2023-06-02,2,6,Junio,2,2023,INICIO_VIGENCIA
35,2023-06-03,3,6,Junio,2,2023,INICIO_VIGENCIA
36,2023-06-04,4,6,Junio,2,2023,INICIO_VIGENCIA
37,2023-06-05,5,6,Junio,2,2023,INICIO_VIGENCIA
38,2023-06-06,6,6,Junio,2,2023,INICIO_VIGENCIA
39,2023-06-07,7,6,Junio,2,2023,INICIO_VIGENCIA
40,2023-06-08,8,6,Junio,2,2023,INICIO_VIGENCIA
41,2023-06-09,9,6,Junio,2,2023,INICIO_VIGENCIA
42,2023-06-10,10,6,Junio,2,2023,INICIO_VIGENCIA
43,2023-06-11,11,6,Junio,2,2023,INICIO_VIGENCIA
44,2023-06-12,12,6,Junio,2,2023,INICIO_VIGENCIA
45,2023-06-13,13,6,Junio,2,2023,INICIO_VIGENCIA
46,2023-06-14,14,6,Junio,2,2023,INICIO_VIGENCIA
47,2023-06-15,15,6,Junio,2,2023,INICIO_VIGENCIA
48,2023-06-16,16,6,Junio,2,2023,INICIO_VIGENCIA
49,2023-06-17,17,6,Junio,2,2023,INICIO_VIGENCIA
50,2023-06-18,18,6,Junio,2,2023,INICIO_VIGENCIA
51,2023-06-19,19,6,Junio,2,2023,INICIO_VIGENCIA
52,2023-06-20,20,6,Junio,2,2023,INICIO_VIGENCIA
53,2023-06-21,21,6,Junio,2,2023,INICIO_VIGENCIA
54,2023-06-22,22,6,Junio,2,2023,INICIO_VIGENCIA
55,2023-06-23,23,6,Junio,2,2023,INICIO_VIGENCIA
56,2023-06-24,24,6,Junio,2,2023,INICIO_VIGENCIA
57,2023-06-25,25,6,Junio,2,2023,INICIO_VIGENCIA
58,2023-06-26,26,6,Junio,2,2023,INICIO_VIGENCIA
59,2023-06-27,27,6,Junio,2,2023,INICIO_VIGENCIA
60,2023-06-28,28,6,Junio,2,2023,INICIO_VIGENCIA
61,2023-06-29,29,6,Junio,2,2023,INICIO_VIGENCIA
62,2023-06-30,30,6,Junio,2,2023,INICIO_VIGENCIA
63,2023-07-01,1,7,Julio,3,2023,INICIO_VIGENCIA
64,2023-07-02,2,7,Julio,3,2023,INICIO_VIGENCIA
65,2023-07-03,3,7,Julio,3,2023,INICIO_VIGENCIA
66,2023-07-04,4,7,Julio,3,2023,INICIO_VIGENCIA
67,2023-07-05,5,7,Julio,3,2023,INICIO_VIGENCIA
68,2023-07-06,6,7,Julio,3,2023,INICIO_VIGENCIA
69,2023-07-07,7,7,Julio,3,2023,INICIO_VIGENCIA
70,2023-07-08,8,7,Julio,3,2023,INICIO_VIGENCIA
71,2023-07-09,9,7,Julio,3,2023,INICIO_VIGENCIA
72,2023-07-10,10,7,Julio,3,2023,INICIO_VIGENCIA
73,2023-07-11,11,7,Julio,3,2023,INICIO_VIGENCIA
74,2023-07-12,12,7,Julio,3,2023,INICIO_VIGENCIA
75,2023-07-13,13,7,Julio,3,2023,INICIO_VIGENCIA
76,2023-07-14,14,7,Julio,3,2023,INICIO_VIGENCIA
77,2023-07-15,15,7,Julio,3,2023,INICIO_VIGENCIA
78,2023-07-16,16,7,Julio,3,2023,INICIO_VIGENCIA
79,2023-07-17,17,7,Julio,3,2023,INICIO_VIGENCIA
80,2023-07-18,18,7,Julio,3,2023,INICIO_VIGENCIA
81,2023-07-19,19,7,Julio,3,2023,INICIO_VIGENCIA
82,2023-07-20,20,7,Julio,3,2023,INICIO_VIGENCIA
83,2023-07-21,21,7,Julio,3,2023,INICIO_VIGENCIA
84,2023-07-22,22,7,Julio,3,2023,INICIO_VIGENCIA
85,2023-07-23,23,7,Julio,3,2023,INICIO_VIGENCIA
86,2023-07-24,24,7,Julio,3,2023,INICIO_VIGENCIA
87,2023-07-25,25,7,Julio,3,2023,INICIO_VIGENCIA
88,2023-07-26,26,7,Julio,3,2023,INICIO_VIGENCIA
89,2023-07-27,27,7,Julio,3,2023,INICIO_VIGENCIA
90,2023-07-28,28,7,Julio,3,2023,INICIO_VIGENCIA
91,2023-07-29,29,7,Julio,3,2023,INICIO_VIGENCIA
92,2023-07-30,30,7,Julio,3,2023,INICIO_VIGENCIA
93,2023-07-31,31,7,Julio,3,2023,INICIO_VIGENCIA
94,2023-08-01,1,8,Agosto,3,2023,INICIO_VIGENCIA
95,2023-08-02,2,8,Agosto,3,2023,INICIO_VIGENCIA
96,2023-08-03,3,8,Agosto,3,2023,INICIO_VIGENCIA
97,2023-08-04,4,8,Agosto,3,2023,INICIO_VIGENCIA
98,2023-08-05,5,8,Agosto,3,2023,INICIO_VIGENCIA
99,2023-08-06,6,8,Agosto,3,2023,INICIO_VIGENCIA
100,2023-08-07,7,8,Agosto,3,2023,INICIO_VIGENCIA
101,2023-08-08,8,8,Agosto,3,2023,INICIO_VIGENCIA
102,2023-08-09,9,8,Agosto,3,2023,INICIO_VIGENCIA
103,2023-08-10,10,8,Agosto,3,2023,INICIO_VIGENCIA
104,2023-08-11,11,8,Agosto,3,2023,INICIO_VIGENCIA
105,2023-08-12,12,8,Agosto,3,2023,INICIO_VIGENCIA
106,2023-08-13,13,8,Agosto,3,2023,INICIO_VIGENCIA
107,2023-08-14,14,8,Agosto,3,2023,INICIO_VIGENCIA
108,2023-08-15,15,8,Agosto,3,2023,INICIO_VIGENCIA
109,2023-08-16,16,8,Agosto,3,2023,INICIO_VIGENCIA
110,2023-08-17,17,8,Agosto,3,2023,INICIO_VIGENCIA
111,2023-08-18,18,8,Agosto,3,2023,INICIO_VIGENCIA
112,2023-08-19,19,8,Agosto,3,2023,INICIO_VIGENCIA
113,2023-08-20,20,8,Agosto,3,2023,INICIO_VIGENCIA
114,2023-08-21,21,8,Agosto,3,2023,INICIO_VIGENCIA
115,2023-08-22,22,8,Agosto,3,2023,INICIO_VIGENCIA
116,2023-08-23,23,8,Agosto,3,2023,INICIO_VIGENCIA
117,2023-08-24,24,8,Agosto,3,2023,INICIO_VIGENCIA
118,2023-08-25,25,8,Agosto,3,2023,INICIO_VIGENCIA
119,2023-08-26,26,8,Agosto,3,2023,INICIO_VIGENCIA
120,2023-08-27,27,8,Agosto,3,2023,INICIO_VIGENCIA
121,2023-08-28,28,8,Agosto,3,2023,INICIO_VIGENCIA
122,2023-08-29,29,8,Agosto,3,2023,INICIO_VIGENCIA
123,2023-08-30,30,8,Agosto,3,2023,INICIO_VIGENCIA
124,2023-08-31,31,8,Agosto,3,2023,INICIO_VIGENCIA
125,2023-09-01,1,9,Septiembre,3,2023,INICIO_VIGENCIA
126,2023-09-02,2,9,Septiembre,3,2023,INICIO_VIGENCIA
127,2023-09-03,3,9,Septiembre,3,2023,INICIO_VIGENCIA
128,2023-09-04,4,9,Septiembre,3,2023,INICIO_VIGENCIA
129,2023-09-05,5,9,Septiembre,3,2023,INICIO_VIGENCIA
130,2023-09-06,6,9,Septiembre,3,2023,INICIO_VIGENCIA
131,2023-09-07,7,9,Septiembre,3,2023,INICIO_VIGENCIA
132,2023-09-08,8,9,Septiembre,3,2023,INICIO_VIGENCIA
133,2023-09-09,9,9,Septiembre,3,2023,INICIO_VIGENCIA
134,2023-09-10,10,9,Septiembre,3,2023,INICIO_VIGENCIA
135,2023-09-11,11,9,Septiembre,3,2023,INICIO_VIGENCIA
136,2023-09-12,12,9,Septiembre,3,2023,INICIO_VIGENCIA
137,2023-09-13,13,9,Septiembre,3,2023,INICIO_VIGENCIA
138,2023-09-14,14,9,Septiembre,3,2023,INICIO_VIGENCIA
139,2023-09-15,15,9,Septiembre,3,2023,INICIO_VIGENCIA
140,2023-09-16,16,9,Septiembre,3,2023,INICIO_VIGENCIA
141,2023-09-17,17,9,Septiembre,3,2023,INICIO_VIGENCIA
142,2023-09-18,18,9,Septiembre,3,2023,INICIO_VIGENCIA
143,2023-09-19,19,9,Septiembre,3,2023,INICIO_VIGENCIA
144,2023-09-20,20,9,Septiembre,3,2023,INICIO_VIGENCIA
145,2023-09-21,21,9,Septiembre,3,2023,INICIO_VIGENCIA
146,2023-09-22,22,9,Septiembre,3,2023,INICIO_VIGENCIA
147,2023-09-23,23,9,Septiembre,3,2023,INICIO_VIGENCIA
148,2023-09-24,24,9,Septiembre,3,2023,INICIO_VIGENCIA
149,2023-09-25,25,9,Septiembre,3,2023,INICIO_VIGENCIA
150,2023-09-26,26,9,Septiembre,3,2023,INICIO_VIGENCIA
151,2023-09-27,27,9,Septiembre,3,2023,INICIO_VIGENCIA
152,2023-09-28,28,9,Septiembre,3,2023,INICIO_VIGENCIA
153,2023-09-29,29,9,Septiembre,3,2023,INICIO_VIGENCIA
154,2023-09-30,30,9,Septiembre,3,2023,INICIO_VIGENCIA
155,2023-10-01,1,10,Octubre,4,2023,INICIO_VIGENCIA
156,2023-10-02,2,10,Octubre,4,2023,INICIO_VIGENCIA
157,2023-10-03,3,10,Octubre,4,2023,INICIO_VIGENCIA
158,2023-10-04,4,10,Octubre,4,2023,INICIO_VIGENCIA
159,2023-10-05,5,10,Octubre,4,2023,INICIO_VIGENCIA
160,2023-10-06,6,10,Octubre,4,2023,INICIO_VIGENCIA
161,2023-10-07,7,10,Octubre,4,2023,INICIO_VIGENCIA
162,2023-10-08,8,10,Octubre,4,2023,INICIO_VIGENCIA
163,2023-10-09,9,10,Octubre,4,2023,INICIO_VIGENCIA
164,2023-10-10,10,10,Octubre,4,2023,INICIO_VIGENCIA
165,2023-10-11,11,10,Octubre,4,2023,INICIO_VIGENCIA
166,2023-10-12,12,10,Octubre,4,2023,INICIO_VIGENCIA
167,2023-10-13,13,10,Octubre,4,2023,INICIO_VIGENCIA
168,2023-10-14,14,10,Octubre,4,2023,INICIO_VIGENCIA
169,2023-10-15,15,10,Octubre,4,2023,INICIO_VIGENCIA
170,2023-10-16,16,10,Octubre,4,2023,INICIO_VIGENCIA
171,2023-10-17,17,10,Octubre,4,2023,INICIO_VIGENCIA
172,2023-10-18,18,10,Octubre,4,2023,INICIO_VIGENCIA
173,2023-10-19,19,10,Octubre,4,2023,INICIO_VIGENCIA
174,2023-10-20,20,10,Octubre,4,2023,INICIO_VIGENCIA
175,2023-10-21,21,10,Octubre,4,2023,INICIO_VIGENCIA
176,2023-10-22,22,10,Octubre,4,2023,INICIO_VIGENCIA
177,2023-10-23,23,10,Octubre,4,2023,INICIO_VIGENCIA
178,2023-10-24,24,10,Octubre,4,2023,INICIO_VIGENCIA
179,2023-10-25,25,10,Octubre,4,2023,INICIO_VIGENCIA
180,2023-10-26,26,10,Octubre,4,2023,INICIO_VIGENCIA
181,2023-10-27,27,10,Octubre,4,2023,INICIO_VIGENCIA
182,2023-10-28,28,10,Octubre,4,2023,INICIO_VIGENCIA
183,2023-10-29,29,10,Octubre,4,2023,INICIO_VIGENCIA
184,2023-10-30,30,10,Octubre,4,2023,INICIO_VIGENCIA
185,2023-10-31,31,10,Octubre,4,2023,INICIO_VIGENCIA
186,2023-11-01,1,11,Noviembre,4,2023,INICIO_VIGENCIA
187,2023-11-02,2,11,Noviembre,4,2023,INICIO_VIGENCIA
188,2023-11-03,3,11,Noviembre,4,2023,INICIO_VIGENCIA
189,2023-11-04,4,11,Noviembre,4,2023,INICIO_VIGENCIA
190,2023-11-05,5,11,Noviembre,4,2023,INICIO_VIGENCIA
191,2023-11-06,6,11,Noviembre,4,2023,INICIO_VIGENCIA
192,2023-11-07,7,11,Noviembre,4,2023,INICIO_VIGENCIA
193,2023-11-08,8,11,Noviembre,4,2023,INICIO_VIGENCIA
194,2023-11-09,9,11,Noviembre,4,2023,INICIO_VIGENCIA
195,2023-11-10,10,11,Noviembre,4,2023,INICIO_VIGENCIA
196,2023-11-11,11,11,Noviembre,4,2023,INICIO_VIGENCIA
197,2023-11-12,12,11,Noviembre,4,2023,INICIO_VIGENCIA
198,2023-11-13,13,11,Noviembre,4,2023,INICIO_VIGENCIA
199,2023-11-14,14,11,Noviembre,4,2023,INICIO_VIGENCIA
200,2023-11-15,15,11,Noviembre,4,2023,INICIO_VIGENCIA
201,2023-11-16,16,11,Noviembre,4,2023,INICIO_VIGENCIA
202,2023-11-17,17,11,Noviembre,4,2023,INICIO_VIGENCIA
203,2023-11-18,18,11,Noviembre,4,2023,INICIO_VIGENCIA
204,2023-11-19,19,11,Noviembre,4,2023,INICIO_VIGENCIA
205,2023-11-20,20,11,Noviembre,4,2023,INICIO_VIGENCIA
206,2023-11-21,21,11,Noviembre,4,2023,INICIO_VIGENCIA
207,2023-11-22,22,11,Noviembre,4,2023,INICIO_VIGENCIA
208,2023-11-23,23,11,Noviembre,4,2023,INICIO_VIGENCIA
209,2023-11-24,24,11,Noviembre,4,2023,INICIO_VIGENCIA
210,2023-11-25,25,11,Noviembre,4,2023,INICIO_VIGENCIA
211,2023-11-26,26,11,Noviembre,4,2023,INICIO_VIGENCIA
212,2023-11-27,27,11,Noviembre,4,2023,INICIO_VIGENCIA
213,2023-11-28,28,11,Noviembre,4,2023,INICIO_VIGENCIA
214,2023-11-29,29,11,Noviembre,4,2023,INICIO_VIGENCIA
215,2023-11-30,30,11,Noviembre,4,2023,INICIO_VIGENCIA
216,2023-12-01,1,12,Diciembre,4,2023,INICIO_VIGENCIA
217,2023-12-02,2,12,Diciembre,4,2023,INICIO_VIGENCIA
218,2023-12-03,3,12,Diciembre,4,2023,INICIO_VIGENCIA
219,2023-12-04,4,12,Diciembre,4,2023,INICIO_VIGENCIA
220,2023-12-05,5,12,Diciembre,4,2023,INICIO_VIGENCIA
221,2023-12-06,6,12,Diciembre,4,2023,INICIO_VIGENCIA
222,2023-12-07,7,12,Diciembre,4,2023,INICIO_VIGENCIA
223,2023-12-08,8,12,Diciembre,4,2023,INICIO_VIGENCIA
224,2023-12-09,9,12,Diciembre,4,2023,INICIO_VIGENCIA
225,2023-12-10,10,12,Diciembre,4,2023,INICIO_VIGENCIA
226,2023-12-11,11,12,Diciembre,4,2023,INICIO_VIGENCIA
227,2023-12-12,12,12,Diciembre,4,2023,INICIO_VIGENCIA
228,2023-12-13,13,12,Diciembre,4,2023,INICIO_VIGENCIA
229,2023-12-14,14,12,Diciembre,4,2023,INICIO_VIGENCIA
230,2023-12-15,15,12,Diciembre,4,2023,INICIO_VIGENCIA
231,2023-12-16,16,12,Diciembre,4,2023,INICIO_VIGENCIA
232,2023-12-17,17,12,Diciembre,4,2023,INICIO_VIGENCIA
233,2023-12-18,18,12,Diciembre,4,2023,INICIO_VIGENCIA
234,2023-12-19,19,12,Diciembre,4,2023,INICIO_VIGENCIA
235,2023-12-20,20,12,Diciembre,4,2023,INICIO_VIGENCIA
236,2023-12-21,21,12,Diciembre,4,2023,INICIO_VIGENCIA
237,2023-12-22,22,12,Diciembre,4,2023,INICIO_VIGENCIA
238,2023-12-23,23,12,Diciembre,4,2023,INICIO_VIGENCIA
239,2023-12-24,24,12,Diciembre,4,2023,INICIO_VIGENCIA
240,2023-12-25,25,12,Diciembre,4,2023,INICIO_VIGENCIA
241,2023-12-26,26,12,Diciembre,4,2023,INICIO_VIGENCIA
242,2023-12-27,27,12,Diciembre,4,2023,INICIO_VIGENCIA
243,2023-12-28,28,12,Diciembre,4,2023,INICIO_VIGENCIA
244,2023-12-29,29,12,Diciembre,4,2023,INICIO_VIGENCIA
245,2023-12-30,30,12,Diciembre,4,2023,INICIO_VIGENCIA
246,2023-12-31,31,12,Diciembre,4,2023,INICIO_VIGENCIA
247,2024-01-01,1,1,Enero,1,2024,INICIO_VIGENCIA
248,2024-01-02,2,1,Enero,1,2024,INICIO_VIGENCIA
249,2024-01-03,3,1,Enero,1,2024,INICIO_VIGENCIA
250,2024-01-04,4,1,Enero,1,2024,INICIO_VIGENCIA
251,2024-01-05,5,1,Enero,1,2024,INICIO_VIGENCIA
252,2024-01-06,6,1,Enero,1,2024,INICIO_VIGENCIA
253,2024-01-07,7,1,Enero,1,2024,INICIO_VIGENCIA
254,2024-01-08,8,1,Enero,1,2024,INICIO_VIGENCIA
255,2024-01-09,9,1,Enero,1,2024,INICIO_VIGENCIA
256,2024-01-10,10,1,Enero,1,2024,INICIO_VIGENCIA
257,2024-01-11,11,1,Enero,1,2024,INICIO_VIGENCIA
258,2024-01-12,12,1,Enero,1,2024,INICIO_VIGENCIA
259,2024-01-13,13,1,Enero,1,2024,INICIO_VIGENCIA
260,2024-01-14,14,1,Enero,1,2024,INICIO_VIGENCIA
261,2024-01-15,15,1,Enero,1,2024,INICIO_VIGENCIA
262,2024-01-16,16,1,Enero,1,2024,INICIO_VIGENCIA
263,2024-01-17,17,1,Enero,1,2024,INICIO_VIGENCIA
264,2024-01-18,18,1,Enero,1,2024,INICIO_VIGENCIA
265,2024-01-19,19,1,Enero,1,2024,INICIO_VIGENCIA
266,2024-01-20,20,1,Enero,1,2024,INICIO_VIGENCIA
267,2024-01-21,21,1,Enero,1,2024,INICIO_VIGENCIA
268,2024-01-22,22,1,Enero,1,2024,INICIO_VIGENCIA
269,2024-01-23,23,1,Enero,1,2024,INICIO_VIGENCIA
270,2024-01-24,24,1,Enero,1,2024,INICIO_VIGENCIA
271,2024-01-25,25,1,Enero,1,2024,INICIO_VIGENCIA
272,2024-01-26,26,1,Enero,1,2024,INICIO_VIGENCIA
273,2024-01-27,27,1,Enero,1,2024,INICIO_VIGENCIA
274,2024-01-28,28,1,Enero,1,2024,INICIO_VIGENCIA
275,2024-01-29,29,1,Enero,1,2024,INICIO_VIGENCIA
276,2024-01-30,30,1,Enero,1,2024,INICIO_VIGENCIA
277,2024-01-31,31,1,Enero,1,2024,INICIO_VIGENCIA
278,2024-02-01,1,2,Febrero,1,2024,INICIO_VIGENCIA
279,2024-02-02,2,2,Febrero,1,2024,INICIO_VIGENCIA
280,2024-02-03,3,2,Febrero,1,2024,INICIO_VIGENCIA
281,2024-02-04,4,2,Febrero,1,2024,INICIO_VIGENCIA
282,2024-02-05,5,2,Febrero,1,2024,INICIO_VIGENCIA
283,2024-02-06,6,2,Febrero,1,2024,INICIO_VIGENCIA
284,2024-02-07,7,2,Febrero,1,2024,INICIO_VIGENCIA
285,2024-02-08,8,2,Febrero,1,2024,INICIO_VIGENCIA
286,2024-02-09,9,2,Febrero,1,2024,INICIO_VIGENCIA
287,2024-02-10,10,2,Febrero,1,2024,INICIO_VIGENCIA
288,2024-02-11,11,2,Febrero,1,2024,INICIO_VIGENCIA
289,2024-02-12,12,2,Febrero,1,2024,INICIO_VIGENCIA
290,2024-02-13,13,2,Febrero,1,2024,INICIO_VIGENCIA
291,2024-02-14,14,2,Febrero,1,2024,INICIO_VIGENCIA
292,2024-02-15,15,2,Febrero,1,2024,INICIO_VIGENCIA
293,2024-02-16,16,2,Febrero,1,2024,INICIO_VIGENCIA
294,2024-02-17,17,2,Febrero,1,2024,INICIO_VIGENCIA
295,2024-02-18,18,2,Febrero,1,2024,INICIO_VIGENCIA
296,2024-02-19,19,2,Febrero,1,2024,INICIO_VIGENCIA
297,2024-02-20,20,2,Febrero,1,2024,INICIO_VIGENCIA
298,2024-02-21,21,2,Febrero,1,2024,INICIO_VIGENCIA
299,2024-02-22,22,2,Febrero,1,2024,INICIO_VIGENCIA
300,2024-02-23,23,2,Febrero,1,2024,INICIO_VIGENCIA
301,2024-02-24,24,2,Febrero,1,2024,INICIO_VIGENCIA
302,2024-02-25,25,2,Febrero,1,2024,INICIO_VIGENCIA
303,2024-02-26,26,2,Febrero,1,2024,INICIO_VIGENCIA
304,2024-02-27,27,2,Febrero,1,2024,INICIO_VIGENCIA
305,2024-02-28,28,2,Febrero,1,2024,INICIO_VIGENCIA
306,2024-02-29,29,2,Febrero,1,2024,INICIO_VIGENCIA
307,2024-03-01,1,3,Marzo,1,2024,INICIO_VIGENCIA
308,2024-03-02,2,3,Marzo,1,2024,INICIO_VIGENCIA
309,2024-03-03,3,3,Marzo,1,2024,INICIO_VIGENCIA
310,2024-03-04,4,3,Marzo,1,2024,INICIO_VIGENCIA
311,2024-03-05,5,3,Marzo,1,2024,INICIO_VIGENCIA
312,2024-03-06,6,3,Marzo,1,2024,INICIO_VIGENCIA
313,2024-03-07,7,3,Marzo,1,2024,INICIO_VIGENCIA
314,2024-03-08,8,3,Marzo,1,2024,INICIO_VIGENCIA
315,2024-03-09,9,3,Marzo,1,2024,INICIO_VIGENCIA
316,2024-03-10,10,3,Marzo,1,2024,INICIO_VIGENCIA
317,2024-03-11,11,3,Marzo,1,2024,INICIO_VIGENCIA
318,2024-03-12,12,3,Marzo,1,2024,INICIO_VIGENCIA
319,2024-03-13,13,3,Marzo,1,2024,INICIO_VIGENCIA
320,2024-03-14,14,3,Marzo,1,2024,INICIO_VIGENCIA
321,2024-03-15,15,3,Marzo,1,2024,INICIO_VIGENCIA
322,2024-03-16,16,3,Marzo,1,2024,INICIO_VIGENCIA
323,2024-03-17,17,3,Marzo,1,2024,INICIO_VIGENCIA
324,2024-03-18,18,3,Marzo,1,2024,INICIO_VIGENCIA
325,2024-03-19,19,3,Marzo,1,2024,INICIO_VIGENCIA
326,2024-03-20,20,3,Marzo,1,2024,INICIO_VIGENCIA
327,2024-03-21,21,3,Marzo,1,2024,INICIO_VIGENCIA
328,2024-03-22,22,3,Marzo,1,2024,INICIO_VIGENCIA
329,2024-03-23,23,3,Marzo,1,2024,INICIO_VIGENCIA
330,2024-03-24,24,3,Marzo,1,2024,INICIO_VIGENCIA
331,2024-03-25,25,3,Marzo,1,2024,INICIO_VIGENCIA
332,2024-03-26,26,3,Marzo,1,2024,INICIO_VIGENCIA
333,2024-03-27,27,3,Marzo,1,2024,INICIO_VIGENCIA
334,2024-03-28,28,3,Marzo,1,2024,INICIO_VIGENCIA
335,2024-03-29,29,3,Marzo,1,2024,INICIO_VIGENCIA
336,2024-03-30,30,3,Marzo,1,2024,INICIO_VIGENCIA
337,2024-03-31,31,3,Marzo,1,2024,INICIO_VIGENCIA
338,2024-04-01,1,4,Abril,2,2024,INICIO_VIGENCIA
339,2024-04-02,2,4,Abril,2,2024,INICIO_VIGENCIA
340,2024-04-03,3,4,Abril,2,2024,INICIO_VIGENCIA
341,2024-04-04,4,4,Abril,2,2024,INICIO_VIGENCIA
342,2024-04-05,5,4,Abril,2,2024,INICIO_VIGENCIA
343,2024-04-06,6,4,Abril,2,2024,INICIO_VIGENCIA
344,2024-04-07,7,4,Abril,2,2024,INICIO_VIGENCIA
345,2024-04-08,8,4,Abril,2,2024,INICIO_VIGENCIA
346,2024-04-09,9,4,Abril,2,2024,INICIO_VIGENCIA
347,2024-04-10,10,4,Abril,2,2024,INICIO_VIGENCIA
348,2024-04-11,11,4,Abril,2,2024,INICIO_VIGENCIA
349,2024-04-12,12,4,Abril,2,2024,INICIO_VIGENCIA
350,2024-04-13,13,4,Abril,2,2024,INICIO_VIGENCIA
351,2024-04-14,14,4,Abril,2,2024,INICIO_VIGENCIA
352,2024-04-15,15,4,Abril,2,2024,INICIO_VIGENCIA
353,2024-04-16,16,4,Abril,2,2024,INICIO_VIGENCIA
354,2024-04-17,17,4,Abril,2,2024,INICIO_VIGENCIA
355,2024-04-18,18,4,Abril,2,2024,INICIO_VIGENCIA
356,2024-04-19,19,4,Abril,2,2024,INICIO_VIGENCIA
357,2024-04-20,20,4,Abril,2,2024,INICIO_VIGENCIA
358,2024-04-21,21,4,Abril,2,2024,INICIO_VIGENCIA
359,2024-04-22,22,4,Abril,2,2024,INICIO_VIGENCIA
360,2024-04-23,23,4,Abril,2,2024,INICIO_VIGENCIA
361,2024-04-24,24,4,Abril,2,2024,INICIO_VIGENCIA
362,2024-04-25,25,4,Abril,2,2024,INICIO_VIGENCIA
363,2024-04-26,26,4,Abril,2,2024,INICIO_VIGENCIA
364,2024-04-27,27,4,Abril,2,2024,INICIO_VIGENCIA
365,2024-04-28,28,4,Abril,2,2024,INICIO_VIGENCIA
366,2024-04-29,29,4,Abril,2,2024,INICIO_VIGENCIA
367,2024-04-30,30,4,Abril,2,2024,INICIO_VIGENCIA
368,2024-05-01,1,5,Mayo,2,2024,INICIO_VIGENCIA
369,2024-05-02,2,5,Mayo,2,2024,INICIO_VIGENCIA
370,2024-05-03,3,5,Mayo,2,2024,INICIO_VIGENCIA
371,2024-05-04,4,5,Mayo,2,2024,INICIO_VIGENCIA
372,2024-05-05,5,5,Mayo,2,2024,INICIO_VIGENCIA
373,2024-05-06,6,5,Mayo,2,2024,INICIO_VIGENCIA
374,2024-05-07,7,5,Mayo,2,2024,INICIO_VIGENCIA
375,2024-05-08,8,5,Mayo,2,2024,INICIO_VIGENCIA
376,2024-05-09,9,5,Mayo,2,2024,INICIO_VIGENCIA
377,2024-05-10,10,5,Mayo,2,2024,INICIO_VIGENCIA
378,2024-05-11,11,5,Mayo,2,2024,INICIO_VIGENCIA
379,2024-05-12,12,5,Mayo,2,2024,INICIO_VIGENCIA
380,2024-05-13,13,5,Mayo,2,2024,INICIO_VIGENCIA
381,2024-05-14,14,5,Mayo,2,2024,INICIO_VIGENCIA
382,2024-05-15,15,5,Mayo,2,2024,INICIO_VIGENCIA
383,2024-05-16,16,5,Mayo,2,2024,INICIO_VIGENCIA
384,2024-05-17,17,5,Mayo,2,2024,INICIO_VIGENCIA
385,2024-05-18,18,5,Mayo,2,2024,INICIO_VIGENCIA
386,2024-05-19,19,5,Mayo,2,2024,INICIO_VIGENCIA
387,2024-05-20,20,5,Mayo,2,2024,INICIO_VIGENCIA
388,2024-05-21,21,5,Mayo,2,2024,INICIO_VIGENCIA
389,2024-05-22,22,5,Mayo,2,2024,INICIO_VIGENCIA
390,2024-05-23,23,5,Mayo,2,2024,INICIO_VIGENCIA
391,2024-05-24,24,5,Mayo,2,2024,INICIO_VIGENCIA
392,2024-05-25,25,5,Mayo,2,2024,INICIO_VIGENCIA
393,2024-05-26,26,5,Mayo,2,2024,INICIO_VIGENCIA
394,2024-05-27,27,5,Mayo,2,2024,INICIO_VIGENCIA
395,2024-05-28,28,5,Mayo,2,2024,INICIO_VIGENCIA
396,2024-05-29,29,5,Mayo,2,2024,INICIO_VIGENCIA
397,2024-05-30,30,5,Mayo,2,2024,INICIO_VIGENCIA
398,2024-05-31,31,5,Mayo,2,2024,INICIO_VIGENCIA
399,2024-06-01,1,6,Junio,2,2024,INICIO_VIGENCIA
400,2024-06-02,2,6,Junio,2,2024,INICIO_VIGENCIA
401,2024-06-03,3,6,Junio,2,2024,INICIO_VIGENCIA
402,2024-06-04,4,6,Junio,2,2024,INICIO_VIGENCIA
403,2024-06-05,5,6,Junio,2,2024,INICIO_VIGENCIA
404,2024-06-06,6,6,Junio,2,2024,INICIO_VIGENCIA
405,2024-06-07,7,6,Junio,2,2024,INICIO_VIGENCIA
406,2024-06-08,8,6,Junio,2,2024,INICIO_VIGENCIA
407,2024-06-09,9,6,Junio,2,2024,INICIO_VIGENCIA
408,2024-06-10,10,6,Junio,2,2024,INICIO_VIGENCIA
409,2024-06-11,11,6,Junio,2,2024,INICIO_VIGENCIA
410,2024-06-12,12,6,Junio,2,2024,INICIO_VIGENCIA
411,2024-06-13,13,6,Junio,2,2024,INICIO_VIGENCIA
412,2024-06-14,14,6,Junio,2,2024,INICIO_VIGENCIA
413,2024-06-15,15,6,Junio,2,2024,INICIO_VIGENCIA
414,2024-06-16,16,6,Junio,2,2024,INICIO_VIGENCIA
415,2024-06-17,17,6,Junio,2,2024,INICIO_VIGENCIA
416,2024-06-18,18,6,Junio,2,2024,INICIO_VIGENCIA
417,2024-06-19,19,6,Junio,2,2024,INICIO_VIGENCIA
418,2024-06-20,20,6,Junio,2,2024,INICIO_VIGENCIA
419,2024-06-21,21,6,Junio,2,2024,INICIO_VIGENCIA
420,2024-06-22,22,6,Junio,2,2024,INICIO_VIGENCIA
421,2024-06-23,23,6,Junio,2,2024,INICIO_VIGENCIA
422,2024-06-24,24,6,Junio,2,2024,INICIO_VIGENCIA
423,2024-06-25,25,6,Junio,2,2024,INICIO_VIGENCIA
424,2024-06-26,26,6,Junio,2,2024,INICIO_VIGENCIA
425,2024-06-27,27,6,Junio,2,2024,INICIO_VIGENCIA
426,2024-06-28,28,6,Junio,2,2024,INICIO_VIGENCIA
427,2024-06-29,29,6,Junio,2,2024,INICIO_VIGENCIA
428,2024-06-30,30,6,Junio,2,2024,INICIO_VIGENCIA
429,2024-07-01,1,7,Julio,3,2024,INICIO_VIGENCIA
430,2024-07-02,2,7,Julio,3,2024,INICIO_VIGENCIA
431,2024-07-03,3,7,Julio,3,2024,INICIO_VIGENCIA
432,2024-07-04,4,7,Julio,3,2024,INICIO_VIGENCIA
433,2024-07-05,5,7,Julio,3,2024,INICIO_VIGENCIA
434,2024-07-06,6,7,Julio,3,2024,INICIO_VIGENCIA
435,2024-07-07,7,7,Julio,3,2024,INICIO_VIGENCIA
436,2024-07-08,8,7,Julio,3,2024,INICIO_VIGENCIA
437,2024-07-09,9,7,Julio,3,2024,INICIO_VIGENCIA
438,2024-07-10,10,7,Julio,3,2024,INICIO_VIGENCIA
439,2024-07-11,11,7,Julio,3,2024,INICIO_VIGENCIA
440,2024-07-12,12,7,Julio,3,2024,INICIO_VIGENCIA
441,2024-07-13,13,7,Julio,3,2024,INICIO_VIGENCIA
442,2024-07-14,14,7,Julio,3,2024,INICIO_VIGENCIA
443,2024-07-15,15,7,Julio,3,2024,INICIO_VIGENCIA
444,2024-07-16,16,7,Julio,3,2024,INICIO_VIGENCIA
445,2024-07-17,17,7,Julio,3,2024,INICIO_VIGENCIA
446,2024-07-18,18,7,Julio,3,2024,INICIO_VIGENCIA
447,2024-07-19,19,7,Julio,3,2024,INICIO_VIGENCIA
448,2024-07-20,20,7,Julio,3,2024,INICIO_VIGENCIA
449,2024-07-21,21,7,Julio,3,2024,INICIO_VIGENCIA
450,2024-07-22,22,7,Julio,3,2024,INICIO_VIGENCIA
451,2024-07-23,23,7,Julio,3,2024,INICIO_VIGENCIA
452,2024-07-24,24,7,Julio,3,2024,INICIO_VIGENCIA
453,2024-07-25,25,7,Julio,3,2024,INICIO_VIGENCIA
454,2024-07-26,26,7,Julio,3,2024,INICIO_VIGENCIA
455,2024-07-27,27,7,Julio,3,2024,INICIO_VIGENCIA
456,2024-07-28,28,7,Julio,3,2024,INICIO_VIGENCIA
457,2024-07-29,29,7,Julio,3,2024,INICIO_VIGENCIA
458,2024-07-30,30,7,Julio,3,2024,INICIO_VIGENCIA
459,2024-07-31,31,7,Julio,3,2024,INICIO_VIGENCIA
460,2024-08-01,1,8,Agosto,3,2024,INICIO_VIGENCIA
461,2024-08-02,2,8,Agosto,3,2024,INICIO_VIGENCIA
462,2024-08-03,3,8,Agosto,3,2024,INICIO_VIGENCIA
463,2024-08-04,4,8,Agosto,3,2024,INICIO_VIGENCIA
464,2024-08-05,5,8,Agosto,3,2024,INICIO_VIGENCIA
465,2024-08-06,6,8,Agosto,3,2024,INICIO_VIGENCIA
466,2024-08-07,7,8,Agosto,3,2024,INICIO_VIGENCIA
467,2024-08-08,8,8,Agosto,3,2024,INICIO_VIGENCIA
468,2024-08-09,9,8,Agosto,3,2024,INICIO_VIGENCIA
469,2024-08-10,10,8,Agosto,3,2024,INICIO_VIGENCIA
470,2024-08-11,11,8,Agosto,3,2024,INICIO_VIGENCIA
471,2024-08-12,12,8,Agosto,3,2024,INICIO_VIGENCIA
472,2024-08-13,13,8,Agosto,3,2024,INICIO_VIGENCIA
473,2024-08-14,14,8,Agosto,3,2024,INICIO_VIGENCIA
474,2024-08-15,15,8,Agosto,3,2024,INICIO_VIGENCIA
475,2024-08-16,16,8,Agosto,3,2024,INICIO_VIGENCIA
476,2024-08-17,17,8,Agosto,3,2024,INICIO_VIGENCIA
477,2024-08-18,18,8,Agosto,3,2024,INICIO_VIGENCIA
478,2024-08-19,19,8,Agosto,3,2024,INICIO_VIGENCIA
479,2024-08-20,20,8,Agosto,3,2024,INICIO_VIGENCIA
480,2024-08-21,21,8,Agosto,3,2024,INICIO_VIGENCIA
481,2024-08-22,22,8,Agosto,3,2024,INICIO_VIGENCIA
482,2024-08-23,23,8,Agosto,3,2024,INICIO_VIGENCIA
483,2024-08-24,24,8,Agosto,3,2024,INICIO_VIGENCIA
484,2024-08-25,25,8,Agosto,3,2024,INICIO_VIGENCIA
485,2024-08-26,26,8,Agosto,3,2024,INICIO_VIGENCIA
486,2024-08-27,27,8,Agosto,3,2024,INICIO_VIGENCIA
487,2024-08-28,28,8,Agosto,3,2024,INICIO_VIGENCIA
488,2024-08-29,29,8,Agosto,3,2024,INICIO_VIGENCIA
489,2024-08-30,30,8,Agosto,3,2024,INICIO_VIGENCIA
490,2024-08-31,31,8,Agosto,3,2024,INICIO_VIGENCIA
491,2024-09-01,1,9,Septiembre,3,2024,INICIO_VIGENCIA
492,2024-09-02,2,9,Septiembre,3,2024,INICIO_VIGENCIA
493,2024-09-03,3,9,Septiembre,3,2024,INICIO_VIGENCIA
494,2024-09-04,4,9,Septiembre,3,2024,INICIO_VIGENCIA
495,2024-09-05,5,9,Septiembre,3,2024,INICIO_VIGENCIA
496,2024-09-06,6,9,Septiembre,3,2024,INICIO_VIGENCIA
497,2024-09-07,7,9,Septiembre,3,2024,INICIO_VIGENCIA
498,2024-09-08,8,9,Septiembre,3,2024,INICIO_VIGENCIA
499,2024-09-09,9,9,Septiembre,3,2024,INICIO_VIGENCIA
500,2024-09-10,10,9,Septiembre,3,2024,INICIO_VIGENCIA
501,2024-09-11,11,9,Septiembre,3,2024,INICIO_VIGENCIA
502,2024-09-12,12,9,Septiembre,3,2024,INICIO_VIGENCIA
503,2024-09-13,13,9,Septiembre,3,2024,INICIO_VIGENCIA
504,2024-09-14,14,9,Septiembre,3,2024,INICIO_VIGENCIA
505,2024-09-15,15,9,Septiembre,3,2024,INICIO_VIGENCIA
506,2024-09-16,16,9,Septiembre,3,2024,INICIO_VIGENCIA
507,2024-09-17,17,9,Septiembre,3,2024,INICIO_VIGENCIA
508,2024-09-18,18,9,Septiembre,3,2024,INICIO_VIGENCIA
509,2024-09-19,19,9,Septiembre,3,2024,INICIO_VIGENCIA
510,2024-09-20,20,9,Septiembre,3,2024,INICIO_VIGENCIA
511,2024-09-21,21,9,Septiembre,3,2024,INICIO_VIGENCIA
512,2024-09-22,22,9,Septiembre,3,2024,INICIO_VIGENCIA
513,2024-09-23,23,9,Septiembre,3,2024,INICIO_VIGENCIA
514,2024-09-24,24,9,Septiembre,3,2024,INICIO_VIGENCIA
515,2024-09-25,25,9,Septiembre,3,2024,INICIO_VIGENCIA
516,2024-09-26,26,9,Septiembre,3,2024,INICIO_VIGENCIA
517,2024-09-27,27,9,Septiembre,3,2024,INICIO_VIGENCIA
518,2024-09-28,28,9,Septiembre,3,2024,INICIO_VIGENCIA
519,2024-09-29,29,9,Septiembre,3,2024,INICIO_VIGENCIA
520,2024-09-30,30,9,Septiembre,3,2024,INICIO_VIGENCIA
521,2024-10-01,1,10,Octubre,4,2024,INICIO_VIGENCIA
522,2024-10-02,2,10,Octubre,4,2024,INICIO_VIGENCIA
523,2024-10-03,3,10,Octubre,4,2024,INICIO_VIGENCIA
524,2024-10-04,4,10,Octubre,4,2024,INICIO_VIGENCIA
525,2024-10-05,5,10,Octubre,4,2024,INICIO_VIGENCIA
526,2024-10-06,6,10,Octubre,4,2024,INICIO_VIGENCIA
527,2024-10-07,7,10,Octubre,4,2024,INICIO_VIGENCIA
528,2024-10-08,8,10,Octubre,4,2024,INICIO_VIGENCIA
529,2024-10-09,9,10,Octubre,4,2024,INICIO_VIGENCIA
530,2024-10-10,10,10,Octubre,4,2024,INICIO_VIGENCIA
531,2024-10-11,11,10,Octubre,4,2024,INICIO_VIGENCIA
532,2024-10-12,12,10,Octubre,4,2024,INICIO_VIGENCIA
533,2024-10-13,13,10,Octubre,4,2024,INICIO_VIGENCIA
534,2024-10-14,14,10,Octubre,4,2024,INICIO_VIGENCIA
535,2024-10-15,15,10,Octubre,4,2024,INICIO_VIGENCIA
536,2024-10-16,16,10,Octubre,4,2024,INICIO_VIGENCIA
537,2024-10-17,17,10,Octubre,4,2024,INICIO_VIGENCIA
538,2024-10-18,18,10,Octubre,4,2024,INICIO_VIGENCIA
539,2024-10-19,19,10,Octubre,4,2024,INICIO_VIGENCIA
540,2024-10-20,20,10,Octubre,4,2024,INICIO_VIGENCIA
541,2024-10-21,21,10,Octubre,4,2024,INICIO_VIGENCIA
542,2024-10-22,22,10,Octubre,4,2024,INICIO_VIGENCIA
543,2024-10-23,23,10,Octubre,4,2024,INICIO_VIGENCIA
544,2024-10-24,24,10,Octubre,4,2024,INICIO_VIGENCIA
545,2024-10-25,25,10,Octubre,4,2024,INICIO_VIGENCIA
546,2024-10-26,26,10,Octubre,4,2024,INICIO_VIGENCIA
547,2024-10-27,27,10,Octubre,4,2024,INICIO_VIGENCIA
548,2024-10-28,28,10,Octubre,4,2024,INICIO_VIGENCIA
549,2024-10-29,29,10,Octubre,4,2024,INICIO_VIGENCIA
550,2024-10-30,30,10,Octubre,4,2024,INICIO_VIGENCIA
551,2024-10-31,31,10,Octubre,4,2024,INICIO_VIGENCIA
552,2024-11-01,1,11,Noviembre,4,2024,INICIO_VIGENCIA
553,2024-11-02,2,11,Noviembre,4,2024,INICIO_VIGENCIA
554,2024-11-03,3,11,Noviembre,4,2024,INICIO_VIGENCIA
555,2024-11-04,4,11,Noviembre,4,2024,INICIO_VIGENCIA
556,2024-11-05,5,11,Noviembre,4,2024,INICIO_VIGENCIA
557,2024-11-06,6,11,Noviembre,4,2024,INICIO_VIGENCIA
558,2024-11-07,7,11,Noviembre,4,2024,INICIO_VIGENCIA
559,2024-11-08,8,11,Noviembre,4,2024,INICIO_VIGENCIA
560,2024-11-09,9,11,Noviembre,4,2024,INICIO_VIGENCIA
561,2024-11-10,10,11,Noviembre,4,2024,INICIO_VIGENCIA
562,2024-11-11,11,11,Noviembre,4,2024,INICIO_VIGENCIA
563,2024-11-12,12,11,Noviembre,4,2024,INICIO_VIGENCIA
564,2024-11-13,13,11,Noviembre,4,2024,INICIO_VIGENCIA
565,2024-11-14,14,11,Noviembre,4,2024,INICIO_VIGENCIA
566,2024-11-15,15,11,Noviembre,4,2024,INICIO_VIGENCIA
567,2024-11-16,16,11,Noviembre,4,2024,INICIO_VIGENCIA
568,2024-11-17,17,11,Noviembre,4,2024,INICIO_VIGENCIA
569,2024-11-18,18,11,Noviembre,4,2024,INICIO_VIGENCIA
570,2024-11-19,19,11,Noviembre,4,2024,INICIO_VIGENCIA
571,2024-11-20,20,11,Noviembre,4,2024,INICIO_VIGENCIA
572,2024-11-21,21,11,Noviembre,4,2024,INICIO_VIGENCIA
573,2024-11-22,22,11,Noviembre,4,2024,INICIO_VIGENCIA
574,2024-11-23,23,11,Noviembre,4,2024,INICIO_VIGENCIA
575,2024-11-24,24,11,Noviembre,4,2024,INICIO_VIGENCIA
576,2024-11-25,25,11,Noviembre,4,2024,INICIO_VIGENCIA
577,2024-11-26,26,11,Noviembre,4,2024,INICIO_VIGENCIA
578,2024-11-27,27,11,Noviembre,4,2024,INICIO_VIGENCIA
579,2024-11-28,28,11,Noviembre,4,2024,INICIO_VIGENCIA
580,2024-11-29,29,11,Noviembre,4,2024,INICIO_VIGENCIA
581,2024-11-30,30,11,Noviembre,4,2024,INICIO_VIGENCIA
582,2024-12-01,1,12,Diciembre,4,2024,INICIO_VIGENCIA
583,2024-12-02,2,12,Diciembre,4,2024,INICIO_VIGENCIA
584,2024-12-03,3,12,Diciembre,4,2024,INICIO_VIGENCIA
585,2024-12-04,4,12,Diciembre,4,2024,INICIO_VIGENCIA
586,2024-12-05,5,12,Diciembre,4,2024,INICIO_VIGENCIA
587,2024-12-06,6,12,Diciembre,4,2024,INICIO_VIGENCIA
588,2024-12-07,7,12,Diciembre,4,2024,INICIO_VIGENCIA
589,2024-12-08,8,12,Diciembre,4,2024,INICIO_VIGENCIA
590,2024-12-09,9,12,Diciembre,4,2024,INICIO_VIGENCIA
591,2024-12-10,10,12,Diciembre,4,2024,INICIO_VIGENCIA
592,2024-12-11,11,12,Diciembre,4,2024,INICIO_VIGENCIA
593,2024-12-12,12,12,Diciembre,4,2024,INICIO_VIGENCIA
594,2024-12-13,13,12,Diciembre,4,2024,INICIO_VIGENCIA
595,2024-12-14,14,12,Diciembre,4,2024,INICIO_VIGENCIA
596,2024-12-15,15,12,Diciembre,4,2024,INICIO_VIGENCIA
597,2024-12-16,16,12,Diciembre,4,2024,INICIO_VIGENCIA
598,2024-12-17,17,12,Diciembre,4,2024,INICIO_VIGENCIA
599,2024-12-18,18,12,Diciembre,4,2024,INICIO_VIGENCIA
600,2024-12-19,19,12,Diciembre,4,2024,INICIO_VIGENCIA
601,2024-12-20,20,12,Diciembre,4,2024,INICIO_VIGENCIA
602,2024-12-21,21,12,Diciembre,4,2024,INICIO_VIGENCIA
603,2024-12-22,22,12,Diciembre,4,2024,INICIO_VIGENCIA
604,2024-12-23,23,12,Diciembre,4,2024,INICIO_VIGENCIA
605,2024-12-24,24,12,Diciembre,4,2024,INICIO_VIGENCIA
606,2024-12-25,25,12,Diciembre,4,2024,INICIO_VIGENCIA
607,2024-12-26,26,12,Diciembre,4,2024,INICIO_VIGENCIA
608,2024-12-27,27,12,Diciembre,4,2024,INICIO_VIGENCIA
609,2024-12-28,28,12,Diciembre,4,2024,INICIO_VIGENCIA
610,2024-12-29,29,12,Diciembre,4,2024,INICIO_VIGENCIA
611,2024-12-30,30,12,Diciembre,4,2024,INICIO_VIGENCIA
612,2024-12-31,31,12,Diciembre,4,2024,INICIO_VIGENCIA
613,2025-01-01,1,1,Enero,1,2025,INICIO_VIGENCIA
614,2025-01-02,2,1,Enero,1,2025,INICIO_VIGENCIA
615,2025-01-03,3,1,Enero,1,2025,INICIO_VIGENCIA
616,2025-01-04,4,1,Enero,1,2025,INICIO_VIGENCIA
617,2025-01-05,5,1,Enero,1,2025,INICIO_VIGENCIA
618,2025-01-06,6,1,Enero,1,2025,INICIO_VIGENCIA
619,2025-01-07,7,1,Enero,1,2025,INICIO_VIGENCIA
620,2025-01-08,8,1,Enero,1,2025,INICIO_VIGENCIA
621,2025-01-09,9,1,Enero,1,2025,INICIO_VIGENCIA
622,2025-01-10,10,1,Enero,1,2025,INICIO_VIGENCIA
623,2025-01-11,11,1,Enero,1,2025,INICIO_VIGENCIA
624,2025-01-12,12,1,Enero,1,2025,INICIO_VIGENCIA
625,2025-01-13,13,1,Enero,1,2025,INICIO_VIGENCIA
626,2025-01-14,14,1,Enero,1,2025,INICIO_VIGENCIA
627,2025-01-15,15,1,Enero,1,2025,INICIO_VIGENCIA
628,2025-01-16,16,1,Enero,1,2025,INICIO_VIGENCIA
629,2025-01-17,17,1,Enero,1,2025,INICIO_VIGENCIA
630,2025-01-18,18,1,Enero,1,2025,INICIO_VIGENCIA
631,2025-01-19,19,1,Enero,1,2025,INICIO_VIGENCIA
632,2025-01-20,20,1,Enero,1,2025,INICIO_VIGENCIA
633,2025-01-21,21,1,Enero,1,2025,INICIO_VIGENCIA
634,2025-01-22,22,1,Enero,1,2025,INICIO_VIGENCIA
635,2025-01-23,23,1,Enero,1,2025,INICIO_VIGENCIA
636,2025-01-24,24,1,Enero,1,2025,INICIO_VIGENCIA
637,2025-01-25,25,1,Enero,1,2025,INICIO_VIGENCIA
638,2025-01-26,26,1,Enero,1,2025,INICIO_VIGENCIA
639,2025-01-27,27,1,Enero,1,2025,INICIO_VIGENCIA
640,2025-01-28,28,1,Enero,1,2025,INICIO_VIGENCIA
641,2025-01-29,29,1,Enero,1,2025,INICIO_VIGENCIA
642,2025-01-30,30,1,Enero,1,2025,INICIO_VIGENCIA
643,2025-01-31,31,1,Enero,1,2025,INICIO_VIGENCIA
644,2025-02-01,1,2,Febrero,1,2025,INICIO_VIGENCIA
645,2025-02-02,2,2,Febrero,1,2025,INICIO_VIGENCIA
646,2025-02-03,3,2,Febrero,1,2025,INICIO_VIGENCIA
647,2025-02-04,4,2,Febrero,1,2025,INICIO_VIGENCIA
648,2025-02-05,5,2,Febrero,1,2025,INICIO_VIGENCIA
649,2025-02-06,6,2,Febrero,1,2025,INICIO_VIGENCIA
650,2025-02-07,7,2,Febrero,1,2025,INICIO_VIGENCIA
651,2025-02-08,8,2,Febrero,1,2025,INICIO_VIGENCIA
652,2025-02-09,9,2,Febrero,1,2025,INICIO_VIGENCIA
653,2025-02-10,10,2,Febrero,1,2025,INICIO_VIGENCIA
654,2025-02-11,11,2,Febrero,1,2025,INICIO_VIGENCIA
655,2025-02-12,12,2,Febrero,1,2025,INICIO_VIGENCIA
656,2025-02-13,13,2,Febrero,1,2025,INICIO_VIGENCIA
657,2025-02-14,14,2,Febrero,1,2025,INICIO_VIGENCIA
658,2025-02-15,15,2,Febrero,1,2025,INICIO_VIGENCIA
659,2025-02-16,16,2,Febrero,1,2025,INICIO_VIGENCIA
660,2025-02-17,17,2,Febrero,1,2025,INICIO_VIGENCIA
661,2025-02-18,18,2,Febrero,1,2025,INICIO_VIGENCIA
662,2025-02-19,19,2,Febrero,1,2025,INICIO_VIGENCIA
663,2025-02-20,20,2,Febrero,1,2025,INICIO_VIGENCIA
664,2025-02-21,21,2,Febrero,1,2025,INICIO_VIGENCIA
665,2025-02-22,22,2,Febrero,1,2025,INICIO_VIGENCIA
666,2025-02-23,23,2,Febrero,1,2025,INICIO_VIGENCIA
667,2025-02-24,24,2,Febrero,1,2025,INICIO_VIGENCIA
668,2025-02-25,25,2,Febrero,1,2025,INICIO_VIGENCIA
669,2025-02-26,26,2,Febrero,1,2025,INICIO_VIGENCIA
670,2025-02-27,27,2,Febrero,1,2025,INICIO_VIGENCIA
671,2025-02-28,28,2,Febrero,1,2025,INICIO_VIGENCIA
672,2025-03-01,1,3,Marzo,1,2025,INICIO_VIGENCIA
673,2025-03-02,2,3,Marzo,1,2025,INICIO_VIGENCIA
674,2025-03-03,3,3,Marzo,1,2025,INICIO_VIGENCIA
675,2025-03-04,4,3,Marzo,1,2025,INICIO_VIGENCIA
676,2025-03-05,5,3,Marzo,1,2025,INICIO_VIGENCIA
677,2025-03-06,6,3,Marzo,1,2025,INICIO_VIGENCIA
678,2025-03-07,7,3,Marzo,1,2025,INICIO_VIGENCIA
679,2025-03-08,8,3,Marzo,1,2025,INICIO_VIGENCIA
680,2025-03-09,9,3,Marzo,1,2025,INICIO_VIGENCIA
681,2025-03-10,10,3,Marzo,1,2025,INICIO_VIGENCIA
682,2025-03-11,11,3,Marzo,1,2025,INICIO_VIGENCIA
683,2025-03-12,12,3,Marzo,1,2025,INICIO_VIGENCIA
684,2025-03-13,13,3,Marzo,1,2025,INICIO_VIGENCIA
685,2025-03-14,14,3,Marzo,1,2025,INICIO_VIGENCIA
686,2025-03-15,15,3,Marzo,1,2025,INICIO_VIGENCIA
687,2025-03-16,16,3,Marzo,1,2025,INICIO_VIGENCIA
688,2025-03-17,17,3,Marzo,1,2025,INICIO_VIGENCIA
689,2025-03-18,18,3,Marzo,1,2025,INICIO_VIGENCIA
690,2025-03-19,19,3,Marzo,1,2025,INICIO_VIGENCIA
691,2025-03-20,20,3,Marzo,1,2025,INICIO_VIGENCIA
692,2025-03-21,21,3,Marzo,1,2025,INICIO_VIGENCIA
693,2025-03-22,22,3,Marzo,1,2025,INICIO_VIGENCIA
694,2025-03-23,23,3,Marzo,1,2025,INICIO_VIGENCIA
695,2025-03-24,24,3,Marzo,1,2025,INICIO_VIGENCIA
696,2025-03-25,25,3,Marzo,1,2025,INICIO_VIGENCIA
697,2025-03-26,26,3,Marzo,1,2025,INICIO_VIGENCIA
698,2025-03-27,27,3,Marzo,1,2025,INICIO_VIGENCIA
699,2025-03-28,28,3,Marzo,1,2025,INICIO_VIGENCIA
700,2025-03-29,29,3,Marzo,1,2025,INICIO_VIGENCIA
701,2025-03-30,30,3,Marzo,1,2025,INICIO_VIGENCIA
702,2025-03-31,31,3,Marzo,1,2025,INICIO_VIGENCIA
703,2025-04-01,1,4,Abril,2,2025,INICIO_VIGENCIA
704,2025-04-02,2,4,Abril,2,2025,INICIO_VIGENCIA
705,2025-04-03,3,4,Abril,2,2025,INICIO_VIGENCIA
706,2025-04-04,4,4,Abril,2,2025,INICIO_VIGENCIA
707,2025-04-05,5,4,Abril,2,2025,INICIO_VIGENCIA
708,2025-04-06,6,4,Abril,2,2025,INICIO_VIGENCIA
709,2025-04-07,7,4,Abril,2,2025,INICIO_VIGENCIA
710,2025-04-08,8,4,Abril,2,2025,INICIO_VIGENCIA
711,2025-04-09,9,4,Abril,2,2025,INICIO_VIGENCIA
712,2025-04-10,10,4,Abril,2,2025,INICIO_VIGENCIA
713,2025-04-11,11,4,Abril,2,2025,INICIO_VIGENCIA
714,2025-04-12,12,4,Abril,2,2025,INICIO_VIGENCIA
715,2025-04-13,13,4,Abril,2,2025,INICIO_VIGENCIA
716,2025-04-14,14,4,Abril,2,2025,INICIO_VIGENCIA
717,2025-04-15,15,4,Abril,2,2025,INICIO_VIGENCIA
718,2025-04-16,16,4,Abril,2,2025,INICIO_VIGENCIA
719,2025-04-17,17,4,Abril,2,2025,INICIO_VIGENCIA
720,2025-04-18,18,4,Abril,2,2025,INICIO_VIGENCIA
721,2025-04-19,19,4,Abril,2,2025,INICIO_VIGENCIA
722,2025-04-20,20,4,Abril,2,2025,INICIO_VIGENCIA
723,2025-04-21,21,4,Abril,2,2025,INICIO_VIGENCIA
724,2025-04-22,22,4,Abril,2,2025,INICIO_VIGENCIA
725,2025-04-23,23,4,Abril,2,2025,INICIO_VIGENCIA
726,2025-04-24,24,4,Abril,2,2025,INICIO_VIGENCIA
727,2025-04-25,25,4,Abril,2,2025,INICIO_VIGENCIA
728,2025-04-26,26,4,Abril,2,2025,INICIO_VIGENCIA
729,2025-04-27,27,4,Abril,2,2025,INICIO_VIGENCIA
730,2025-04-28,28,4,Abril,2,2025,INICIO_VIGENCIA
731,2025-04-29,29,4,Abril,2,2025,INICIO_VIGENCIA
732,2025-04-30,30,4,Abril,2,2025,INICIO_VIGENCIA
733,2025-05-01,1,5,Mayo,2,2025,INICIO_VIGENCIA
734,2025-05-02,2,5,Mayo,2,2025,INICIO_VIGENCIA
735,2025-05-03,3,5,Mayo,2,2025,INICIO_VIGENCIA
736,2025-05-04,4,5,Mayo,2,2025,INICIO_VIGENCIA
737,2025-05-05,5,5,Mayo,2,2025,INICIO_VIGENCIA
738,2025-05-06,6,5,Mayo,2,2025,INICIO_VIGENCIA
739,2025-05-07,7,5,Mayo,2,2025,INICIO_VIGENCIA
740,2025-05-08,8,5,Mayo,2,2025,INICIO_VIGENCIA
741,2025-05-09,9,5,Mayo,2,2025,INICIO_VIGENCIA
742,2025-05-10,10,5,Mayo,2,2025,INICIO_VIGENCIA
743,2025-05-11,11,5,Mayo,2,2025,INICIO_VIGENCIA
744,2025-05-12,12,5,Mayo,2,2025,INICIO_VIGENCIA
745,2025-05-13,13,5,Mayo,2,2025,INICIO_VIGENCIA
746,2025-05-14,14,5,Mayo,2,2025,INICIO_VIGENCIA
747,2025-05-15,15,5,Mayo,2,2025,INICIO_VIGENCIA
748,2025-05-16,16,5,Mayo,2,2025,INICIO_VIGENCIA
749,2025-05-17,17,5,Mayo,2,2025,INICIO_VIGENCIA
750,2025-05-18,18,5,Mayo,2,2025,INICIO_VIGENCIA
751,2025-05-19,19,5,Mayo,2,2025,INICIO_VIGENCIA
752,2025-05-20,20,5,Mayo,2,2025,INICIO_VIGENCIA
753,2025-05-21,21,5,Mayo,2,2025,INICIO_VIGENCIA
754,2025-05-22,22,5,Mayo,2,2025,INICIO_VIGENCIA
755,2025-05-23,23,5,Mayo,2,2025,INICIO_VIGENCIA
756,2025-05-24,24,5,Mayo,2,2025,INICIO_VIGENCIA
757,2025-05-25,25,5,Mayo,2,2025,INICIO_VIGENCIA
758,2025-05-26,26,5,Mayo,2,2025,INICIO_VIGENCIA
759,2025-05-27,27,5,Mayo,2,2025,INICIO_VIGENCIA
760,2025-05-28,28,5,Mayo,2,2025,INICIO_VIGENCIA
761,2025-05-29,29,5,Mayo,2,2025,INICIO_VIGENCIA
762,2025-05-30,30,5,Mayo,2,2025,INICIO_VIGENCIA
763,2025-05-31,31,5,Mayo,2,2025,INICIO_VIGENCIA
764,2025-06-01,1,6,Junio,2,2025,INICIO_VIGENCIA
765,2025-06-02,2,6,Junio,2,2025,INICIO_VIGENCIA
766,2025-06-03,3,6,Junio,2,2025,INICIO_VIGENCIA
767,2025-06-04,4,6,Junio,2,2025,INICIO_VIGENCIA
768,2025-06-05,5,6,Junio,2,2025,INICIO_VIGENCIA
769,2025-06-06,6,6,Junio,2,2025,INICIO_VIGENCIA
770,2025-06-07,7,6,Junio,2,2025,INICIO_VIGENCIA
771,2025-06-08,8,6,Junio,2,2025,INICIO_VIGENCIA
772,2025-06-09,9,6,Junio,2,2025,INICIO_VIGENCIA
773,2025-06-10,10,6,Junio,2,2025,INICIO_VIGENCIA
774,2025-06-11,11,6,Junio,2,2025,INICIO_VIGENCIA
775,2025-06-12,12,6,Junio,2,2025,INICIO_VIGENCIA
776,2025-06-13,13,6,Junio,2,2025,INICIO_VIGENCIA
777,2025-06-14,14,6,Junio,2,2025,INICIO_VIGENCIA
778,2025-06-15,15,6,Junio,2,2025,INICIO_VIGENCIA
779,2025-06-16,16,6,Junio,2,2025,INICIO_VIGENCIA
780,2025-06-17,17,6,Junio,2,2025,INICIO_VIGENCIA
781,2025-06-18,18,6,Junio,2,2025,INICIO_VIGENCIA
782,2025-06-19,19,6,Junio,2,2025,INICIO_VIGENCIA
783,2025-06-20,20,6,Junio,2,2025,INICIO_VIGENCIA
784,2025-06-21,21,6,Junio,2,2025,INICIO_VIGENCIA
785,2025-06-22,22,6,Junio,2,2025,INICIO_VIGENCIA
786,2025-06-23,23,6,Junio,2,2025,INICIO_VIGENCIA
787,2025-06-24,24,6,Junio,2,2025,INICIO_VIGENCIA
788,2025-06-25,25,6,Junio,2,2025,INICIO_VIGENCIA
789,2025-06-26,26,6,Junio,2,2025,INICIO_VIGENCIA
790,2025-06-27,27,6,Junio,2,2025,INICIO_VIGENCIA
791,2025-06-28,28,6,Junio,2,2025,INICIO_VIGENCIA
792,2025-06-29,29,6,Junio,2,2025,INICIO_VIGENCIA
793,2025-06-30,30,6,Junio,2,2025,INICIO_VIGENCIA
794,2025-07-01,1,7,Julio,3,2025,INICIO_VIGENCIA
795,2025-07-02,2,7,Julio,3,2025,INICIO_VIGENCIA
796,2025-07-03,3,7,Julio,3,2025,INICIO_VIGENCIA
797,2025-07-04,4,7,Julio,3,2025,INICIO_VIGENCIA
798,2025-07-05,5,7,Julio,3,2025,INICIO_VIGENCIA
799,2025-07-06,6,7,Julio,3,2025,INICIO_VIGENCIA
800,2025-07-07,7,7,Julio,3,2025,INICIO_VIGENCIA
801,2025-07-08,8,7,Julio,3,2025,INICIO_VIGENCIA
802,2025-07-09,9,7,Julio,3,2025,INICIO_VIGENCIA
803,2025-07-10,10,7,Julio,3,2025,INICIO_VIGENCIA
804,2025-07-11,11,7,Julio,3,2025,INICIO_VIGENCIA
805,2025-07-12,12,7,Julio,3,2025,INICIO_VIGENCIA
806,2025-07-13,13,7,Julio,3,2025,INICIO_VIGENCIA
807,2025-07-14,14,7,Julio,3,2025,INICIO_VIGENCIA
808,2025-07-15,15,7,Julio,3,2025,INICIO_VIGENCIA
809,2025-07-16,16,7,Julio,3,2025,INICIO_VIGENCIA
810,2025-07-17,17,7,Julio,3,2025,INICIO_VIGENCIA
811,2025-07-18,18,7,Julio,3,2025,INICIO_VIGENCIA
812,2025-07-19,19,7,Julio,3,2025,INICIO_VIGENCIA
813,2025-07-20,20,7,Julio,3,2025,INICIO_VIGENCIA
814,2025-07-21,21,7,Julio,3,2025,INICIO_VIGENCIA
815,2025-07-22,22,7,Julio,3,2025,INICIO_VIGENCIA
816,2025-07-23,23,7,Julio,3,2025,INICIO_VIGENCIA
817,2025-07-24,24,7,Julio,3,2025,INICIO_VIGENCIA
818,2025-07-25,25,7,Julio,3,2025,INICIO_VIGENCIA
819,2025-07-26,26,7,Julio,3,2025,INICIO_VIGENCIA
820,2025-07-27,27,7,Julio,3,2025,INICIO_VIGENCIA
821,2025-07-28,28,7,Julio,3,2025,INICIO_VIGENCIA
822,2025-07-29,29,7,Julio,3,2025,INICIO_VIGENCIA
823,2025-07-30,30,7,Julio,3,2025,INICIO_VIGENCIA
824,2025-07-31,31,7,Julio,3,2025,INICIO_VIGENCIA
825,2025-08-01,1,8,Agosto,3,2025,INICIO_VIGENCIA
826,2025-08-02,2,8,Agosto,3,2025,INICIO_VIGENCIA
827,2025-08-03,3,8,Agosto,3,2025,INICIO_VIGENCIA
828,2025-08-04,4,8,Agosto,3,2025,INICIO_VIGENCIA
829,2025-08-05,5,8,Agosto,3,2025,INICIO_VIGENCIA
830,2025-08-06,6,8,Agosto,3,2025,INICIO_VIGENCIA
831,2025-08-07,7,8,Agosto,3,2025,INICIO_VIGENCIA
832,2025-08-08,8,8,Agosto,3,2025,INICIO_VIGENCIA
833,2025-08-09,9,8,Agosto,3,2025,INICIO_VIGENCIA
834,2025-08-10,10,8,Agosto,3,2025,INICIO_VIGENCIA
835,2025-08-11,11,8,Agosto,3,2025,INICIO_VIGENCIA
836,2025-08-12,12,8,Agosto,3,2025,INICIO_VIGENCIA
837,2025-08-13,13,8,Agosto,3,2025,INICIO_VIGENCIA
838,2025-08-14,14,8,Agosto,3,2025,INICIO_VIGENCIA
839,2025-08-15,15,8,Agosto,3,2025,INICIO_VIGENCIA
840,2025-08-16,16,8,Agosto,3,2025,INICIO_VIGENCIA
841,2025-08-17,17,8,Agosto,3,2025,INICIO_VIGENCIA
842,2025-08-18,18,8,Agosto,3,2025,INICIO_VIGENCIA
843,2025-08-19,19,8,Agosto,3,2025,INICIO_VIGENCIA
844,2025-08-20,20,8,Agosto,3,2025,INICIO_VIGENCIA
845,2025-08-21,21,8,Agosto,3,2025,INICIO_VIGENCIA
846,2025-08-22,22,8,Agosto,3,2025,INICIO_VIGENCIA
847,2025-08-23,23,8,Agosto,3,2025,INICIO_VIGENCIA
848,2025-08-24,24,8,Agosto,3,2025,INICIO_VIGENCIA
849,2025-08-25,25,8,Agosto,3,2025,INICIO_VIGENCIA
850,2025-08-26,26,8,Agosto,3,2025,INICIO_VIGENCIA
851,2025-08-27,27,8,Agosto,3,2025,INICIO_VIGENCIA
852,2025-08-28,28,8,Agosto,3,2025,INICIO_VIGENCIA
853,2025-08-29,29,8,Agosto,3,2025,INICIO_VIGENCIA
854,2025-08-30,30,8,Agosto,3,2025,INICIO_VIGENCIA
855,2025-08-31,31,8,Agosto,3,2025,INICIO_VIGENCIA
856,2025-09-01,1,9,Septiembre,3,2025,INICIO_VIGENCIA
857,2025-09-02,2,9,Septiembre,3,2025,INICIO_VIGENCIA
858,2025-09-03,3,9,Septiembre,3,2025,INICIO_VIGENCIA
859,2025-09-04,4,9,Septiembre,3,2025,INICIO_VIGENCIA
860,2025-09-05,5,9,Septiembre,3,2025,INICIO_VIGENCIA
861,2025-09-06,6,9,Septiembre,3,2025,INICIO_VIGENCIA
862,2025-09-07,7,9,Septiembre,3,2025,INICIO_VIGENCIA
863,2025-09-08,8,9,Septiembre,3,2025,INICIO_VIGENCIA
864,2025-09-09,9,9,Septiembre,3,2025,INICIO_VIGENCIA
865,2025-09-10,10,9,Septiembre,3,2025,INICIO_VIGENCIA
866,2025-09-11,11,9,Septiembre,3,2025,INICIO_VIGENCIA
867,2025-09-12,12,9,Septiembre,3,2025,INICIO_VIGENCIA
868,2025-09-13,13,9,Septiembre,3,2025,INICIO_VIGENCIA
869,2025-09-14,14,9,Septiembre,3,2025,INICIO_VIGENCIA
870,2025-09-15,15,9,Septiembre,3,2025,INICIO_VIGENCIA
871,2025-09-16,16,9,Septiembre,3,2025,INICIO_VIGENCIA
872,2025-09-17,17,9,Septiembre,3,2025,INICIO_VIGENCIA
873,2025-09-18,18,9,Septiembre,3,2025,INICIO_VIGENCIA
874,2025-09-19,19,9,Septiembre,3,2025,INICIO_VIGENCIA
875,2025-09-20,20,9,Septiembre,3,2025,INICIO_VIGENCIA
876,2025-09-21,21,9,Septiembre,3,2025,INICIO_VIGENCIA
877,2025-09-22,22,9,Septiembre,3,2025,INICIO_VIGENCIA
878,2025-09-23,23,9,Septiembre,3,2025,INICIO_VIGENCIA
879,2025-09-24,24,9,Septiembre,3,2025,INICIO_VIGENCIA
880,2025-09-25,25,9,Septiembre,3,2025,INICIO_VIGENCIA
881,2025-09-26,26,9,Septiembre,3,2025,INICIO_VIGENCIA
882,2025-09-27,27,9,Septiembre,3,2025,INICIO_VIGENCIA
883,2025-09-28,28,9,Septiembre,3,2025,INICIO_VIGENCIA
884,2025-09-29,29,9,Septiembre,3,2025,INICIO_VIGENCIA
885,2025-09-30,30,9,Septiembre,3,2025,INICIO_VIGENCIA
886,2025-10-01,1,10,Octubre,4,2025,INICIO_VIGENCIA
887,2025-10-02,2,10,Octubre,4,2025,INICIO_VIGENCIA
888,2025-10-03,3,10,Octubre,4,2025,INICIO_VIGENCIA
889,2025-10-04,4,10,Octubre,4,2025,INICIO_VIGENCIA
890,2025-10-05,5,10,Octubre,4,2025,INICIO_VIGENCIA
891,2025-10-06,6,10,Octubre,4,2025,INICIO_VIGENCIA
892,2025-10-07,7,10,Octubre,4,2025,INICIO_VIGENCIA
893,2025-10-08,8,10,Octubre,4,2025,INICIO_VIGENCIA
894,2025-10-09,9,10,Octubre,4,2025,INICIO_VIGENCIA
895,2025-10-10,10,10,Octubre,4,2025,INICIO_VIGENCIA
896,2025-10-11,11,10,Octubre,4,2025,INICIO_VIGENCIA
897,2025-10-12,12,10,Octubre,4,2025,INICIO_VIGENCIA
898,2025-10-13,13,10,Octubre,4,2025,INICIO_VIGENCIA
899,2025-10-14,14,10,Octubre,4,2025,INICIO_VIGENCIA
900,2025-10-15,15,10,Octubre,4,2025,INICIO_VIGENCIA
901,2025-10-16,16,10,Octubre,4,2025,INICIO_VIGENCIA
902,2025-10-17,17,10,Octubre,4,2025,INICIO_VIGENCIA
903,2025-10-18,18,10,Octubre,4,2025,INICIO_VIGENCIA
904,2025-10-19,19,10,Octubre,4,2025,INICIO_VIGENCIA
905,2025-10-20,20,10,Octubre,4,2025,INICIO_VIGENCIA
906,2025-10-21,21,10,Octubre,4,2025,INICIO_VIGENCIA
907,2025-10-22,22,10,Octubre,4,2025,INICIO_VIGENCIA
908,2025-10-23,23,10,Octubre,4,2025,INICIO_VIGENCIA
909,2025-10-24,24,10,Octubre,4,2025,INICIO_VIGENCIA
910,2025-10-25,25,10,Octubre,4,2025,INICIO_VIGENCIA
911,2025-10-26,26,10,Octubre,4,2025,INICIO_VIGENCIA
912,2025-10-27,27,10,Octubre,4,2025,INICIO_VIGENCIA
913,2025-10-28,28,10,Octubre,4,2025,INICIO_VIGENCIA
914,2025-10-29,29,10,Octubre,4,2025,INICIO_VIGENCIA
915,2025-10-30,30,10,Octubre,4,2025,INICIO_VIGENCIA
916,2025-10-31,31,10,Octubre,4,2025,INICIO_VIGENCIA
917,2025-11-01,1,11,Noviembre,4,2025,INICIO_VIGENCIA
918,2025-11-02,2,11,Noviembre,4,2025,INICIO_VIGENCIA
919,2025-11-03,3,11,Noviembre,4,2025,INICIO_VIGENCIA
920,2025-11-04,4,11,Noviembre,4,2025,INICIO_VIGENCIA
921,2025-11-05,5,11,Noviembre,4,2025,INICIO_VIGENCIA
922,2025-11-06,6,11,Noviembre,4,2025,INICIO_VIGENCIA
923,2025-11-07,7,11,Noviembre,4,2025,INICIO_VIGENCIA
924,2025-11-08,8,11,Noviembre,4,2025,INICIO_VIGENCIA
925,2025-11-09,9,11,Noviembre,4,2025,INICIO_VIGENCIA
926,2025-11-10,10,11,Noviembre,4,2025,INICIO_VIGENCIA
927,2025-11-11,11,11,Noviembre,4,2025,INICIO_VIGENCIA
928,2025-11-12,12,11,Noviembre,4,2025,INICIO_VIGENCIA
929,2025-11-13,13,11,Noviembre,4,2025,INICIO_VIGENCIA
930,2025-11-14,14,11,Noviembre,4,2025,INICIO_VIGENCIA
931,2025-11-15,15,11,Noviembre,4,2025,INICIO_VIGENCIA
932,2025-11-16,16,11,Noviembre,4,2025,INICIO_VIGENCIA
933,2025-11-17,17,11,Noviembre,4,2025,INICIO_VIGENCIA
934,2025-11-18,18,11,Noviembre,4,2025,INICIO_VIGENCIA
935,2025-11-19,19,11,Noviembre,4,2025,INICIO_VIGENCIA
936,2025-11-20,20,11,Noviembre,4,2025,INICIO_VIGENCIA
937,2025-11-21,21,11,Noviembre,4,2025,INICIO_VIGENCIA
938,2025-11-22,22,11,Noviembre,4,2025,INICIO_VIGENCIA
939,2025-11-23,23,11,Noviembre,4,2025,INICIO_VIGENCIA
940,2025-11-24,24,11,Noviembre,4,2025,INICIO_VIGENCIA
941,2025-11-25,25,11,Noviembre,4,2025,INICIO_VIGENCIA
942,2025-11-26,26,11,Noviembre,4,2025,INICIO_VIGENCIA
943,2025-11-27,27,11,Noviembre,4,2025,INICIO_VIGENCIA
944,2025-11-28,28,11,Noviembre,4,2025,INICIO_VIGENCIA
945,2025-11-29,29,11,Noviembre,4,2025,INICIO_VIGENCIA
946,2025-11-30,30,11,Noviembre,4,2025,INICIO_VIGENCIA
947,2025-12-01,1,12,Diciembre,4,2025,INICIO_VIGENCIA
948,2025-12-02,2,12,Diciembre,4,2025,INICIO_VIGENCIA
949,2025-12-03,3,12,Diciembre,4,2025,INICIO_VIGENCIA
950,2025-12-04,4,12,Diciembre,4,2025,INICIO_VIGENCIA
951,2025-12-05,5,12,Diciembre,4,2025,INICIO_VIGENCIA
952,2025-12-06,6,12,Diciembre,4,2025,INICIO_VIGENCIA
953,2025-12-07,7,12,Diciembre,4,2025,INICIO_VIGENCIA
954,2025-12-08,8,12,Diciembre,4,2025,INICIO_VIGENCIA
955,2025-12-09,9,12,Diciembre,4,2025,INICIO_VIGENCIA
956,2025-12-10,10,12,Diciembre,4,2025,INICIO_VIGENCIA
957,2025-12-11,11,12,Diciembre,4,2025,INICIO_VIGENCIA
958,2025-12-12,12,12,Diciembre,4,2025,INICIO_VIGENCIA
959,2025-12-13,13,12,Diciembre,4,2025,INICIO_VIGENCIA
960,2025-12-14,14,12,Diciembre,4,2025,INICIO_VIGENCIA
961,2025-12-15,15,12,Diciembre,4,2025,INICIO_VIGENCIA
962,2025-12-16,16,12,Diciembre,4,2025,INICIO_VIGENCIA
963,2025-12-17,17,12,Diciembre,4,2025,INICIO_VIGENCIA
964,2025-12-18,18,12,Diciembre,4,2025,INICIO_VIGENCIA
965,2025-12-19,19,12,Diciembre,4,2025,INICIO_VIGENCIA
966,2025-12-20,20,12,Diciembre,4,2025,INICIO_VIGENCIA
967,2025-12-21,21,12,Diciembre,4,2025,INICIO_VIGENCIA
968,2025-12-22,22,12,Diciembre,4,2025,INICIO_VIGENCIA
969,2025-12-23,23,12,Diciembre,4,2025,INICIO_VIGENCIA
970,2025-12-24,24,12,Diciembre,4,2025,INICIO_VIGENCIA
971,2025-12-25,25,12,Diciembre,4,2025,INICIO_VIGENCIA
972,2025-12-26,26,12,Diciembre,4,2025,INICIO_VIGENCIA
973,2025-12-27,27,12,Diciembre,4,2025,INICIO_VIGENCIA
974,2025-12-28,28,12,Diciembre,4,2025,INICIO_VIGENCIA
975,2025-12-29,29,12,Diciembre,4,2025,INICIO_VIGENCIA
976,2025-12-30,30,12,Diciembre,4,2025,INICIO_VIGENCIA
977,2025-12-31,31,12,Diciembre,4,2025,INICIO_VIGENCIA
978,2026-01-01,1,1,Enero,1,2026,INICIO_VIGENCIA
979,2026-01-02,2,1,Enero,1,2026,INICIO_VIGENCIA
980,2026-01-03,3,1,Enero,1,2026,INICIO_VIGENCIA
981,2026-01-04,4,1,Enero,1,2026,INICIO_VIGENCIA
982,2026-01-05,5,1,Enero,1,2026,INICIO_VIGENCIA
983,2026-01-06,6,1,Enero,1,2026,INICIO_VIGENCIA
984,2026-01-07,7,1,Enero,1,2026,INICIO_VIGENCIA
985,2026-01-08,8,1,Enero,1,2026,INICIO_VIGENCIA
986,2026-01-09,9,1,Enero,1,2026,INICIO_VIGENCIA
987,2026-01-10,10,1,Enero,1,2026,INICIO_VIGENCIA
988,2026-01-11,11,1,Enero,1,2026,INICIO_VIGENCIA
989,2026-01-12,12,1,Enero,1,2026,INICIO_VIGENCIA
990,2026-01-13,13,1,Enero,1,2026,INICIO_VIGENCIA
991,2026-01-14,14,1,Enero,1,2026,INICIO_VIGENCIA
992,2026-01-15,15,1,Enero,1,2026,INICIO_VIGENCIA
993,2026-01-16,16,1,Enero,1,2026,INICIO_VIGENCIA
994,2026-01-17,17,1,Enero,1,2026,INICIO_VIGENCIA
995,2026-01-18,18,1,Enero,1,2026,INICIO_VIGENCIA
996,2026-01-19,19,1,Enero,1,2026,INICIO_VIGENCIA
997,2026-01-20,20,1,Enero,1,2026,INICIO_VIGENCIA
998,2026-01-21,21,1,Enero,1,2026,INICIO_VIGENCIA
999,2026-01-22,22,1,Enero,1,2026,INICIO_VIGENCIA
1000,2026-01-23,23,1,Enero,1,2026,INICIO_VIGENCIA
1001,2026-01-24,24,1,Enero,1,2026,INICIO_VIGENCIA
1002,2026-01-25,25,1,Enero,1,2026,INICIO_VIGENCIA
1003,2026-01-26,26,1,Enero,1,2026,INICIO_VIGENCIA
1004,2026-01-27,27,1,Enero,1,2026,INICIO_VIGENCIA
1005,2026-01-28,28,1,Enero,1,2026,INICIO_VIGENCIA
1006,2026-01-29,29,1,Enero,1,2026,INICIO_VIGENCIA
1007,2026-01-30,30,1,Enero,1,2026,INICIO_VIGENCIA
1008,2026-01-31,31,1,Enero,1,2026,INICIO_VIGENCIA
1009,2026-02-01,1,2,Febrero,1,2026,INICIO_VIGENCIA
1010,2026-02-02,2,2,Febrero,1,2026,INICIO_VIGENCIA
1011,2026-02-03,3,2,Febrero,1,2026,INICIO_VIGENCIA
1012,2026-02-04,4,2,Febrero,1,2026,INICIO_VIGENCIA
1013,2026-02-05,5,2,Febrero,1,2026,INICIO_VIGENCIA
1014,2026-02-06,6,2,Febrero,1,2026,INICIO_VIGENCIA
1015,2026-02-07,7,2,Febrero,1,2026,INICIO_VIGENCIA
1016,2026-02-08,8,2,Febrero,1,2026,INICIO_VIGENCIA
1017,2026-02-09,9,2,Febrero,1,2026,INICIO_VIGENCIA
1018,2026-02-10,10,2,Febrero,1,2026,INICIO_VIGENCIA
1019,2026-02-11,11,2,Febrero,1,2026,INICIO_VIGENCIA
1020,2026-02-12,12,2,Febrero,1,2026,INICIO_VIGENCIA
1021,2026-02-13,13,2,Febrero,1,2026,INICIO_VIGENCIA
1022,2026-02-14,14,2,Febrero,1,2026,INICIO_VIGENCIA
1023,2026-02-15,15,2,Febrero,1,2026,INICIO_VIGENCIA
1024,2026-02-16,16,2,Febrero,1,2026,INICIO_VIGENCIA
1025,2026-02-17,17,2,Febrero,1,2026,INICIO_VIGENCIA
1026,2026-02-18,18,2,Febrero,1,2026,INICIO_VIGENCIA
1027,2026-02-19,19,2,Febrero,1,2026,INICIO_VIGENCIA
1028,2026-02-20,20,2,Febrero,1,2026,INICIO_VIGENCIA
1029,2026-02-21,21,2,Febrero,1,2026,INICIO_VIGENCIA
1030,2026-02-22,22,2,Febrero,1,2026,INICIO_VIGENCIA
1031,2026-02-23,23,2,Febrero,1,2026,INICIO_VIGENCIA
1032,2026-02-24,24,2,Febrero,1,2026,INICIO_VIGENCIA
1033,2026-02-25,25,2,Febrero,1,2026,INICIO_VIGENCIA
1034,2026-02-26,26,2,Febrero,1,2026,INICIO_VIGENCIA
1035,2026-02-27,27,2,Febrero,1,2026,INICIO_VIGENCIA
1036,2026-02-28,28,2,Febrero,1,2026,INICIO_VIGENCIA
1037,2026-03-01,1,3,Marzo,1,2026,INICIO_VIGENCIA
1038,2026-03-02,2,3,Marzo,1,2026,INICIO_VIGENCIA
1039,2026-03-03,3,3,Marzo,1,2026,INICIO_VIGENCIA
1040,2026-03-04,4,3,Marzo,1,2026,INICIO_VIGENCIA
1041,2026-03-05,5,3,Marzo,1,2026,INICIO_VIGENCIA
1042,2026-03-06,6,3,Marzo,1,2026,INICIO_VIGENCIA
1043,2026-03-07,7,3,Marzo,1,2026,INICIO_VIGENCIA
1044,2026-03-08,8,3,Marzo,1,2026,INICIO_VIGENCIA
1045,2026-03-09,9,3,Marzo,1,2026,INICIO_VIGENCIA
1046,2026-03-10,10,3,Marzo,1,2026,INICIO_VIGENCIA
1047,2026-03-11,11,3,Marzo,1,2026,INICIO_VIGENCIA
1048,2026-03-12,12,3,Marzo,1,2026,INICIO_VIGENCIA
1049,2026-03-13,13,3,Marzo,1,2026,INICIO_VIGENCIA
1050,2026-03-14,14,3,Marzo,1,2026,INICIO_VIGENCIA
1051,2026-03-15,15,3,Marzo,1,2026,INICIO_VIGENCIA
1052,2026-03-16,16,3,Marzo,1,2026,INICIO_VIGENCIA
1053,2026-03-17,17,3,Marzo,1,2026,INICIO_VIGENCIA
1054,2026-03-18,18,3,Marzo,1,2026,INICIO_VIGENCIA
1055,2026-03-19,19,3,Marzo,1,2026,INICIO_VIGENCIA
1056,2026-03-20,20,3,Marzo,1,2026,INICIO_VIGENCIA
1057,2026-03-21,21,3,Marzo,1,2026,INICIO_VIGENCIA
1058,2026-03-22,22,3,Marzo,1,2026,INICIO_VIGENCIA
1059,2026-03-23,23,3,Marzo,1,2026,INICIO_VIGENCIA
1060,2026-03-24,24,3,Marzo,1,2026,INICIO_VIGENCIA
1061,2026-03-25,25,3,Marzo,1,2026,INICIO_VIGENCIA
1062,2026-03-26,26,3,Marzo,1,2026,INICIO_VIGENCIA
1063,2026-03-27,27,3,Marzo,1,2026,INICIO_VIGENCIA
1064,2026-03-28,28,3,Marzo,1,2026,INICIO_VIGENCIA
1065,2026-03-29,29,3,Marzo,1,2026,INICIO_VIGENCIA
1066,2026-03-30,30,3,Marzo,1,2026,INICIO_VIGENCIA
1067,2026-03-31,31,3,Marzo,1,2026,INICIO_VIGENCIA
1068,2026-04-01,1,4,Abril,2,2026,INICIO_VIGENCIA
1069,2026-04-02,2,4,Abril,2,2026,INICIO_VIGENCIA
1070,2026-04-03,3,4,Abril,2,2026,INICIO_VIGENCIA
1071,2026-04-04,4,4,Abril,2,2026,INICIO_VIGENCIA
1072,2026-04-05,5,4,Abril,2,2026,INICIO_VIGENCIA
1073,2026-04-06,6,4,Abril,2,2026,INICIO_VIGENCIA
1074,2026-04-07,7,4,Abril,2,2026,INICIO_VIGENCIA
1075,2026-04-08,8,4,Abril,2,2026,INICIO_VIGENCIA
1076,2026-04-09,9,4,Abril,2,2026,INICIO_VIGENCIA
1077,2026-04-10,10,4,Abril,2,2026,INICIO_VIGENCIA
1078,2026-04-11,11,4,Abril,2,2026,INICIO_VIGENCIA
1079,2026-04-12,12,4,Abril,2,2026,INICIO_VIGENCIA
1080,2026-04-13,13,4,Abril,2,2026,INICIO_VIGENCIA
1081,2026-04-14,14,4,Abril,2,2026,INICIO_VIGENCIA
1082,2026-04-15,15,4,Abril,2,2026,INICIO_VIGENCIA
1083,2026-04-16,16,4,Abril,2,2026,INICIO_VIGENCIA
1084,2026-04-17,17,4,Abril,2,2026,INICIO_VIGENCIA
1085,2026-04-18,18,4,Abril,2,2026,INICIO_VIGENCIA
1086,2026-04-19,19,4,Abril,2,2026,INICIO_VIGENCIA
1087,2026-04-20,20,4,Abril,2,2026,INICIO_VIGENCIA
1088,2026-04-21,21,4,Abril,2,2026,INICIO_VIGENCIA
1089,2026-04-22,22,4,Abril,2,2026,INICIO_VIGENCIA
1090,2026-04-23,23,4,Abril,2,2026,INICIO_VIGENCIA
1091,2026-04-24,24,4,Abril,2,2026,INICIO_VIGENCIA
1092,2026-04-25,25,4,Abril,2,2026,INICIO_VIGENCIA
1093,2026-04-26,26,4,Abril,2,2026,INICIO_VIGENCIA
1094,2026-04-27,27,4,Abril,2,2026,INICIO_VIGENCIA
1095,2026-04-28,28,4,Abril,2,2026,INICIO_VIGENCIA
1096,2026-04-29,29,4,Abril,2,2026,INICIO_VIGENCIA
1097,2026-04-30,30,4,Abril,2,2026,INICIO_VIGENCIA
1098,2026-05-01,1,5,Mayo,2,2026,INICIO_VIGENCIA
1099,2026-05-02,2,5,Mayo,2,2026,INICIO_VIGENCIA
1100,2026-05-03,3,5,Mayo,2,2026,INICIO_VIGENCIA
1101,2026-05-04,4,5,Mayo,2,2026,INICIO_VIGENCIA
1102,2026-05-05,5,5,Mayo,2,2026,INICIO_VIGENCIA
1103,2026-05-06,6,5,Mayo,2,2026,INICIO_VIGENCIA
1104,2026-05-07,7,5,Mayo,2,2026,INICIO_VIGENCIA
1105,2026-05-08,8,5,Mayo,2,2026,INICIO_VIGENCIA
1106,2026-05-09,9,5,Mayo,2,2026,INICIO_VIGENCIA
1107,2026-05-10,10,5,Mayo,2,2026,INICIO_VIGENCIA
1108,2026-05-11,11,5,Mayo,2,2026,INICIO_VIGENCIA
1109,2026-05-12,12,5,Mayo,2,2026,INICIO_VIGENCIA
1110,2026-05-13,13,5,Mayo,2,2026,INICIO_VIGENCIA
1111,2026-05-14,14,5,Mayo,2,2026,INICIO_VIGENCIA
1112,2026-05-15,15,5,Mayo,2,2026,INICIO_VIGENCIA
1113,2026-05-16,16,5,Mayo,2,2026,INICIO_VIGENCIA
1114,2026-05-17,17,5,Mayo,2,2026,INICIO_VIGENCIA
1115,2026-05-18,18,5,Mayo,2,2026,INICIO_VIGENCIA
1116,2026-05-19,19,5,Mayo,2,2026,INICIO_VIGENCIA
1117,2026-05-20,20,5,Mayo,2,2026,INICIO_VIGENCIA
1118,2026-05-21,21,5,Mayo,2,2026,INICIO_VIGENCIA
1119,2026-05-22,22,5,Mayo,2,2026,INICIO_VIGENCIA
1120,2026-05-23,23,5,Mayo,2,2026,INICIO_VIGENCIA
1121,2026-05-24,24,5,Mayo,2,2026,INICIO_VIGENCIA
1122,2026-05-25,25,5,Mayo,2,2026,INICIO_VIGENCIA
1123,2026-05-25,25,5,Mayo,2,2026,VENCIMIENTO
1124,2026-05-26,26,5,Mayo,2,2026,INICIO_VIGENCIA
1125,2026-05-26,26,5,Mayo,2,2026,VENCIMIENTO
1126,2026-05-27,27,5,Mayo,2,2026,INICIO_VIGENCIA
1127,2026-05-27,27,5,Mayo,2,2026,VENCIMIENTO
1128,2026-05-28,28,5,Mayo,2,2026,INICIO_VIGENCIA
1129,2026-05-28,28,5,Mayo,2,2026,VENCIMIENTO
1130,2026-05-29,29,5,Mayo,2,2026,INICIO_VIGENCIA
1131,2026-05-29,29,5,Mayo,2,2026,VENCIMIENTO
1132,2026-05-30,30,5,Mayo,2,2026,INICIO_VIGENCIA
1133,2026-05-30,30,5,Mayo,2,2026,VENCIMIENTO
1134,2026-05-31,31,5,Mayo,2,2026,INICIO_VIGENCIA
1135,2026-05-31,31,5,Mayo,2,2026,VENCIMIENTO
1136,2026-06-01,1,6,Junio,2,2026,INICIO_VIGENCIA
1137,2026-06-01,1,6,Junio,2,2026,VENCIMIENTO
1138,2026-06-02,2,6,Junio,2,2026,INICIO_VIGENCIA
1139,2026-06-02,2,6,Junio,2,2026,VENCIMIENTO
1140,2026-06-03,3,6,Junio,2,2026,INICIO_VIGENCIA
1141,2026-06-03,3,6,Junio,2,2026,VENCIMIENTO
1142,2026-06-04,4,6,Junio,2,2026,INICIO_VIGENCIA
1143,2026-06-04,4,6,Junio,2,2026,VENCIMIENTO
1144,2026-06-05,5,6,Junio,2,2026,INICIO_VIGENCIA
1145,2026-06-05,5,6,Junio,2,2026,VENCIMIENTO
1146,2026-06-06,6,6,Junio,2,2026,INICIO_VIGENCIA
1147,2026-06-06,6,6,Junio,2,2026,VENCIMIENTO
1148,2026-06-07,7,6,Junio,2,2026,INICIO_VIGENCIA
1149,2026-06-07,7,6,Junio,2,2026,VENCIMIENTO
1150,2026-06-08,8,6,Junio,2,2026,INICIO_VIGENCIA
1151,2026-06-08,8,6,Junio,2,2026,VENCIMIENTO
1152,2026-06-09,9,6,Junio,2,2026,INICIO_VIGENCIA
1153,2026-06-09,9,6,Junio,2,2026,VENCIMIENTO
1154,2026-06-10,10,6,Junio,2,2026,INICIO_VIGENCIA
1155,2026-06-10,10,6,Junio,2,2026,VENCIMIENTO
1156,2026-06-11,11,6,Junio,2,2026,INICIO_VIGENCIA
1157,2026-06-11,11,6,Junio,2,2026,VENCIMIENTO
1158,2026-06-12,12,6,Junio,2,2026,INICIO_VIGENCIA
1159,2026-06-12,12,6,Junio,2,2026,VENCIMIENTO
1160,2026-06-13,13,6,Junio,2,2026,INICIO_VIGENCIA
1161,2026-06-13,13,6,Junio,2,2026,VENCIMIENTO
1162,2026-06-14,14,6,Junio,2,2026,INICIO_VIGENCIA
1163,2026-06-14,14,6,Junio,2,2026,VENCIMIENTO
1164,2026-06-15,15,6,Junio,2,2026,INICIO_VIGENCIA
1165,2026-06-15,15,6,Junio,2,2026,VENCIMIENTO
1166,2026-06-16,16,6,Junio,2,2026,INICIO_VIGENCIA
1167,2026-06-16,16,6,Junio,2,2026,VENCIMIENTO
1168,2026-06-17,17,6,Junio,2,2026,INICIO_VIGENCIA
1169,2026-06-17,17,6,Junio,2,2026,VENCIMIENTO
1170,2026-06-18,18,6,Junio,2,2026,INICIO_VIGENCIA
1171,2026-06-18,18,6,Junio,2,2026,VENCIMIENTO
1172,2026-06-19,19,6,Junio,2,2026,INICIO_VIGENCIA
1173,2026-06-19,19,6,Junio,2,2026,VENCIMIENTO
1174,2026-06-20,20,6,Junio,2,2026,INICIO_VIGENCIA
1175,2026-06-20,20,6,Junio,2,2026,VENCIMIENTO
1176,2026-06-21,21,6,Junio,2,2026,INICIO_VIGENCIA
1177,2026-06-21,21,6,Junio,2,2026,VENCIMIENTO
1178,2026-06-22,22,6,Junio,2,2026,INICIO_VIGENCIA
1179,2026-06-22,22,6,Junio,2,2026,VENCIMIENTO
1180,2026-06-23,23,6,Junio,2,2026,INICIO_VIGENCIA
1181,2026-06-23,23,6,Junio,2,2026,VENCIMIENTO
1182,2026-06-24,24,6,Junio,2,2026,INICIO_VIGENCIA
1183,2026-06-24,24,6,Junio,2,2026,VENCIMIENTO
1184,2026-06-25,25,6,Junio,2,2026,INICIO_VIGENCIA
1185,2026-06-25,25,6,Junio,2,2026,VENCIMIENTO
1186,2026-06-26,26,6,Junio,2,2026,INICIO_VIGENCIA
1187,2026-06-26,26,6,Junio,2,2026,VENCIMIENTO
1188,2026-06-27,27,6,Junio,2,2026,INICIO_VIGENCIA
1189,2026-06-27,27,6,Junio,2,2026,VENCIMIENTO
1190,2026-06-28,28,6,Junio,2,2026,INICIO_VIGENCIA
1191,2026-06-28,28,6,Junio,2,2026,VENCIMIENTO
1192,2026-06-29,29,6,Junio,2,2026,INICIO_VIGENCIA
1193,2026-06-29,29,6,Junio,2,2026,VENCIMIENTO
1194,2026-06-30,30,6,Junio,2,2026,INICIO_VIGENCIA
1195,2026-06-30,30,6,Junio,2,2026,VENCIMIENTO
1196,2026-07-01,1,7,Julio,3,2026,INICIO_VIGENCIA
1197,2026-07-01,1,7,Julio,3,2026,VENCIMIENTO
1198,2026-07-02,2,7,Julio,3,2026,INICIO_VIGENCIA
1199,2026-07-02,2,7,Julio,3,2026,VENCIMIENTO
1200,2026-07-03,3,7,Julio,3,2026,INICIO_VIGENCIA
1201,2026-07-03,3,7,Julio,3,2026,VENCIMIENTO
1202,2026-07-04,4,7,Julio,3,2026,INICIO_VIGENCIA
1203,2026-07-04,4,7,Julio,3,2026,VENCIMIENTO
1204,2026-07-05,5,7,Julio,3,2026,INICIO_VIGENCIA
1205,2026-07-05,5,7,Julio,3,2026,VENCIMIENTO
1206,2026-07-06,6,7,Julio,3,2026,INICIO_VIGENCIA
1207,2026-07-06,6,7,Julio,3,2026,VENCIMIENTO
1208,2026-07-07,7,7,Julio,3,2026,INICIO_VIGENCIA
1209,2026-07-07,7,7,Julio,3,2026,VENCIMIENTO
1210,2026-07-08,8,7,Julio,3,2026,VENCIMIENTO
1211,2026-07-09,9,7,Julio,3,2026,INICIO_VIGENCIA
1212,2026-07-09,9,7,Julio,3,2026,VENCIMIENTO
1213,2026-07-10,10,7,Julio,3,2026,INICIO_VIGENCIA
1214,2026-07-10,10,7,Julio,3,2026,VENCIMIENTO
1215,2026-07-11,11,7,Julio,3,2026,INICIO_VIGENCIA
1216,2026-07-11,11,7,Julio,3,2026,VENCIMIENTO
1217,2026-07-12,12,7,Julio,3,2026,INICIO_VIGENCIA
1218,2026-07-12,12,7,Julio,3,2026,VENCIMIENTO
1219,2026-07-13,13,7,Julio,3,2026,INICIO_VIGENCIA
1220,2026-07-13,13,7,Julio,3,2026,VENCIMIENTO
1221,2026-07-14,14,7,Julio,3,2026,INICIO_VIGENCIA
1222,2026-07-14,14,7,Julio,3,2026,VENCIMIENTO
1223,2026-07-15,15,7,Julio,3,2026,INICIO_VIGENCIA
1224,2026-07-15,15,7,Julio,3,2026,VENCIMIENTO
1225,2026-07-16,16,7,Julio,3,2026,VENCIMIENTO
1226,2026-07-17,17,7,Julio,3,2026,VENCIMIENTO
1227,2026-07-18,18,7,Julio,3,2026,INICIO_VIGENCIA
1228,2026-07-18,18,7,Julio,3,2026,VENCIMIENTO
1229,2026-07-19,19,7,Julio,3,2026,INICIO_VIGENCIA
1230,2026-07-19,19,7,Julio,3,2026,VENCIMIENTO
1231,2026-07-20,20,7,Julio,3,2026,INICIO_VIGENCIA
1232,2026-07-20,20,7,Julio,3,2026,VENCIMIENTO
1233,2026-07-21,21,7,Julio,3,2026,INICIO_VIGENCIA
1234,2026-07-21,21,7,Julio,3,2026,VENCIMIENTO
1235,2026-07-22,22,7,Julio,3,2026,VENCIMIENTO
1236,2026-07-23,23,7,Julio,3,2026,INICIO_VIGENCIA
1237,2026-07-23,23,7,Julio,3,2026,VENCIMIENTO
1238,2026-07-24,24,7,Julio,3,2026,INICIO_VIGENCIA
1239,2026-07-24,24,7,Julio,3,2026,VENCIMIENTO
1240,2026-07-25,25,7,Julio,3,2026,INICIO_VIGENCIA
1241,2026-07-25,25,7,Julio,3,2026,VENCIMIENTO
1242,2026-07-26,26,7,Julio,3,2026,INICIO_VIGENCIA
1243,2026-07-26,26,7,Julio,3,2026,VENCIMIENTO
1244,2026-07-27,27,7,Julio,3,2026,INICIO_VIGENCIA
1245,2026-07-27,27,7,Julio,3,2026,VENCIMIENTO
1246,2026-07-28,28,7,Julio,3,2026,INICIO_VIGENCIA
1247,2026-07-28,28,7,Julio,3,2026,VENCIMIENTO
1248,2026-07-29,29,7,Julio,3,2026,INICIO_VIGENCIA
1249,2026-07-29,29,7,Julio,3,2026,VENCIMIENTO
1250,2026-07-30,30,7,Julio,3,2026,INICIO_VIGENCIA
1251,2026-07-30,30,7,Julio,3,2026,VENCIMIENTO
1252,2026-07-31,31,7,Julio,3,2026,INICIO_VIGENCIA
1253,2026-07-31,31,7,Julio,3,2026,VENCIMIENTO
1254,2026-08-01,1,8,Agosto,3,2026,INICIO_VIGENCIA
1255,2026-08-01,1,8,Agosto,3,2026,VENCIMIENTO
1256,2026-08-02,2,8,Agosto,3,2026,VENCIMIENTO
1257,2026-08-03,3,8,Agosto,3,2026,VENCIMIENTO
1258,2026-08-04,4,8,Agosto,3,2026,VENCIMIENTO
1259,2026-08-05,5,8,Agosto,3,2026,VENCIMIENTO
1260,2026-08-06,6,8,Agosto,3,2026,VENCIMIENTO
1261,2026-08-07,7,8,Agosto,3,2026,VENCIMIENTO
1262,2026-08-08,8,8,Agosto,3,2026,VENCIMIENTO
1263,2026-08-09,9,8,Agosto,3,2026,VENCIMIENTO
1264,2026-08-10,10,8,Agosto,3,2026,VENCIMIENTO
1265,2026-08-11,11,8,Agosto,3,2026,VENCIMIENTO
1266,2026-08-12,12,8,Agosto,3,2026,VENCIMIENTO
1267,2026-08-13,13,8,Agosto,3,2026,VENCIMIENTO
1268,2026-08-14,14,8,Agosto,3,2026,VENCIMIENTO
1269,2026-08-15,15,8,Agosto,3,2026,VENCIMIENTO
1270,2026-08-16,16,8,Agosto,3,2026,VENCIMIENTO
1271,2026-08-17,17,8,Agosto,3,2026,VENCIMIENTO
1272,2026-08-18,18,8,Agosto,3,2026,VENCIMIENTO
1273,2026-08-19,19,8,Agosto,3,2026,VENCIMIENTO
1274,2026-08-20,20,8,Agosto,3,2026,VENCIMIENTO
1275,2026-08-21,21,8,Agosto,3,2026,VENCIMIENTO
1276,2026-08-22,22,8,Agosto,3,2026,VENCIMIENTO
1277,2026-08-23,23,8,Agosto,3,2026,VENCIMIENTO
1278,2026-08-24,24,8,Agosto,3,2026,VENCIMIENTO
1279,2026-08-25,25,8,Agosto,3,2026,VENCIMIENTO
1280,2026-08-26,26,8,Agosto,3,2026,VENCIMIENTO
1281,2026-08-27,27,8,Agosto,3,2026,VENCIMIENTO
1282,2026-08-28,28,8,Agosto,3,2026,VENCIMIENTO
1283,2026-08-29,29,8,Agosto,3,2026,VENCIMIENTO
1284,2026-08-30,30,8,Agosto,3,2026,VENCIMIENTO
1285,2026-08-31,31,8,Agosto,3,2026,VENCIMIENTO
1286,2026-09-01,1,9,Septiembre,3,2026,VENCIMIENTO
1287,2026-09-02,2,9,Septiembre,3,2026,VENCIMIENTO
1288,2026-09-03,3,9,Septiembre,3,2026,VENCIMIENTO
1289,2026-09-04,4,9,Septiembre,3,2026,VENCIMIENTO
1290,2026-09-05,5,9,Septiembre,3,2026,VENCIMIENTO
1291,2026-09-06,6,9,Septiembre,3,2026,VENCIMIENTO
1292,2026-09-07,7,9,Septiembre,3,2026,VENCIMIENTO
1293,2026-09-08,8,9,Septiembre,3,2026,VENCIMIENTO
1294,2026-09-09,9,9,Septiembre,3,2026,VENCIMIENTO
1295,2026-09-10,10,9,Septiembre,3,2026,VENCIMIENTO
1296,2026-09-11,11,9,Septiembre,3,2026,VENCIMIENTO
1297,2026-09-12,12,9,Septiembre,3,2026,VENCIMIENTO
1298,2026-09-13,13,9,Septiembre,3,2026,VENCIMIENTO
1299,2026-09-14,14,9,Septiembre,3,2026,VENCIMIENTO
1300,2026-09-15,15,9,Septiembre,3,2026,VENCIMIENTO
1301,2026-09-16,16,9,Septiembre,3,2026,VENCIMIENTO
1302,2026-09-17,17,9,Septiembre,3,2026,VENCIMIENTO
1303,2026-09-18,18,9,Septiembre,3,2026,VENCIMIENTO
1304,2026-09-19,19,9,Septiembre,3,2026,VENCIMIENTO
1305,2026-09-20,20,9,Septiembre,3,2026,VENCIMIENTO
1306,2026-09-21,21,9,Septiembre,3,2026,VENCIMIENTO
1307,2026-09-22,22,9,Septiembre,3,2026,VENCIMIENTO
1308,2026-09-23,23,9,Septiembre,3,2026,VENCIMIENTO
1309,2026-09-24,24,9,Septiembre,3,2026,VENCIMIENTO
1310,2026-09-25,25,9,Septiembre,3,2026,VENCIMIENTO
1311,2026-09-26,26,9,Septiembre,3,2026,VENCIMIENTO
1312,2026-09-27,27,9,Septiembre,3,2026,VENCIMIENTO
1313,2026-09-28,28,9,Septiembre,3,2026,VENCIMIENTO
1314,2026-09-29,29,9,Septiembre,3,2026,VENCIMIENTO
1315,2026-09-30,30,9,Septiembre,3,2026,VENCIMIENTO
1316,2026-10-01,1,10,Octubre,4,2026,VENCIMIENTO
1317,2026-10-02,2,10,Octubre,4,2026,VENCIMIENTO
1318,2026-10-03,3,10,Octubre,4,2026,VENCIMIENTO
1319,2026-10-04,4,10,Octubre,4,2026,VENCIMIENTO
1320,2026-10-05,5,10,Octubre,4,2026,VENCIMIENTO
1321,2026-10-06,6,10,Octubre,4,2026,VENCIMIENTO
1322,2026-10-07,7,10,Octubre,4,2026,VENCIMIENTO
1323,2026-10-08,8,10,Octubre,4,2026,VENCIMIENTO
1324,2026-10-09,9,10,Octubre,4,2026,VENCIMIENTO
1325,2026-10-10,10,10,Octubre,4,2026,VENCIMIENTO
1326,2026-10-11,11,10,Octubre,4,2026,VENCIMIENTO
1327,2026-10-12,12,10,Octubre,4,2026,VENCIMIENTO
1328,2026-10-13,13,10,Octubre,4,2026,VENCIMIENTO
1329,2026-10-14,14,10,Octubre,4,2026,VENCIMIENTO
1330,2026-10-15,15,10,Octubre,4,2026,VENCIMIENTO
1331,2026-10-16,16,10,Octubre,4,2026,VENCIMIENTO
1332,2026-10-17,17,10,Octubre,4,2026,VENCIMIENTO
1333,2026-10-18,18,10,Octubre,4,2026,VENCIMIENTO
1334,2026-10-19,19,10,Octubre,4,2026,VENCIMIENTO
1335,2026-10-20,20,10,Octubre,4,2026,VENCIMIENTO
1336,2026-10-21,21,10,Octubre,4,2026,VENCIMIENTO
1337,2026-10-22,22,10,Octubre,4,2026,VENCIMIENTO
1338,2026-10-23,23,10,Octubre,4,2026,VENCIMIENTO
1339,2026-10-24,24,10,Octubre,4,2026,VENCIMIENTO
1340,2026-10-25,25,10,Octubre,4,2026,VENCIMIENTO
1341,2026-10-26,26,10,Octubre,4,2026,VENCIMIENTO
1342,2026-10-27,27,10,Octubre,4,2026,VENCIMIENTO
1343,2026-10-28,28,10,Octubre,4,2026,VENCIMIENTO
1344,2026-10-29,29,10,Octubre,4,2026,VENCIMIENTO
1345,2026-10-30,30,10,Octubre,4,2026,VENCIMIENTO
1346,2026-10-31,31,10,Octubre,4,2026,VENCIMIENTO
1347,2026-11-01,1,11,Noviembre,4,2026,VENCIMIENTO
1348,2026-11-02,2,11,Noviembre,4,2026,VENCIMIENTO
1349,2026-11-03,3,11,Noviembre,4,2026,VENCIMIENTO
1350,2026-11-04,4,11,Noviembre,4,2026,VENCIMIENTO
1351,2026-11-05,5,11,Noviembre,4,2026,VENCIMIENTO
1352,2026-11-06,6,11,Noviembre,4,2026,VENCIMIENTO
1353,2026-11-07,7,11,Noviembre,4,2026,VENCIMIENTO
1354,2026-11-08,8,11,Noviembre,4,2026,VENCIMIENTO
1355,2026-11-09,9,11,Noviembre,4,2026,VENCIMIENTO
1356,2026-11-10,10,11,Noviembre,4,2026,VENCIMIENTO
1357,2026-11-11,11,11,Noviembre,4,2026,VENCIMIENTO
1358,2026-11-12,12,11,Noviembre,4,2026,VENCIMIENTO
1359,2026-11-13,13,11,Noviembre,4,2026,VENCIMIENTO
1360,2026-11-14,14,11,Noviembre,4,2026,VENCIMIENTO
1361,2026-11-15,15,11,Noviembre,4,2026,VENCIMIENTO
1362,2026-11-16,16,11,Noviembre,4,2026,VENCIMIENTO
1363,2026-11-17,17,11,Noviembre,4,2026,VENCIMIENTO
1364,2026-11-18,18,11,Noviembre,4,2026,VENCIMIENTO
1365,2026-11-19,19,11,Noviembre,4,2026,VENCIMIENTO
1366,2026-11-20,20,11,Noviembre,4,2026,VENCIMIENTO
1367,2026-11-21,21,11,Noviembre,4,2026,VENCIMIENTO
1368,2026-11-22,22,11,Noviembre,4,2026,VENCIMIENTO
1369,2026-11-23,23,11,Noviembre,4,2026,VENCIMIENTO
1370,2026-11-24,24,11,Noviembre,4,2026,VENCIMIENTO
1371,2026-11-25,25,11,Noviembre,4,2026,VENCIMIENTO
1372,2026-11-26,26,11,Noviembre,4,2026,VENCIMIENTO
1373,2026-11-27,27,11,Noviembre,4,2026,VENCIMIENTO
1374,2026-11-28,28,11,Noviembre,4,2026,VENCIMIENTO
1375,2026-11-29,29,11,Noviembre,4,2026,VENCIMIENTO
1376,2026-11-30,30,11,Noviembre,4,2026,VENCIMIENTO
1377,2026-12-01,1,12,Diciembre,4,2026,VENCIMIENTO
1378,2026-12-02,2,12,Diciembre,4,2026,VENCIMIENTO
1379,2026-12-03,3,12,Diciembre,4,2026,VENCIMIENTO
1380,2026-12-04,4,12,Diciembre,4,2026,VENCIMIENTO
1381,2026-12-05,5,12,Diciembre,4,2026,VENCIMIENTO
1382,2026-12-06,6,12,Diciembre,4,2026,VENCIMIENTO
1383,2026-12-07,7,12,Diciembre,4,2026,VENCIMIENTO
1384,2026-12-08,8,12,Diciembre,4,2026,VENCIMIENTO
1385,2026-12-09,9,12,Diciembre,4,2026,VENCIMIENTO
1386,2026-12-10,10,12,Diciembre,4,2026,VENCIMIENTO
1387,2026-12-11,11,12,Diciembre,4,2026,VENCIMIENTO
1388,2026-12-12,12,12,Diciembre,4,2026,VENCIMIENTO
1389,2026-12-13,13,12,Diciembre,4,2026,VENCIMIENTO
1390,2026-12-14,14,12,Diciembre,4,2026,VENCIMIENTO
1391,2026-12-15,15,12,Diciembre,4,2026,VENCIMIENTO
1392,2026-12-16,16,12,Diciembre,4,2026,VENCIMIENTO
1393,2026-12-17,17,12,Diciembre,4,2026,VENCIMIENTO
1394,2026-12-18,18,12,Diciembre,4,2026,VENCIMIENTO
1395,2026-12-19,19,12,Diciembre,4,2026,VENCIMIENTO
1396,2026-12-20,20,12,Diciembre,4,2026,VENCIMIENTO
1397,2026-12-21,21,12,Diciembre,4,2026,VENCIMIENTO
1398,2026-12-22,22,12,Diciembre,4,2026,VENCIMIENTO
1399,2026-12-23,23,12,Diciembre,4,2026,VENCIMIENTO
1400,2026-12-24,24,12,Diciembre,4,2026,VENCIMIENTO
1401,2026-12-25,25,12,Diciembre,4,2026,VENCIMIENTO
1402,2026-12-26,26,12,Diciembre,4,2026,VENCIMIENTO
1403,2026-12-27,27,12,Diciembre,4,2026,VENCIMIENTO
1404,2026-12-28,28,12,Diciembre,4,2026,VENCIMIENTO
1405,2026-12-29,29,12,Diciembre,4,2026,VENCIMIENTO
1406,2026-12-30,30,12,Diciembre,4,2026,VENCIMIENTO
1407,2026-12-31,31,12,Diciembre,4,2026,VENCIMIENTO
1408,2027-01-01,1,1,Enero,1,2027,VENCIMIENTO
1409,2027-01-02,2,1,Enero,1,2027,VENCIMIENTO
1410,2027-01-03,3,1,Enero,1,2027,VENCIMIENTO
1411,2027-01-04,4,1,Enero,1,2027,VENCIMIENTO
1412,2027-01-05,5,1,Enero,1,2027,VENCIMIENTO
1413,2027-01-06,6,1,Enero,1,2027,VENCIMIENTO
1414,2027-01-07,7,1,Enero,1,2027,VENCIMIENTO
1415,2027-01-08,8,1,Enero,1,2027,VENCIMIENTO
1416,2027-01-09,9,1,Enero,1,2027,VENCIMIENTO
1417,2027-01-10,10,1,Enero,1,2027,VENCIMIENTO
1418,2027-01-11,11,1,Enero,1,2027,VENCIMIENTO
1419,2027-01-12,12,1,Enero,1,2027,VENCIMIENTO
1420,2027-01-13,13,1,Enero,1,2027,VENCIMIENTO
1421,2027-01-14,14,1,Enero,1,2027,VENCIMIENTO
1422,2027-01-15,15,1,Enero,1,2027,VENCIMIENTO
1423,2027-01-16,16,1,Enero,1,2027,VENCIMIENTO
1424,2027-01-17,17,1,Enero,1,2027,VENCIMIENTO
1425,2027-01-18,18,1,Enero,1,2027,VENCIMIENTO
1426,2027-01-19,19,1,Enero,1,2027,VENCIMIENTO
1427,2027-01-20,20,1,Enero,1,2027,VENCIMIENTO
1428,2027-01-21,21,1,Enero,1,2027,VENCIMIENTO
1429,2027-01-22,22,1,Enero,1,2027,VENCIMIENTO
1430,2027-01-23,23,1,Enero,1,2027,VENCIMIENTO
1431,2027-01-24,24,1,Enero,1,2027,VENCIMIENTO
1432,2027-01-25,25,1,Enero,1,2027,VENCIMIENTO
1433,2027-01-26,26,1,Enero,1,2027,VENCIMIENTO
1434,2027-01-27,27,1,Enero,1,2027,VENCIMIENTO
1435,2027-01-28,28,1,Enero,1,2027,VENCIMIENTO
1436,2027-01-29,29,1,Enero,1,2027,VENCIMIENTO
1437,2027-01-30,30,1,Enero,1,2027,VENCIMIENTO
1438,2027-01-31,31,1,Enero,1,2027,VENCIMIENTO
1439,2027-02-01,1,2,Febrero,1,2027,VENCIMIENTO
1440,2027-02-02,2,2,Febrero,1,2027,VENCIMIENTO
1441,2027-02-03,3,2,Febrero,1,2027,VENCIMIENTO
1442,2027-02-04,4,2,Febrero,1,2027,VENCIMIENTO
1443,2027-02-05,5,2,Febrero,1,2027,VENCIMIENTO
1444,2027-02-06,6,2,Febrero,1,2027,VENCIMIENTO
1445,2027-02-07,7,2,Febrero,1,2027,VENCIMIENTO
1446,2027-02-08,8,2,Febrero,1,2027,VENCIMIENTO
1447,2027-02-09,9,2,Febrero,1,2027,VENCIMIENTO
1448,2027-02-10,10,2,Febrero,1,2027,VENCIMIENTO
1449,2027-02-11,11,2,Febrero,1,2027,VENCIMIENTO
1450,2027-02-12,12,2,Febrero,1,2027,VENCIMIENTO
1451,2027-02-13,13,2,Febrero,1,2027,VENCIMIENTO
1452,2027-02-14,14,2,Febrero,1,2027,VENCIMIENTO
1453,2027-02-15,15,2,Febrero,1,2027,VENCIMIENTO
1454,2027-02-16,16,2,Febrero,1,2027,VENCIMIENTO
1455,2027-02-17,17,2,Febrero,1,2027,VENCIMIENTO
1456,2027-02-18,18,2,Febrero,1,2027,VENCIMIENTO
1457,2027-02-19,19,2,Febrero,1,2027,VENCIMIENTO
1458,2027-02-20,20,2,Febrero,1,2027,VENCIMIENTO
1459,2027-02-21,21,2,Febrero,1,2027,VENCIMIENTO
1460,2027-02-22,22,2,Febrero,1,2027,VENCIMIENTO
1461,2027-02-23,23,2,Febrero,1,2027,VENCIMIENTO
1462,2027-02-24,24,2,Febrero,1,2027,VENCIMIENTO
1463,2027-02-25,25,2,Febrero,1,2027,VENCIMIENTO
1464,2027-02-26,26,2,Febrero,1,2027,VENCIMIENTO
1465,2027-02-27,27,2,Febrero,1,2027,VENCIMIENTO
1466,2027-02-28,28,2,Febrero,1,2027,VENCIMIENTO
1467,2027-03-01,1,3,Marzo,1,2027,VENCIMIENTO
1468,2027-03-02,2,3,Marzo,1,2027,VENCIMIENTO
1469,2027-03-03,3,3,Marzo,1,2027,VENCIMIENTO
1470,2027-03-04,4,3,Marzo,1,2027,VENCIMIENTO
1471,2027-03-05,5,3,Marzo,1,2027,VENCIMIENTO
1472,2027-03-06,6,3,Marzo,1,2027,VENCIMIENTO
1473,2027-03-07,7,3,Marzo,1,2027,VENCIMIENTO
1474,2027-03-08,8,3,Marzo,1,2027,VENCIMIENTO
1475,2027-03-09,9,3,Marzo,1,2027,VENCIMIENTO
1476,2027-03-10,10,3,Marzo,1,2027,VENCIMIENTO
1477,2027-03-11,11,3,Marzo,1,2027,VENCIMIENTO
1478,2027-03-12,12,3,Marzo,1,2027,VENCIMIENTO
1479,2027-03-13,13,3,Marzo,1,2027,VENCIMIENTO
1480,2027-03-14,14,3,Marzo,1,2027,VENCIMIENTO
1481,2027-03-15,15,3,Marzo,1,2027,VENCIMIENTO
1482,2027-03-16,16,3,Marzo,1,2027,VENCIMIENTO
1483,2027-03-17,17,3,Marzo,1,2027,VENCIMIENTO
1484,2027-03-18,18,3,Marzo,1,2027,VENCIMIENTO
1485,2027-03-19,19,3,Marzo,1,2027,VENCIMIENTO
1486,2027-03-20,20,3,Marzo,1,2027,VENCIMIENTO
1487,2027-03-21,21,3,Marzo,1,2027,VENCIMIENTO
1488,2027-03-22,22,3,Marzo,1,2027,VENCIMIENTO
1489,2027-03-23,23,3,Marzo,1,2027,VENCIMIENTO
1490,2027-03-24,24,3,Marzo,1,2027,VENCIMIENTO
1491,2027-03-25,25,3,Marzo,1,2027,VENCIMIENTO
1492,2027-03-26,26,3,Marzo,1,2027,VENCIMIENTO
1493,2027-03-27,27,3,Marzo,1,2027,VENCIMIENTO
1494,2027-03-28,28,3,Marzo,1,2027,VENCIMIENTO
1495,2027-03-29,29,3,Marzo,1,2027,VENCIMIENTO
1496,2027-03-30,30,3,Marzo,1,2027,VENCIMIENTO
1497,2027-03-31,31,3,Marzo,1,2027,VENCIMIENTO
1498,2027-04-01,1,4,Abril,2,2027,VENCIMIENTO
1499,2027-04-02,2,4,Abril,2,2027,VENCIMIENTO
1500,2027-04-03,3,4,Abril,2,2027,VENCIMIENTO
1501,2027-04-04,4,4,Abril,2,2027,VENCIMIENTO
1502,2027-04-05,5,4,Abril,2,2027,VENCIMIENTO
1503,2027-04-06,6,4,Abril,2,2027,VENCIMIENTO
1504,2027-04-07,7,4,Abril,2,2027,VENCIMIENTO
1505,2027-04-08,8,4,Abril,2,2027,VENCIMIENTO
1506,2027-04-09,9,4,Abril,2,2027,VENCIMIENTO
1507,2027-04-10,10,4,Abril,2,2027,VENCIMIENTO
1508,2027-04-11,11,4,Abril,2,2027,VENCIMIENTO
1509,2027-04-12,12,4,Abril,2,2027,VENCIMIENTO
1510,2027-04-13,13,4,Abril,2,2027,VENCIMIENTO
1511,2027-04-14,14,4,Abril,2,2027,VENCIMIENTO
1512,2027-04-15,15,4,Abril,2,2027,VENCIMIENTO
1513,2027-04-16,16,4,Abril,2,2027,VENCIMIENTO
1514,2027-04-17,17,4,Abril,2,2027,VENCIMIENTO
1515,2027-04-18,18,4,Abril,2,2027,VENCIMIENTO
1516,2027-04-19,19,4,Abril,2,2027,VENCIMIENTO
1517,2027-04-20,20,4,Abril,2,2027,VENCIMIENTO
1518,2027-04-21,21,4,Abril,2,2027,VENCIMIENTO
1519,2027-04-22,22,4,Abril,2,2027,VENCIMIENTO
1520,2027-04-23,23,4,Abril,2,2027,VENCIMIENTO
1521,2027-04-24,24,4,Abril,2,2027,VENCIMIENTO
1522,2027-04-25,25,4,Abril,2,2027,VENCIMIENTO
1523,2027-04-26,26,4,Abril,2,2027,VENCIMIENTO
1524,2027-04-27,27,4,Abril,2,2027,VENCIMIENTO
1525,2027-04-28,28,4,Abril,2,2027,VENCIMIENTO
1526,2027-04-29,29,4,Abril,2,2027,VENCIMIENTO
1527,2027-04-30,30,4,Abril,2,2027,VENCIMIENTO
1528,2027-05-01,1,5,Mayo,2,2027,VENCIMIENTO
1529,2027-05-02,2,5,Mayo,2,2027,VENCIMIENTO
1530,2027-05-03,3,5,Mayo,2,2027,VENCIMIENTO
1531,2027-05-04,4,5,Mayo,2,2027,VENCIMIENTO
1532,2027-05-05,5,5,Mayo,2,2027,VENCIMIENTO
1533,2027-05-06,6,5,Mayo,2,2027,VENCIMIENTO
1534,2027-05-07,7,5,Mayo,2,2027,VENCIMIENTO
1535,2027-05-08,8,5,Mayo,2,2027,VENCIMIENTO
1536,2027-05-09,9,5,Mayo,2,2027,VENCIMIENTO
1537,2027-05-10,10,5,Mayo,2,2027,VENCIMIENTO
1538,2027-05-11,11,5,Mayo,2,2027,VENCIMIENTO
1539,2027-05-12,12,5,Mayo,2,2027,VENCIMIENTO
1540,2027-05-13,13,5,Mayo,2,2027,VENCIMIENTO
1541,2027-05-14,14,5,Mayo,2,2027,VENCIMIENTO
1542,2027-05-15,15,5,Mayo,2,2027,VENCIMIENTO
1543,2027-05-16,16,5,Mayo,2,2027,VENCIMIENTO
1544,2027-05-17,17,5,Mayo,2,2027,VENCIMIENTO
1545,2027-05-18,18,5,Mayo,2,2027,VENCIMIENTO
1546,2027-05-19,19,5,Mayo,2,2027,VENCIMIENTO
1547,2027-05-20,20,5,Mayo,2,2027,VENCIMIENTO
1548,2027-05-21,21,5,Mayo,2,2027,VENCIMIENTO
1549,2027-05-22,22,5,Mayo,2,2027,VENCIMIENTO
1550,2027-05-23,23,5,Mayo,2,2027,VENCIMIENTO
1551,2027-05-24,24,5,Mayo,2,2027,VENCIMIENTO
1552,2027-05-25,25,5,Mayo,2,2027,VENCIMIENTO
1553,2027-05-26,26,5,Mayo,2,2027,VENCIMIENTO
1554,2027-05-27,27,5,Mayo,2,2027,VENCIMIENTO
1555,2027-05-28,28,5,Mayo,2,2027,VENCIMIENTO
1556,2027-05-29,29,5,Mayo,2,2027,VENCIMIENTO
1557,2027-05-30,30,5,Mayo,2,2027,VENCIMIENTO
1558,2027-05-31,31,5,Mayo,2,2027,VENCIMIENTO
1559,2027-06-01,1,6,Junio,2,2027,VENCIMIENTO
1560,2027-06-02,2,6,Junio,2,2027,VENCIMIENTO
1561,2027-06-03,3,6,Junio,2,2027,VENCIMIENTO
1562,2027-06-04,4,6,Junio,2,2027,VENCIMIENTO
1563,2027-06-05,5,6,Junio,2,2027,VENCIMIENTO
1564,2027-06-06,6,6,Junio,2,2027,VENCIMIENTO
1565,2027-06-07,7,6,Junio,2,2027,VENCIMIENTO
1566,2027-06-08,8,6,Junio,2,2027,VENCIMIENTO
1567,2027-06-09,9,6,Junio,2,2027,VENCIMIENTO
1568,2027-06-10,10,6,Junio,2,2027,VENCIMIENTO
1569,2027-06-11,11,6,Junio,2,2027,VENCIMIENTO
1570,2027-06-12,12,6,Junio,2,2027,VENCIMIENTO
1571,2027-06-13,13,6,Junio,2,2027,VENCIMIENTO
1572,2027-06-14,14,6,Junio,2,2027,VENCIMIENTO
1573,2027-06-15,15,6,Junio,2,2027,VENCIMIENTO
1574,2027-06-16,16,6,Junio,2,2027,VENCIMIENTO
1575,2027-06-17,17,6,Junio,2,2027,VENCIMIENTO
1576,2027-06-18,18,6,Junio,2,2027,VENCIMIENTO
1577,2027-06-19,19,6,Junio,2,2027,VENCIMIENTO
1578,2027-06-20,20,6,Junio,2,2027,VENCIMIENTO
1579,2027-06-21,21,6,Junio,2,2027,VENCIMIENTO
1580,2027-06-22,22,6,Junio,2,2027,VENCIMIENTO
1581,2027-06-23,23,6,Junio,2,2027,VENCIMIENTO
1582,2027-06-24,24,6,Junio,2,2027,VENCIMIENTO
1583,2027-06-25,25,6,Junio,2,2027,VENCIMIENTO
1584,2027-06-26,26,6,Junio,2,2027,VENCIMIENTO
1585,2027-06-27,27,6,Junio,2,2027,VENCIMIENTO
1586,2027-06-28,28,6,Junio,2,2027,VENCIMIENTO
1587,2027-06-29,29,6,Junio,2,2027,VENCIMIENTO
1588,2027-06-30,30,6,Junio,2,2027,VENCIMIENTO
1589,2027-07-01,1,7,Julio,3,2027,VENCIMIENTO
1590,2027-07-02,2,7,Julio,3,2027,VENCIMIENTO
1591,2027-07-03,3,7,Julio,3,2027,VENCIMIENTO
1592,2027-07-04,4,7,Julio,3,2027,VENCIMIENTO
1593,2027-07-05,5,7,Julio,3,2027,VENCIMIENTO
1594,2027-07-06,6,7,Julio,3,2027,VENCIMIENTO
1595,2027-07-07,7,7,Julio,3,2027,VENCIMIENTO
1596,2027-07-08,8,7,Julio,3,2027,VENCIMIENTO
1597,2027-07-09,9,7,Julio,3,2027,VENCIMIENTO
1598,2027-07-10,10,7,Julio,3,2027,VENCIMIENTO
1599,2027-07-11,11,7,Julio,3,2027,VENCIMIENTO
1600,2027-07-12,12,7,Julio,3,2027,VENCIMIENTO
1601,2027-07-13,13,7,Julio,3,2027,VENCIMIENTO
1602,2027-07-14,14,7,Julio,3,2027,VENCIMIENTO
1603,2027-07-15,15,7,Julio,3,2027,VENCIMIENTO
1604,2027-07-16,16,7,Julio,3,2027,VENCIMIENTO
1605,2027-07-17,17,7,Julio,3,2027,VENCIMIENTO
1606,2027-07-18,18,7,Julio,3,2027,VENCIMIENTO
1607,2027-07-19,19,7,Julio,3,2027,VENCIMIENTO
1608,2027-07-20,20,7,Julio,3,2027,VENCIMIENTO
1609,2027-07-21,21,7,Julio,3,2027,VENCIMIENTO
1610,2027-07-22,22,7,Julio,3,2027,VENCIMIENTO
1611,2027-07-23,23,7,Julio,3,2027,VENCIMIENTO
1612,2027-07-24,24,7,Julio,3,2027,VENCIMIENTO
1613,2027-07-25,25,7,Julio,3,2027,VENCIMIENTO
1614,2027-07-26,26,7,Julio,3,2027,VENCIMIENTO
1615,2027-07-27,27,7,Julio,3,2027,VENCIMIENTO
1616,2027-07-28,28,7,Julio,3,2027,VENCIMIENTO
1617,2027-07-29,29,7,Julio,3,2027,VENCIMIENTO
1618,2027-07-30,30,7,Julio,3,2027,VENCIMIENTO
1619,2027-07-31,31,7,Julio,3,2027,VENCIMIENTO
1620,2027-08-01,1,8,Agosto,3,2027,VENCIMIENTO
1621,2027-08-02,2,8,Agosto,3,2027,VENCIMIENTO
1622,2027-08-03,3,8,Agosto,3,2027,VENCIMIENTO
1623,2027-08-04,4,8,Agosto,3,2027,VENCIMIENTO
1624,2027-08-05,5,8,Agosto,3,2027,VENCIMIENTO
1625,2027-08-06,6,8,Agosto,3,2027,VENCIMIENTO
1626,2027-08-07,7,8,Agosto,3,2027,VENCIMIENTO
1627,2027-08-08,8,8,Agosto,3,2027,VENCIMIENTO
1628,2027-08-09,9,8,Agosto,3,2027,VENCIMIENTO
1629,2027-08-10,10,8,Agosto,3,2027,VENCIMIENTO
1630,2027-08-11,11,8,Agosto,3,2027,VENCIMIENTO
1631,2027-08-12,12,8,Agosto,3,2027,VENCIMIENTO
1632,2027-08-13,13,8,Agosto,3,2027,VENCIMIENTO
1633,2027-08-14,14,8,Agosto,3,2027,VENCIMIENTO
1634,2027-08-15,15,8,Agosto,3,2027,VENCIMIENTO
1635,2027-08-16,16,8,Agosto,3,2027,VENCIMIENTO
1636,2027-08-17,17,8,Agosto,3,2027,VENCIMIENTO
1637,2027-08-18,18,8,Agosto,3,2027,VENCIMIENTO
1638,2027-08-19,19,8,Agosto,3,2027,VENCIMIENTO
1639,2027-08-20,20,8,Agosto,3,2027,VENCIMIENTO
1640,2027-08-21,21,8,Agosto,3,2027,VENCIMIENTO
1641,2027-08-22,22,8,Agosto,3,2027,VENCIMIENTO
1642,2027-08-23,23,8,Agosto,3,2027,VENCIMIENTO
1643,2027-08-24,24,8,Agosto,3,2027,VENCIMIENTO
1644,2027-08-25,25,8,Agosto,3,2027,VENCIMIENTO
1645,2027-08-26,26,8,Agosto,3,2027,VENCIMIENTO
1646,2027-08-27,27,8,Agosto,3,2027,VENCIMIENTO
1647,2027-08-28,28,8,Agosto,3,2027,VENCIMIENTO
1648,2027-08-29,29,8,Agosto,3,2027,VENCIMIENTO
1649,2027-08-30,30,8,Agosto,3,2027,VENCIMIENTO
1650,2027-08-31,31,8,Agosto,3,2027,VENCIMIENTO
1651,2027-09-01,1,9,Septiembre,3,2027,VENCIMIENTO
1652,2027-09-02,2,9,Septiembre,3,2027,VENCIMIENTO
1653,2027-09-03,3,9,Septiembre,3,2027,VENCIMIENTO
1654,2027-09-04,4,9,Septiembre,3,2027,VENCIMIENTO
1655,2027-09-05,5,9,Septiembre,3,2027,VENCIMIENTO
1656,2027-09-06,6,9,Septiembre,3,2027,VENCIMIENTO
1657,2027-09-07,7,9,Septiembre,3,2027,VENCIMIENTO
1658,2027-09-08,8,9,Septiembre,3,2027,VENCIMIENTO
1659,2027-09-09,9,9,Septiembre,3,2027,VENCIMIENTO
1660,2027-09-10,10,9,Septiembre,3,2027,VENCIMIENTO
1661,2027-09-11,11,9,Septiembre,3,2027,VENCIMIENTO
1662,2027-09-12,12,9,Septiembre,3,2027,VENCIMIENTO
1663,2027-09-13,13,9,Septiembre,3,2027,VENCIMIENTO
1664,2027-09-14,14,9,Septiembre,3,2027,VENCIMIENTO
1665,2027-09-15,15,9,Septiembre,3,2027,VENCIMIENTO
1666,2027-09-16,16,9,Septiembre,3,2027,VENCIMIENTO
1667,2027-09-17,17,9,Septiembre,3,2027,VENCIMIENTO
1668,2027-09-18,18,9,Septiembre,3,2027,VENCIMIENTO
1669,2027-09-19,19,9,Septiembre,3,2027,VENCIMIENTO
1670,2027-09-20,20,9,Septiembre,3,2027,VENCIMIENTO
1671,2027-09-21,21,9,Septiembre,3,2027,VENCIMIENTO
1672,2027-09-22,22,9,Septiembre,3,2027,VENCIMIENTO
1673,2027-09-23,23,9,Septiembre,3,2027,VENCIMIENTO
1674,2027-09-24,24,9,Septiembre,3,2027,VENCIMIENTO
1675,2027-09-25,25,9,Septiembre,3,2027,VENCIMIENTO
1676,2027-09-26,26,9,Septiembre,3,2027,VENCIMIENTO
1677,2027-09-27,27,9,Septiembre,3,2027,VENCIMIENTO
1678,2027-09-28,28,9,Septiembre,3,2027,VENCIMIENTO
1679,2027-09-29,29,9,Septiembre,3,2027,VENCIMIENTO
1680,2027-09-30,30,9,Septiembre,3,2027,VENCIMIENTO
1681,2027-10-01,1,10,Octubre,4,2027,VENCIMIENTO
1682,2027-10-02,2,10,Octubre,4,2027,VENCIMIENTO
1683,2027-10-03,3,10,Octubre,4,2027,VENCIMIENTO
1684,2027-10-04,4,10,Octubre,4,2027,VENCIMIENTO
1685,2027-10-05,5,10,Octubre,4,2027,VENCIMIENTO
1686,2027-10-06,6,10,Octubre,4,2027,VENCIMIENTO
1687,2027-10-07,7,10,Octubre,4,2027,VENCIMIENTO
1688,2027-10-08,8,10,Octubre,4,2027,VENCIMIENTO
1689,2027-10-09,9,10,Octubre,4,2027,VENCIMIENTO
1690,2027-10-10,10,10,Octubre,4,2027,VENCIMIENTO
1691,2027-10-11,11,10,Octubre,4,2027,VENCIMIENTO
1692,2027-10-12,12,10,Octubre,4,2027,VENCIMIENTO
1693,2027-10-13,13,10,Octubre,4,2027,VENCIMIENTO
1694,2027-10-14,14,10,Octubre,4,2027,VENCIMIENTO
1695,2027-10-15,15,10,Octubre,4,2027,VENCIMIENTO
1696,2027-10-16,16,10,Octubre,4,2027,VENCIMIENTO
1697,2027-10-17,17,10,Octubre,4,2027,VENCIMIENTO
1698,2027-10-18,18,10,Octubre,4,2027,VENCIMIENTO
1699,2027-10-19,19,10,Octubre,4,2027,VENCIMIENTO
1700,2027-10-20,20,10,Octubre,4,2027,VENCIMIENTO
1701,2027-10-21,21,10,Octubre,4,2027,VENCIMIENTO
1702,2027-10-22,22,10,Octubre,4,2027,VENCIMIENTO
1703,2027-10-23,23,10,Octubre,4,2027,VENCIMIENTO
1704,2027-10-24,24,10,Octubre,4,2027,VENCIMIENTO
1705,2027-10-25,25,10,Octubre,4,2027,VENCIMIENTO
1706,2027-10-26,26,10,Octubre,4,2027,VENCIMIENTO
1707,2027-10-27,27,10,Octubre,4,2027,VENCIMIENTO
1708,2027-10-28,28,10,Octubre,4,2027,VENCIMIENTO
1709,2027-10-29,29,10,Octubre,4,2027,VENCIMIENTO
1710,2027-10-30,30,10,Octubre,4,2027,VENCIMIENTO
1711,2027-10-31,31,10,Octubre,4,2027,VENCIMIENTO
1712,2027-11-01,1,11,Noviembre,4,2027,VENCIMIENTO
1713,2027-11-02,2,11,Noviembre,4,2027,VENCIMIENTO
1714,2027-11-03,3,11,Noviembre,4,2027,VENCIMIENTO
1715,2027-11-04,4,11,Noviembre,4,2027,VENCIMIENTO
1716,2027-11-05,5,11,Noviembre,4,2027,VENCIMIENTO
1717,2027-11-06,6,11,Noviembre,4,2027,VENCIMIENTO
1718,2027-11-07,7,11,Noviembre,4,2027,VENCIMIENTO
1719,2027-11-08,8,11,Noviembre,4,2027,VENCIMIENTO
1720,2027-11-09,9,11,Noviembre,4,2027,VENCIMIENTO
1721,2027-11-10,10,11,Noviembre,4,2027,VENCIMIENTO
1722,2027-11-11,11,11,Noviembre,4,2027,VENCIMIENTO
1723,2027-11-12,12,11,Noviembre,4,2027,VENCIMIENTO
1724,2027-11-13,13,11,Noviembre,4,2027,VENCIMIENTO
1725,2027-11-14,14,11,Noviembre,4,2027,VENCIMIENTO
1726,2027-11-15,15,11,Noviembre,4,2027,VENCIMIENTO
1727,2027-11-16,16,11,Noviembre,4,2027,VENCIMIENTO
1728,2027-11-17,17,11,Noviembre,4,2027,VENCIMIENTO
1729,2027-11-18,18,11,Noviembre,4,2027,VENCIMIENTO
1730,2027-11-19,19,11,Noviembre,4,2027,VENCIMIENTO
1731,2027-11-20,20,11,Noviembre,4,2027,VENCIMIENTO
1732,2027-11-21,21,11,Noviembre,4,2027,VENCIMIENTO
1733,2027-11-22,22,11,Noviembre,4,2027,VENCIMIENTO
1734,2027-11-23,23,11,Noviembre,4,2027,VENCIMIENTO
1735,2027-11-24,24,11,Noviembre,4,2027,VENCIMIENTO
1736,2027-11-25,25,11,Noviembre,4,2027,VENCIMIENTO
1737,2027-11-26,26,11,Noviembre,4,2027,VENCIMIENTO
1738,2027-11-27,27,11,Noviembre,4,2027,VENCIMIENTO
1739,2027-11-28,28,11,Noviembre,4,2027,VENCIMIENTO
1740,2027-11-29,29,11,Noviembre,4,2027,VENCIMIENTO
1741,2027-11-30,30,11,Noviembre,4,2027,VENCIMIENTO
1742,2027-12-01,1,12,Diciembre,4,2027,VENCIMIENTO
1743,2027-12-02,2,12,Diciembre,4,2027,VENCIMIENTO
1744,2027-12-03,3,12,Diciembre,4,2027,VENCIMIENTO
1745,2027-12-04,4,12,Diciembre,4,2027,VENCIMIENTO
1746,2027-12-05,5,12,Diciembre,4,2027,VENCIMIENTO
1747,2027-12-06,6,12,Diciembre,4,2027,VENCIMIENTO
1748,2027-12-07,7,12,Diciembre,4,2027,VENCIMIENTO
1749,2027-12-08,8,12,Diciembre,4,2027,VENCIMIENTO
1750,2027-12-09,9,12,Diciembre,4,2027,VENCIMIENTO
1751,2027-12-10,10,12,Diciembre,4,2027,VENCIMIENTO
1752,2027-12-11,11,12,Diciembre,4,2027,VENCIMIENTO
1753,2027-12-12,12,12,Diciembre,4,2027,VENCIMIENTO
1754,2027-12-13,13,12,Diciembre,4,2027,VENCIMIENTO
1755,2027-12-14,14,12,Diciembre,4,2027,VENCIMIENTO
1756,2027-12-15,15,12,Diciembre,4,2027,VENCIMIENTO
1757,2027-12-16,16,12,Diciembre,4,2027,VENCIMIENTO
1758,2027-12-17,17,12,Diciembre,4,2027,VENCIMIENTO
1759,2027-12-18,18,12,Diciembre,4,2027,VENCIMIENTO
1760,2027-12-19,19,12,Diciembre,4,2027,VENCIMIENTO
1761,2027-12-20,20,12,Diciembre,4,2027,VENCIMIENTO
1762,2027-12-21,21,12,Diciembre,4,2027,VENCIMIENTO
1763,2027-12-22,22,12,Diciembre,4,2027,VENCIMIENTO
1764,2027-12-23,23,12,Diciembre,4,2027,VENCIMIENTO
1765,2027-12-24,24,12,Diciembre,4,2027,VENCIMIENTO
1766,2027-12-25,25,12,Diciembre,4,2027,VENCIMIENTO
1767,2027-12-26,26,12,Diciembre,4,2027,VENCIMIENTO
1768,2027-12-27,27,12,Diciembre,4,2027,VENCIMIENTO
1769,2027-12-28,28,12,Diciembre,4,2027,VENCIMIENTO
1770,2027-12-29,29,12,Diciembre,4,2027,VENCIMIENTO
1771,2027-12-30,30,12,Diciembre,4,2027,VENCIMIENTO
1772,2027-12-31,31,12,Diciembre,4,2027,VENCIMIENTO
1773,2028-01-01,1,1,Enero,1,2028,VENCIMIENTO
1774,2028-01-02,2,1,Enero,1,2028,VENCIMIENTO
1775,2028-01-03,3,1,Enero,1,2028,VENCIMIENTO
1776,2028-01-04,4,1,Enero,1,2028,VENCIMIENTO
1777,2028-01-05,5,1,Enero,1,2028,VENCIMIENTO
1778,2028-01-06,6,1,Enero,1,2028,VENCIMIENTO
1779,2028-01-07,7,1,Enero,1,2028,VENCIMIENTO
1780,2028-01-08,8,1,Enero,1,2028,VENCIMIENTO
1781,2028-01-09,9,1,Enero,1,2028,VENCIMIENTO
1782,2028-01-10,10,1,Enero,1,2028,VENCIMIENTO
1783,2028-01-11,11,1,Enero,1,2028,VENCIMIENTO
1784,2028-01-12,12,1,Enero,1,2028,VENCIMIENTO
1785,2028-01-13,13,1,Enero,1,2028,VENCIMIENTO
1786,2028-01-14,14,1,Enero,1,2028,VENCIMIENTO
1787,2028-01-15,15,1,Enero,1,2028,VENCIMIENTO
1788,2028-01-16,16,1,Enero,1,2028,VENCIMIENTO
1789,2028-01-17,17,1,Enero,1,2028,VENCIMIENTO
1790,2028-01-18,18,1,Enero,1,2028,VENCIMIENTO
1791,2028-01-19,19,1,Enero,1,2028,VENCIMIENTO
1792,2028-01-20,20,1,Enero,1,2028,VENCIMIENTO
1793,2028-01-21,21,1,Enero,1,2028,VENCIMIENTO
1794,2028-01-22,22,1,Enero,1,2028,VENCIMIENTO
1795,2028-01-23,23,1,Enero,1,2028,VENCIMIENTO
1796,2028-01-24,24,1,Enero,1,2028,VENCIMIENTO
1797,2028-01-25,25,1,Enero,1,2028,VENCIMIENTO
1798,2028-01-26,26,1,Enero,1,2028,VENCIMIENTO
1799,2028-01-27,27,1,Enero,1,2028,VENCIMIENTO
1800,2028-01-28,28,1,Enero,1,2028,VENCIMIENTO
1801,2028-01-29,29,1,Enero,1,2028,VENCIMIENTO
1802,2028-01-30,30,1,Enero,1,2028,VENCIMIENTO
1803,2028-01-31,31,1,Enero,1,2028,VENCIMIENTO
1804,2028-02-01,1,2,Febrero,1,2028,VENCIMIENTO
1805,2028-02-02,2,2,Febrero,1,2028,VENCIMIENTO
1806,2028-02-03,3,2,Febrero,1,2028,VENCIMIENTO
1807,2028-02-04,4,2,Febrero,1,2028,VENCIMIENTO
1808,2028-02-05,5,2,Febrero,1,2028,VENCIMIENTO
1809,2028-02-06,6,2,Febrero,1,2028,VENCIMIENTO
1810,2028-02-07,7,2,Febrero,1,2028,VENCIMIENTO
1811,2028-02-08,8,2,Febrero,1,2028,VENCIMIENTO
1812,2028-02-09,9,2,Febrero,1,2028,VENCIMIENTO
1813,2028-02-10,10,2,Febrero,1,2028,VENCIMIENTO
1814,2028-02-11,11,2,Febrero,1,2028,VENCIMIENTO
1815,2028-02-12,12,2,Febrero,1,2028,VENCIMIENTO
1816,2028-02-13,13,2,Febrero,1,2028,VENCIMIENTO
1817,2028-02-14,14,2,Febrero,1,2028,VENCIMIENTO
1818,2028-02-15,15,2,Febrero,1,2028,VENCIMIENTO
1819,2028-02-16,16,2,Febrero,1,2028,VENCIMIENTO
1820,2028-02-17,17,2,Febrero,1,2028,VENCIMIENTO
1821,2028-02-18,18,2,Febrero,1,2028,VENCIMIENTO
1822,2028-02-19,19,2,Febrero,1,2028,VENCIMIENTO
1823,2028-02-20,20,2,Febrero,1,2028,VENCIMIENTO
1824,2028-02-21,21,2,Febrero,1,2028,VENCIMIENTO
1825,2028-02-22,22,2,Febrero,1,2028,VENCIMIENTO
1826,2028-02-23,23,2,Febrero,1,2028,VENCIMIENTO
1827,2028-02-24,24,2,Febrero,1,2028,VENCIMIENTO
1828,2028-02-25,25,2,Febrero,1,2028,VENCIMIENTO
1829,2028-02-26,26,2,Febrero,1,2028,VENCIMIENTO
1830,2028-02-27,27,2,Febrero,1,2028,VENCIMIENTO
1831,2028-02-29,29,2,Febrero,1,2028,VENCIMIENTO
1832,2028-03-01,1,3,Marzo,1,2028,VENCIMIENTO
1833,2028-03-02,2,3,Marzo,1,2028,VENCIMIENTO
1834,2028-03-03,3,3,Marzo,1,2028,VENCIMIENTO
1835,2028-03-04,4,3,Marzo,1,2028,VENCIMIENTO
1836,2028-03-05,5,3,Marzo,1,2028,VENCIMIENTO
1837,2028-03-06,6,3,Marzo,1,2028,VENCIMIENTO
1838,2028-03-07,7,3,Marzo,1,2028,VENCIMIENTO
1839,2028-03-08,8,3,Marzo,1,2028,VENCIMIENTO
1840,2028-03-09,9,3,Marzo,1,2028,VENCIMIENTO
1841,2028-03-10,10,3,Marzo,1,2028,VENCIMIENTO
1842,2028-03-11,11,3,Marzo,1,2028,VENCIMIENTO
1843,2028-03-12,12,3,Marzo,1,2028,VENCIMIENTO
1844,2028-03-13,13,3,Marzo,1,2028,VENCIMIENTO
1845,2028-03-14,14,3,Marzo,1,2028,VENCIMIENTO
1846,2028-03-15,15,3,Marzo,1,2028,VENCIMIENTO
1847,2028-03-16,16,3,Marzo,1,2028,VENCIMIENTO
1848,2028-03-17,17,3,Marzo,1,2028,VENCIMIENTO
1849,2028-03-18,18,3,Marzo,1,2028,VENCIMIENTO
1850,2028-03-19,19,3,Marzo,1,2028,VENCIMIENTO
1851,2028-03-20,20,3,Marzo,1,2028,VENCIMIENTO
1852,2028-03-21,21,3,Marzo,1,2028,VENCIMIENTO
1853,2028-03-22,22,3,Marzo,1,2028,VENCIMIENTO
1854,2028-03-23,23,3,Marzo,1,2028,VENCIMIENTO
1855,2028-03-24,24,3,Marzo,1,2028,VENCIMIENTO
1856,2028-03-25,25,3,Marzo,1,2028,VENCIMIENTO
1857,2028-03-26,26,3,Marzo,1,2028,VENCIMIENTO
1858,2028-03-27,27,3,Marzo,1,2028,VENCIMIENTO
1859,2028-03-28,28,3,Marzo,1,2028,VENCIMIENTO
1860,2028-03-29,29,3,Marzo,1,2028,VENCIMIENTO
1861,2028-03-30,30,3,Marzo,1,2028,VENCIMIENTO
1862,2028-03-31,31,3,Marzo,1,2028,VENCIMIENTO
1863,2028-04-01,1,4,Abril,2,2028,VENCIMIENTO
1864,2028-04-02,2,4,Abril,2,2028,VENCIMIENTO
1865,2028-04-03,3,4,Abril,2,2028,VENCIMIENTO
1866,2028-04-04,4,4,Abril,2,2028,VENCIMIENTO
1867,2028-04-05,5,4,Abril,2,2028,VENCIMIENTO
1868,2028-04-06,6,4,Abril,2,2028,VENCIMIENTO
1869,2028-04-07,7,4,Abril,2,2028,VENCIMIENTO
1870,2028-04-08,8,4,Abril,2,2028,VENCIMIENTO
1871,2028-04-09,9,4,Abril,2,2028,VENCIMIENTO
1872,2028-04-10,10,4,Abril,2,2028,VENCIMIENTO
1873,2028-04-11,11,4,Abril,2,2028,VENCIMIENTO
1874,2028-04-12,12,4,Abril,2,2028,VENCIMIENTO
1875,2028-04-13,13,4,Abril,2,2028,VENCIMIENTO
1876,2028-04-14,14,4,Abril,2,2028,VENCIMIENTO
1877,2028-04-15,15,4,Abril,2,2028,VENCIMIENTO
1878,2028-04-16,16,4,Abril,2,2028,VENCIMIENTO
1879,2028-04-17,17,4,Abril,2,2028,VENCIMIENTO
1880,2028-04-18,18,4,Abril,2,2028,VENCIMIENTO
1881,2028-04-19,19,4,Abril,2,2028,VENCIMIENTO
1882,2028-04-20,20,4,Abril,2,2028,VENCIMIENTO
1883,2028-04-21,21,4,Abril,2,2028,VENCIMIENTO
1884,2028-04-22,22,4,Abril,2,2028,VENCIMIENTO
1885,2028-04-23,23,4,Abril,2,2028,VENCIMIENTO
1886,2028-04-24,24,4,Abril,2,2028,VENCIMIENTO
1887,2028-04-25,25,4,Abril,2,2028,VENCIMIENTO
1888,2028-04-26,26,4,Abril,2,2028,VENCIMIENTO
1889,2028-04-27,27,4,Abril,2,2028,VENCIMIENTO
1890,2028-04-28,28,4,Abril,2,2028,VENCIMIENTO
1891,2028-04-29,29,4,Abril,2,2028,VENCIMIENTO
1892,2028-04-30,30,4,Abril,2,2028,VENCIMIENTO
1893,2028-05-01,1,5,Mayo,2,2028,VENCIMIENTO
1894,2028-05-02,2,5,Mayo,2,2028,VENCIMIENTO
1895,2028-05-03,3,5,Mayo,2,2028,VENCIMIENTO
1896,2028-05-04,4,5,Mayo,2,2028,VENCIMIENTO
1897,2028-05-05,5,5,Mayo,2,2028,VENCIMIENTO
1898,2028-05-06,6,5,Mayo,2,2028,VENCIMIENTO
1899,2028-05-07,7,5,Mayo,2,2028,VENCIMIENTO
1900,2028-05-08,8,5,Mayo,2,2028,VENCIMIENTO
1901,2028-05-09,9,5,Mayo,2,2028,VENCIMIENTO
1902,2028-05-10,10,5,Mayo,2,2028,VENCIMIENTO
1903,2028-05-11,11,5,Mayo,2,2028,VENCIMIENTO
1904,2028-05-12,12,5,Mayo,2,2028,VENCIMIENTO
1905,2028-05-13,13,5,Mayo,2,2028,VENCIMIENTO
1906,2028-05-14,14,5,Mayo,2,2028,VENCIMIENTO
1907,2028-05-15,15,5,Mayo,2,2028,VENCIMIENTO
1908,2028-05-16,16,5,Mayo,2,2028,VENCIMIENTO
1909,2028-05-17,17,5,Mayo,2,2028,VENCIMIENTO
1910,2028-05-18,18,5,Mayo,2,2028,VENCIMIENTO
1911,2028-05-19,19,5,Mayo,2,2028,VENCIMIENTO
1912,2028-05-20,20,5,Mayo,2,2028,VENCIMIENTO
1913,2028-05-21,21,5,Mayo,2,2028,VENCIMIENTO
1914,2028-05-22,22,5,Mayo,2,2028,VENCIMIENTO
1915,2028-05-23,23,5,Mayo,2,2028,VENCIMIENTO
1916,2028-05-24,24,5,Mayo,2,2028,VENCIMIENTO
1917,2028-05-25,25,5,Mayo,2,2028,VENCIMIENTO
1918,2028-05-26,26,5,Mayo,2,2028,VENCIMIENTO
1919,2028-05-27,27,5,Mayo,2,2028,VENCIMIENTO
1920,2028-05-28,28,5,Mayo,2,2028,VENCIMIENTO
1921,2028-05-29,29,5,Mayo,2,2028,VENCIMIENTO
1922,2028-05-30,30,5,Mayo,2,2028,VENCIMIENTO
1923,2028-05-31,31,5,Mayo,2,2028,VENCIMIENTO
1924,2028-06-01,1,6,Junio,2,2028,VENCIMIENTO
1925,2028-06-02,2,6,Junio,2,2028,VENCIMIENTO
1926,2028-06-03,3,6,Junio,2,2028,VENCIMIENTO
1927,2028-06-04,4,6,Junio,2,2028,VENCIMIENTO
1928,2028-06-05,5,6,Junio,2,2028,VENCIMIENTO
1929,2028-06-06,6,6,Junio,2,2028,VENCIMIENTO
1930,2028-06-07,7,6,Junio,2,2028,VENCIMIENTO
1931,2028-06-08,8,6,Junio,2,2028,VENCIMIENTO
1932,2028-06-09,9,6,Junio,2,2028,VENCIMIENTO
1933,2028-06-10,10,6,Junio,2,2028,VENCIMIENTO
1934,2028-06-11,11,6,Junio,2,2028,VENCIMIENTO
1935,2028-06-12,12,6,Junio,2,2028,VENCIMIENTO
1936,2028-06-13,13,6,Junio,2,2028,VENCIMIENTO
1937,2028-06-14,14,6,Junio,2,2028,VENCIMIENTO
1938,2028-06-15,15,6,Junio,2,2028,VENCIMIENTO
1939,2028-06-16,16,6,Junio,2,2028,VENCIMIENTO
1940,2028-06-17,17,6,Junio,2,2028,VENCIMIENTO
1941,2028-06-18,18,6,Junio,2,2028,VENCIMIENTO
1942,2028-06-19,19,6,Junio,2,2028,VENCIMIENTO
1943,2028-06-20,20,6,Junio,2,2028,VENCIMIENTO
1944,2028-06-21,21,6,Junio,2,2028,VENCIMIENTO
1945,2028-06-22,22,6,Junio,2,2028,VENCIMIENTO
1946,2028-06-23,23,6,Junio,2,2028,VENCIMIENTO
1947,2028-06-24,24,6,Junio,2,2028,VENCIMIENTO
1948,2028-06-25,25,6,Junio,2,2028,VENCIMIENTO
1949,2028-06-26,26,6,Junio,2,2028,VENCIMIENTO
1950,2028-06-27,27,6,Junio,2,2028,VENCIMIENTO
1951,2028-06-28,28,6,Junio,2,2028,VENCIMIENTO
1952,2028-06-29,29,6,Junio,2,2028,VENCIMIENTO
1953,2028-06-30,30,6,Junio,2,2028,VENCIMIENTO
1954,2028-07-01,1,7,Julio,3,2028,VENCIMIENTO
1955,2028-07-02,2,7,Julio,3,2028,VENCIMIENTO
1956,2028-07-03,3,7,Julio,3,2028,VENCIMIENTO
1957,2028-07-04,4,7,Julio,3,2028,VENCIMIENTO
1958,2028-07-05,5,7,Julio,3,2028,VENCIMIENTO
1959,2028-07-06,6,7,Julio,3,2028,VENCIMIENTO
1960,2028-07-07,7,7,Julio,3,2028,VENCIMIENTO
1961,2028-07-08,8,7,Julio,3,2028,VENCIMIENTO
1962,2028-07-09,9,7,Julio,3,2028,VENCIMIENTO
1963,2028-07-10,10,7,Julio,3,2028,VENCIMIENTO
1964,2028-07-11,11,7,Julio,3,2028,VENCIMIENTO
1965,2028-07-12,12,7,Julio,3,2028,VENCIMIENTO
1966,2028-07-13,13,7,Julio,3,2028,VENCIMIENTO
1967,2028-07-14,14,7,Julio,3,2028,VENCIMIENTO
1968,2028-07-15,15,7,Julio,3,2028,VENCIMIENTO
1969,2028-07-16,16,7,Julio,3,2028,VENCIMIENTO
1970,2028-07-17,17,7,Julio,3,2028,VENCIMIENTO
1971,2028-07-18,18,7,Julio,3,2028,VENCIMIENTO
1972,2028-07-19,19,7,Julio,3,2028,VENCIMIENTO
1973,2028-07-20,20,7,Julio,3,2028,VENCIMIENTO
1974,2028-07-21,21,7,Julio,3,2028,VENCIMIENTO
1975,2028-07-22,22,7,Julio,3,2028,VENCIMIENTO
1976,2028-07-23,23,7,Julio,3,2028,VENCIMIENTO
1977,2028-07-24,24,7,Julio,3,2028,VENCIMIENTO
1978,2028-07-25,25,7,Julio,3,2028,VENCIMIENTO
1979,2028-07-26,26,7,Julio,3,2028,VENCIMIENTO
1980,2028-07-27,27,7,Julio,3,2028,VENCIMIENTO
1981,2028-07-28,28,7,Julio,3,2028,VENCIMIENTO
1982,2028-07-29,29,7,Julio,3,2028,VENCIMIENTO
1983,2028-07-30,30,7,Julio,3,2028,VENCIMIENTO
1984,2028-07-31,31,7,Julio,3,2028,VENCIMIENTO
1985,2028-08-01,1,8,Agosto,3,2028,VENCIMIENTO
1986,2028-08-02,2,8,Agosto,3,2028,VENCIMIENTO
1987,2028-08-03,3,8,Agosto,3,2028,VENCIMIENTO
1988,2028-08-04,4,8,Agosto,3,2028,VENCIMIENTO
1989,2028-08-05,5,8,Agosto,3,2028,VENCIMIENTO
1990,2028-08-06,6,8,Agosto,3,2028,VENCIMIENTO
1991,2028-08-07,7,8,Agosto,3,2028,VENCIMIENTO
1992,2028-08-08,8,8,Agosto,3,2028,VENCIMIENTO
1993,2028-08-09,9,8,Agosto,3,2028,VENCIMIENTO
1994,2028-08-10,10,8,Agosto,3,2028,VENCIMIENTO
1995,2028-08-11,11,8,Agosto,3,2028,VENCIMIENTO
1996,2028-08-12,12,8,Agosto,3,2028,VENCIMIENTO
1997,2028-08-13,13,8,Agosto,3,2028,VENCIMIENTO
1998,2028-08-14,14,8,Agosto,3,2028,VENCIMIENTO
1999,2028-08-15,15,8,Agosto,3,2028,VENCIMIENTO
2000,2028-08-16,16,8,Agosto,3,2028,VENCIMIENTO
2001,2028-08-17,17,8,Agosto,3,2028,VENCIMIENTO
2002,2028-08-18,18,8,Agosto,3,2028,VENCIMIENTO
2003,2028-08-19,19,8,Agosto,3,2028,VENCIMIENTO
2004,2028-08-20,20,8,Agosto,3,2028,VENCIMIENTO
2005,2028-08-21,21,8,Agosto,3,2028,VENCIMIENTO
2006,2028-08-22,22,8,Agosto,3,2028,VENCIMIENTO
2007,2028-08-23,23,8,Agosto,3,2028,VENCIMIENTO
2008,2028-08-24,24,8,Agosto,3,2028,VENCIMIENTO
2009,2028-08-25,25,8,Agosto,3,2028,VENCIMIENTO
2010,2028-08-26,26,8,Agosto,3,2028,VENCIMIENTO
2011,2028-08-27,27,8,Agosto,3,2028,VENCIMIENTO
2012,2028-08-28,28,8,Agosto,3,2028,VENCIMIENTO
2013,2028-08-29,29,8,Agosto,3,2028,VENCIMIENTO
2014,2028-08-30,30,8,Agosto,3,2028,VENCIMIENTO
2015,2028-08-31,31,8,Agosto,3,2028,VENCIMIENTO
2016,2028-09-01,1,9,Septiembre,3,2028,VENCIMIENTO
2017,2028-09-02,2,9,Septiembre,3,2028,VENCIMIENTO
2018,2028-09-03,3,9,Septiembre,3,2028,VENCIMIENTO
2019,2028-09-04,4,9,Septiembre,3,2028,VENCIMIENTO
2020,2028-09-05,5,9,Septiembre,3,2028,VENCIMIENTO
2021,2028-09-06,6,9,Septiembre,3,2028,VENCIMIENTO
2022,2028-09-07,7,9,Septiembre,3,2028,VENCIMIENTO
2023,2028-09-08,8,9,Septiembre,3,2028,VENCIMIENTO
2024,2028-09-09,9,9,Septiembre,3,2028,VENCIMIENTO
2025,2028-09-10,10,9,Septiembre,3,2028,VENCIMIENTO
2026,2028-09-11,11,9,Septiembre,3,2028,VENCIMIENTO
2027,2028-09-12,12,9,Septiembre,3,2028,VENCIMIENTO
2028,2028-09-13,13,9,Septiembre,3,2028,VENCIMIENTO
2029,2028-09-14,14,9,Septiembre,3,2028,VENCIMIENTO
2030,2028-09-15,15,9,Septiembre,3,2028,VENCIMIENTO
2031,2028-09-16,16,9,Septiembre,3,2028,VENCIMIENTO
2032,2028-09-17,17,9,Septiembre,3,2028,VENCIMIENTO
2033,2028-09-18,18,9,Septiembre,3,2028,VENCIMIENTO
2034,2028-09-19,19,9,Septiembre,3,2028,VENCIMIENTO
2035,2028-09-20,20,9,Septiembre,3,2028,VENCIMIENTO
2036,2028-09-21,21,9,Septiembre,3,2028,VENCIMIENTO
2037,2028-09-22,22,9,Septiembre,3,2028,VENCIMIENTO
2038,2028-09-23,23,9,Septiembre,3,2028,VENCIMIENTO
2039,2028-09-24,24,9,Septiembre,3,2028,VENCIMIENTO
2040,2028-09-25,25,9,Septiembre,3,2028,VENCIMIENTO
2041,2028-09-26,26,9,Septiembre,3,2028,VENCIMIENTO
2042,2028-09-27,27,9,Septiembre,3,2028,VENCIMIENTO
2043,2028-09-28,28,9,Septiembre,3,2028,VENCIMIENTO
2044,2028-09-29,29,9,Septiembre,3,2028,VENCIMIENTO
2045,2028-09-30,30,9,Septiembre,3,2028,VENCIMIENTO
2046,2028-10-01,1,10,Octubre,4,2028,VENCIMIENTO
2047,2028-10-02,2,10,Octubre,4,2028,VENCIMIENTO
2048,2028-10-03,3,10,Octubre,4,2028,VENCIMIENTO
2049,2028-10-04,4,10,Octubre,4,2028,VENCIMIENTO
2050,2028-10-05,5,10,Octubre,4,2028,VENCIMIENTO
2051,2028-10-06,6,10,Octubre,4,2028,VENCIMIENTO
2052,2028-10-07,7,10,Octubre,4,2028,VENCIMIENTO
2053,2028-10-08,8,10,Octubre,4,2028,VENCIMIENTO
2054,2028-10-09,9,10,Octubre,4,2028,VENCIMIENTO
2055,2028-10-10,10,10,Octubre,4,2028,VENCIMIENTO
2056,2028-10-11,11,10,Octubre,4,2028,VENCIMIENTO
2057,2028-10-12,12,10,Octubre,4,2028,VENCIMIENTO
2058,2028-10-13,13,10,Octubre,4,2028,VENCIMIENTO
2059,2028-10-14,14,10,Octubre,4,2028,VENCIMIENTO
2060,2028-10-15,15,10,Octubre,4,2028,VENCIMIENTO
2061,2028-10-16,16,10,Octubre,4,2028,VENCIMIENTO
2062,2028-10-17,17,10,Octubre,4,2028,VENCIMIENTO
2063,2028-10-18,18,10,Octubre,4,2028,VENCIMIENTO
2064,2028-10-19,19,10,Octubre,4,2028,VENCIMIENTO
2065,2028-10-20,20,10,Octubre,4,2028,VENCIMIENTO
2066,2028-10-21,21,10,Octubre,4,2028,VENCIMIENTO
2067,2028-10-22,22,10,Octubre,4,2028,VENCIMIENTO
2068,2028-10-23,23,10,Octubre,4,2028,VENCIMIENTO
2069,2028-10-24,24,10,Octubre,4,2028,VENCIMIENTO
2070,2028-10-25,25,10,Octubre,4,2028,VENCIMIENTO
2071,2028-10-26,26,10,Octubre,4,2028,VENCIMIENTO
2072,2028-10-27,27,10,Octubre,4,2028,VENCIMIENTO
2073,2028-10-28,28,10,Octubre,4,2028,VENCIMIENTO
2074,2028-10-29,29,10,Octubre,4,2028,VENCIMIENTO
2075,2028-10-30,30,10,Octubre,4,2028,VENCIMIENTO
2076,2028-10-31,31,10,Octubre,4,2028,VENCIMIENTO
2077,2028-11-01,1,11,Noviembre,4,2028,VENCIMIENTO
2078,2028-11-02,2,11,Noviembre,4,2028,VENCIMIENTO
2079,2028-11-03,3,11,Noviembre,4,2028,VENCIMIENTO
2080,2028-11-04,4,11,Noviembre,4,2028,VENCIMIENTO
2081,2028-11-05,5,11,Noviembre,4,2028,VENCIMIENTO
2082,2028-11-06,6,11,Noviembre,4,2028,VENCIMIENTO
2083,2028-11-07,7,11,Noviembre,4,2028,VENCIMIENTO
2084,2028-11-08,8,11,Noviembre,4,2028,VENCIMIENTO
2085,2028-11-09,9,11,Noviembre,4,2028,VENCIMIENTO
2086,2028-11-10,10,11,Noviembre,4,2028,VENCIMIENTO
2087,2028-11-11,11,11,Noviembre,4,2028,VENCIMIENTO
2088,2028-11-12,12,11,Noviembre,4,2028,VENCIMIENTO
2089,2028-11-13,13,11,Noviembre,4,2028,VENCIMIENTO
2090,2028-11-14,14,11,Noviembre,4,2028,VENCIMIENTO
2091,2028-11-15,15,11,Noviembre,4,2028,VENCIMIENTO
2092,2028-11-16,16,11,Noviembre,4,2028,VENCIMIENTO
2093,2028-11-17,17,11,Noviembre,4,2028,VENCIMIENTO
2094,2028-11-18,18,11,Noviembre,4,2028,VENCIMIENTO
2095,2028-11-19,19,11,Noviembre,4,2028,VENCIMIENTO
2096,2028-11-20,20,11,Noviembre,4,2028,VENCIMIENTO
2097,2028-11-21,21,11,Noviembre,4,2028,VENCIMIENTO
2098,2028-11-22,22,11,Noviembre,4,2028,VENCIMIENTO
2099,2028-11-23,23,11,Noviembre,4,2028,VENCIMIENTO
2100,2028-11-24,24,11,Noviembre,4,2028,VENCIMIENTO
2101,2028-11-25,25,11,Noviembre,4,2028,VENCIMIENTO
2102,2028-11-26,26,11,Noviembre,4,2028,VENCIMIENTO
2103,2028-11-27,27,11,Noviembre,4,2028,VENCIMIENTO
2104,2028-11-28,28,11,Noviembre,4,2028,VENCIMIENTO
2105,2028-11-29,29,11,Noviembre,4,2028,VENCIMIENTO
2106,2028-11-30,30,11,Noviembre,4,2028,VENCIMIENTO
2107,2028-12-01,1,12,Diciembre,4,2028,VENCIMIENTO
2108,2028-12-02,2,12,Diciembre,4,2028,VENCIMIENTO
2109,2028-12-03,3,12,Diciembre,4,2028,VENCIMIENTO
2110,2028-12-04,4,12,Diciembre,4,2028,VENCIMIENTO
2111,2028-12-05,5,12,Diciembre,4,2028,VENCIMIENTO
2112,2028-12-06,6,12,Diciembre,4,2028,VENCIMIENTO
2113,2028-12-07,7,12,Diciembre,4,2028,VENCIMIENTO
2114,2028-12-08,8,12,Diciembre,4,2028,VENCIMIENTO
2115,2028-12-09,9,12,Diciembre,4,2028,VENCIMIENTO
2116,2028-12-10,10,12,Diciembre,4,2028,VENCIMIENTO
2117,2028-12-11,11,12,Diciembre,4,2028,VENCIMIENTO
2118,2028-12-12,12,12,Diciembre,4,2028,VENCIMIENTO
2119,2028-12-13,13,12,Diciembre,4,2028,VENCIMIENTO
2120,2028-12-14,14,12,Diciembre,4,2028,VENCIMIENTO
2121,2028-12-15,15,12,Diciembre,4,2028,VENCIMIENTO
2122,2028-12-16,16,12,Diciembre,4,2028,VENCIMIENTO
2123,2028-12-17,17,12,Diciembre,4,2028,VENCIMIENTO
2124,2028-12-18,18,12,Diciembre,4,2028,VENCIMIENTO
2125,2028-12-19,19,12,Diciembre,4,2028,VENCIMIENTO
2126,2028-12-20,20,12,Diciembre,4,2028,VENCIMIENTO
2127,2028-12-21,21,12,Diciembre,4,2028,VENCIMIENTO
2128,2028-12-22,22,12,Diciembre,4,2028,VENCIMIENTO
2129,2028-12-23,23,12,Diciembre,4,2028,VENCIMIENTO
2130,2028-12-24,24,12,Diciembre,4,2028,VENCIMIENTO
2131,2028-12-25,25,12,Diciembre,4,2028,VENCIMIENTO
2132,2028-12-26,26,12,Diciembre,4,2028,VENCIMIENTO
2133,2028-12-27,27,12,Diciembre,4,2028,VENCIMIENTO
2134,2028-12-28,28,12,Diciembre,4,2028,VENCIMIENTO
2135,2028-12-29,29,12,Diciembre,4,2028,VENCIMIENTO
2136,2028-12-30,30,12,Diciembre,4,2028,VENCIMIENTO
2137,2028-12-31,31,12,Diciembre,4,2028,VENCIMIENTO
2138,2029-01-01,1,1,Enero,1,2029,VENCIMIENTO
2139,2029-01-02,2,1,Enero,1,2029,VENCIMIENTO
2140,2029-01-03,3,1,Enero,1,2029,VENCIMIENTO
2141,2029-01-04,4,1,Enero,1,2029,VENCIMIENTO
2142,2029-01-05,5,1,Enero,1,2029,VENCIMIENTO
2143,2029-01-06,6,1,Enero,1,2029,VENCIMIENTO
2144,2029-01-07,7,1,Enero,1,2029,VENCIMIENTO
2145,2029-01-08,8,1,Enero,1,2029,VENCIMIENTO
2146,2029-01-09,9,1,Enero,1,2029,VENCIMIENTO
2147,2029-01-10,10,1,Enero,1,2029,VENCIMIENTO
2148,2029-01-11,11,1,Enero,1,2029,VENCIMIENTO
2149,2029-01-12,12,1,Enero,1,2029,VENCIMIENTO
2150,2029-01-13,13,1,Enero,1,2029,VENCIMIENTO
2151,2029-01-14,14,1,Enero,1,2029,VENCIMIENTO
2152,2029-01-15,15,1,Enero,1,2029,VENCIMIENTO
2153,2029-01-16,16,1,Enero,1,2029,VENCIMIENTO
2154,2029-01-17,17,1,Enero,1,2029,VENCIMIENTO
2155,2029-01-18,18,1,Enero,1,2029,VENCIMIENTO
2156,2029-01-19,19,1,Enero,1,2029,VENCIMIENTO
2157,2029-01-20,20,1,Enero,1,2029,VENCIMIENTO
2158,2029-01-21,21,1,Enero,1,2029,VENCIMIENTO
2159,2029-01-22,22,1,Enero,1,2029,VENCIMIENTO
2160,2029-01-23,23,1,Enero,1,2029,VENCIMIENTO
2161,2029-01-24,24,1,Enero,1,2029,VENCIMIENTO
2162,2029-01-25,25,1,Enero,1,2029,VENCIMIENTO
2163,2029-01-26,26,1,Enero,1,2029,VENCIMIENTO
2164,2029-01-27,27,1,Enero,1,2029,VENCIMIENTO
2165,2029-01-28,28,1,Enero,1,2029,VENCIMIENTO
2166,2029-01-29,29,1,Enero,1,2029,VENCIMIENTO
2167,2029-01-30,30,1,Enero,1,2029,VENCIMIENTO
2168,2029-01-31,31,1,Enero,1,2029,VENCIMIENTO
2169,2029-02-01,1,2,Febrero,1,2029,VENCIMIENTO
2170,2029-02-02,2,2,Febrero,1,2029,VENCIMIENTO
2171,2029-02-03,3,2,Febrero,1,2029,VENCIMIENTO
2172,2029-02-04,4,2,Febrero,1,2029,VENCIMIENTO
2173,2029-02-05,5,2,Febrero,1,2029,VENCIMIENTO
2174,2029-02-06,6,2,Febrero,1,2029,VENCIMIENTO
2175,2029-02-07,7,2,Febrero,1,2029,VENCIMIENTO
2176,2029-02-08,8,2,Febrero,1,2029,VENCIMIENTO
2177,2029-02-09,9,2,Febrero,1,2029,VENCIMIENTO
2178,2029-02-10,10,2,Febrero,1,2029,VENCIMIENTO
2179,2029-02-11,11,2,Febrero,1,2029,VENCIMIENTO
2180,2029-02-12,12,2,Febrero,1,2029,VENCIMIENTO
2181,2029-02-13,13,2,Febrero,1,2029,VENCIMIENTO
2182,2029-02-14,14,2,Febrero,1,2029,VENCIMIENTO
2183,2029-02-15,15,2,Febrero,1,2029,VENCIMIENTO
2184,2029-02-16,16,2,Febrero,1,2029,VENCIMIENTO
2185,2029-02-17,17,2,Febrero,1,2029,VENCIMIENTO
2186,2029-02-18,18,2,Febrero,1,2029,VENCIMIENTO
2187,2029-02-19,19,2,Febrero,1,2029,VENCIMIENTO
2188,2029-02-20,20,2,Febrero,1,2029,VENCIMIENTO
2189,2029-02-21,21,2,Febrero,1,2029,VENCIMIENTO
2190,2029-02-22,22,2,Febrero,1,2029,VENCIMIENTO
2191,2029-02-23,23,2,Febrero,1,2029,VENCIMIENTO
2192,2029-02-24,24,2,Febrero,1,2029,VENCIMIENTO
2193,2029-02-25,25,2,Febrero,1,2029,VENCIMIENTO
2194,2029-02-26,26,2,Febrero,1,2029,VENCIMIENTO
2195,2029-02-27,27,2,Febrero,1,2029,VENCIMIENTO
2196,2029-02-28,28,2,Febrero,1,2029,VENCIMIENTO
2197,2029-03-01,1,3,Marzo,1,2029,VENCIMIENTO
2198,2029-03-02,2,3,Marzo,1,2029,VENCIMIENTO
2199,2029-03-03,3,3,Marzo,1,2029,VENCIMIENTO
2200,2029-03-04,4,3,Marzo,1,2029,VENCIMIENTO
2201,2029-03-05,5,3,Marzo,1,2029,VENCIMIENTO
2202,2029-03-06,6,3,Marzo,1,2029,VENCIMIENTO
2203,2029-03-07,7,3,Marzo,1,2029,VENCIMIENTO
2204,2029-03-08,8,3,Marzo,1,2029,VENCIMIENTO
2205,2029-03-09,9,3,Marzo,1,2029,VENCIMIENTO
2206,2029-03-10,10,3,Marzo,1,2029,VENCIMIENTO
2207,2029-03-11,11,3,Marzo,1,2029,VENCIMIENTO
2208,2029-03-12,12,3,Marzo,1,2029,VENCIMIENTO
2209,2029-03-13,13,3,Marzo,1,2029,VENCIMIENTO
2210,2029-03-14,14,3,Marzo,1,2029,VENCIMIENTO
2211,2029-03-15,15,3,Marzo,1,2029,VENCIMIENTO
2212,2029-03-16,16,3,Marzo,1,2029,VENCIMIENTO
2213,2029-03-17,17,3,Marzo,1,2029,VENCIMIENTO
2214,2029-03-18,18,3,Marzo,1,2029,VENCIMIENTO
2215,2029-03-19,19,3,Marzo,1,2029,VENCIMIENTO
2216,2029-03-20,20,3,Marzo,1,2029,VENCIMIENTO
2217,2029-03-21,21,3,Marzo,1,2029,VENCIMIENTO
2218,2029-03-22,22,3,Marzo,1,2029,VENCIMIENTO
2219,2029-03-23,23,3,Marzo,1,2029,VENCIMIENTO
2220,2029-03-24,24,3,Marzo,1,2029,VENCIMIENTO
2221,2029-03-25,25,3,Marzo,1,2029,VENCIMIENTO
2222,2029-03-26,26,3,Marzo,1,2029,VENCIMIENTO
2223,2029-03-27,27,3,Marzo,1,2029,VENCIMIENTO
2224,2029-03-28,28,3,Marzo,1,2029,VENCIMIENTO
2225,2029-03-29,29,3,Marzo,1,2029,VENCIMIENTO
2226,2029-03-30,30,3,Marzo,1,2029,VENCIMIENTO
2227,2029-03-31,31,3,Marzo,1,2029,VENCIMIENTO
2228,2029-04-01,1,4,Abril,2,2029,VENCIMIENTO
2229,2029-04-02,2,4,Abril,2,2029,VENCIMIENTO
2230,2029-04-03,3,4,Abril,2,2029,VENCIMIENTO
2231,2029-04-04,4,4,Abril,2,2029,VENCIMIENTO
2232,2029-04-05,5,4,Abril,2,2029,VENCIMIENTO
2233,2029-04-06,6,4,Abril,2,2029,VENCIMIENTO
2234,2029-04-07,7,4,Abril,2,2029,VENCIMIENTO
2235,2029-04-08,8,4,Abril,2,2029,VENCIMIENTO
2236,2029-04-09,9,4,Abril,2,2029,VENCIMIENTO
2237,2029-04-10,10,4,Abril,2,2029,VENCIMIENTO
2238,2029-04-11,11,4,Abril,2,2029,VENCIMIENTO
2239,2029-04-12,12,4,Abril,2,2029,VENCIMIENTO
2240,2029-04-13,13,4,Abril,2,2029,VENCIMIENTO
2241,2029-04-14,14,4,Abril,2,2029,VENCIMIENTO
2242,2029-04-15,15,4,Abril,2,2029,VENCIMIENTO
2243,2029-04-16,16,4,Abril,2,2029,VENCIMIENTO
2244,2029-04-17,17,4,Abril,2,2029,VENCIMIENTO
2245,2029-04-18,18,4,Abril,2,2029,VENCIMIENTO
2246,2029-04-19,19,4,Abril,2,2029,VENCIMIENTO
2247,2029-04-20,20,4,Abril,2,2029,VENCIMIENTO
2248,2029-04-21,21,4,Abril,2,2029,VENCIMIENTO
2249,2029-04-22,22,4,Abril,2,2029,VENCIMIENTO
2250,2029-04-23,23,4,Abril,2,2029,VENCIMIENTO
2251,2029-04-24,24,4,Abril,2,2029,VENCIMIENTO
2252,2029-04-25,25,4,Abril,2,2029,VENCIMIENTO
2253,2029-04-26,26,4,Abril,2,2029,VENCIMIENTO
2254,2029-04-27,27,4,Abril,2,2029,VENCIMIENTO
2255,2029-04-28,28,4,Abril,2,2029,VENCIMIENTO
2256,2029-04-29,29,4,Abril,2,2029,VENCIMIENTO
2257,2029-04-30,30,4,Abril,2,2029,VENCIMIENTO
2258,2029-05-01,1,5,Mayo,2,2029,VENCIMIENTO
2259,2029-05-02,2,5,Mayo,2,2029,VENCIMIENTO
2260,2029-05-03,3,5,Mayo,2,2029,VENCIMIENTO
2261,2029-05-04,4,5,Mayo,2,2029,VENCIMIENTO
2262,2029-05-05,5,5,Mayo,2,2029,VENCIMIENTO
2263,2029-05-06,6,5,Mayo,2,2029,VENCIMIENTO
2264,2029-05-07,7,5,Mayo,2,2029,VENCIMIENTO
2265,2029-05-08,8,5,Mayo,2,2029,VENCIMIENTO
2266,2029-05-09,9,5,Mayo,2,2029,VENCIMIENTO
2267,2029-05-10,10,5,Mayo,2,2029,VENCIMIENTO
2268,2029-05-11,11,5,Mayo,2,2029,VENCIMIENTO
2269,2029-05-12,12,5,Mayo,2,2029,VENCIMIENTO
2270,2029-05-13,13,5,Mayo,2,2029,VENCIMIENTO
2271,2029-05-14,14,5,Mayo,2,2029,VENCIMIENTO
2272,2029-05-15,15,5,Mayo,2,2029,VENCIMIENTO
2273,2029-05-16,16,5,Mayo,2,2029,VENCIMIENTO
2274,2029-05-17,17,5,Mayo,2,2029,VENCIMIENTO
2275,2029-05-18,18,5,Mayo,2,2029,VENCIMIENTO
2276,2029-05-19,19,5,Mayo,2,2029,VENCIMIENTO
2277,2029-05-20,20,5,Mayo,2,2029,VENCIMIENTO
2278,2029-05-21,21,5,Mayo,2,2029,VENCIMIENTO
2279,2029-05-22,22,5,Mayo,2,2029,VENCIMIENTO
2280,2029-05-23,23,5,Mayo,2,2029,VENCIMIENTO
2281,2029-05-24,24,5,Mayo,2,2029,VENCIMIENTO
2282,2029-05-25,25,5,Mayo,2,2029,VENCIMIENTO
2283,2029-05-26,26,5,Mayo,2,2029,VENCIMIENTO
2284,2029-05-27,27,5,Mayo,2,2029,VENCIMIENTO
2285,2029-05-28,28,5,Mayo,2,2029,VENCIMIENTO
2286,2029-05-29,29,5,Mayo,2,2029,VENCIMIENTO
2287,2029-05-30,30,5,Mayo,2,2029,VENCIMIENTO
2288,2029-05-31,31,5,Mayo,2,2029,VENCIMIENTO
2289,2029-06-01,1,6,Junio,2,2029,VENCIMIENTO
2290,2029-06-02,2,6,Junio,2,2029,VENCIMIENTO
2291,2029-06-03,3,6,Junio,2,2029,VENCIMIENTO
2292,2029-06-04,4,6,Junio,2,2029,VENCIMIENTO
2293,2029-06-05,5,6,Junio,2,2029,VENCIMIENTO
2294,2029-06-06,6,6,Junio,2,2029,VENCIMIENTO
2295,2029-06-07,7,6,Junio,2,2029,VENCIMIENTO
2296,2029-06-08,8,6,Junio,2,2029,VENCIMIENTO
2297,2029-06-09,9,6,Junio,2,2029,VENCIMIENTO
2298,2029-06-10,10,6,Junio,2,2029,VENCIMIENTO
2299,2029-06-11,11,6,Junio,2,2029,VENCIMIENTO
2300,2029-06-12,12,6,Junio,2,2029,VENCIMIENTO
2301,2029-06-13,13,6,Junio,2,2029,VENCIMIENTO
2302,2029-06-14,14,6,Junio,2,2029,VENCIMIENTO
2303,2029-06-15,15,6,Junio,2,2029,VENCIMIENTO
2304,2029-06-16,16,6,Junio,2,2029,VENCIMIENTO
2305,2029-06-17,17,6,Junio,2,2029,VENCIMIENTO
2306,2029-06-18,18,6,Junio,2,2029,VENCIMIENTO
2307,2029-06-19,19,6,Junio,2,2029,VENCIMIENTO
2308,2029-06-20,20,6,Junio,2,2029,VENCIMIENTO
2309,2029-06-21,21,6,Junio,2,2029,VENCIMIENTO
2310,2029-06-22,22,6,Junio,2,2029,VENCIMIENTO
2311,2029-06-23,23,6,Junio,2,2029,VENCIMIENTO
2312,2029-06-24,24,6,Junio,2,2029,VENCIMIENTO
2313,2029-06-25,25,6,Junio,2,2029,VENCIMIENTO
2314,2029-06-26,26,6,Junio,2,2029,VENCIMIENTO
2315,2029-06-27,27,6,Junio,2,2029,VENCIMIENTO
2316,2029-06-28,28,6,Junio,2,2029,VENCIMIENTO
2317,2029-06-29,29,6,Junio,2,2029,VENCIMIENTO
2318,2029-06-30,30,6,Junio,2,2029,VENCIMIENTO
2319,2029-07-01,1,7,Julio,3,2029,VENCIMIENTO
2320,2029-07-02,2,7,Julio,3,2029,VENCIMIENTO
2321,2029-07-03,3,7,Julio,3,2029,VENCIMIENTO
2322,2029-07-04,4,7,Julio,3,2029,VENCIMIENTO
2323,2029-07-05,5,7,Julio,3,2029,VENCIMIENTO
2324,2029-07-07,7,7,Julio,3,2029,VENCIMIENTO
2325,2029-07-08,8,7,Julio,3,2029,VENCIMIENTO
2326,2029-07-09,9,7,Julio,3,2029,VENCIMIENTO
2327,2029-07-10,10,7,Julio,3,2029,VENCIMIENTO
2328,2029-07-11,11,7,Julio,3,2029,VENCIMIENTO
2329,2029-07-12,12,7,Julio,3,2029,VENCIMIENTO
2330,2029-07-13,13,7,Julio,3,2029,VENCIMIENTO
2331,2029-07-16,16,7,Julio,3,2029,VENCIMIENTO
2332,2029-07-17,17,7,Julio,3,2029,VENCIMIENTO
2333,2029-07-18,18,7,Julio,3,2029,VENCIMIENTO
2334,2029-07-19,19,7,Julio,3,2029,VENCIMIENTO
2335,2029-07-21,21,7,Julio,3,2029,VENCIMIENTO
2336,2029-07-22,22,7,Julio,3,2029,VENCIMIENTO
2337,2029-07-23,23,7,Julio,3,2029,VENCIMIENTO
2338,2029-07-24,24,7,Julio,3,2029,VENCIMIENTO
2339,2029-07-25,25,7,Julio,3,2029,VENCIMIENTO
2340,2029-07-26,26,7,Julio,3,2029,VENCIMIENTO
2341,2029-07-27,27,7,Julio,3,2029,VENCIMIENTO
2342,2029-07-28,28,7,Julio,3,2029,VENCIMIENTO
2343,2029-07-29,29,7,Julio,3,2029,VENCIMIENTO
2344,2029-07-30,30,7,Julio,3,2029,VENCIMIENTO
2345,2029-09-10,10,9,Septiembre,3,2029,VENCIMIENTO
2346,2029-09-18,18,9,Septiembre,3,2029,VENCIMIENTO
2347,2029-09-30,30,9,Septiembre,3,2029,VENCIMIENTO
2348,2029-10-31,31,10,Octubre,4,2029,VENCIMIENTO
2349,2030-03-23,23,3,Marzo,1,2030,VENCIMIENTO
2350,2030-07-13,13,7,Julio,3,2030,VENCIMIENTO
2351,2030-09-08,8,9,Septiembre,3,2030,VENCIMIENTO
2352,2030-11-30,30,11,Noviembre,4,2030,VENCIMIENTO
2353,2031-01-05,5,1,Enero,1,2031,VENCIMIENTO
2354,2031-01-26,26,1,Enero,1,2031,VENCIMIENTO
2355,2031-03-12,12,3,Marzo,1,2031,VENCIMIENTO
2356,2031-04-05,5,4,Abril,2,2031,VENCIMIENTO
2357,2031-04-14,14,4,Abril,2,2031,VENCIMIENTO
2358,2031-08-06,6,8,Agosto,3,2031,VENCIMIENTO
2359,2031-10-08,8,10,Octubre,4,2031,VENCIMIENTO
2360,2031-10-21,21,10,Octubre,4,2031,VENCIMIENTO
2361,2031-10-22,22,10,Octubre,4,2031,VENCIMIENTO
2362,2031-10-29,29,10,Octubre,4,2031,VENCIMIENTO
2363,2031-12-03,3,12,Diciembre,4,2031,VENCIMIENTO
2364,2031-12-07,7,12,Diciembre,4,2031,VENCIMIENTO
2365,2032-05-26,26,5,Mayo,2,2032,VENCIMIENTO
2366,2032-07-11,11,7,Julio,3,2032,VENCIMIENTO
2367,2034-06-23,23,6,Junio,2,2034,VENCIMIENTO
2368,2038-04-06,6,4,Abril,2,2038,VENCIMIENTO
